Tanda,Empresa,Zona/Sede,Empleados,Sector,Tier,Por qué encaja,Señales,Fuentes
1,CMZ,Zaldibar (Bizkaia),253,Tornos CNC (máquina-herramienta),A,"Fabricante de tornos CNC, exportador, venta directa con filiales propias y universo amplio de compradores. En plena expansión internacional activa.",Crea CMZ USA en 2025 (1ª filial fuera de Europa) | Compra terreno en Coventry (UK) para nueva filial y crece en Francia (2026) | 8ª planta en Berriz (22.000 m²) para llegar a 1.000 máquinas/año,https://www.cmz.com/en/about-us/ | https://www.cmz.com/en/dream-to-build/
1,ULMA Packaging,Oñati (Gipuzkoa),894,Maquinaria de envasado,A,"Bien de equipo para envasado, compradores muy amplios (alimentación, médico, FMCG) en todo el mundo, venta directa con filiales. Expansión por M&A y nuevas filiales.",Abre filial propia en Dubái (Oriente Medio) y en Tailandia/Colombia | Adquiere PackDesign AB (Suecia) en dic-2024 | Nueva planta de automatización (2025),https://www.ulmapackaging.com/en/news/aggregator | https://techpress.es/actualidad/maquinaria-y-equipos/ulma-packaging-abre-nueva-filial-dubai-estara-gulfood-manufacturing-AN16934150
1,Mondragon Assembly,Aretxabaleta (Gipuzkoa),266,Automatización / líneas de ensamblaje,A,"Líneas de automatización llave en mano (solar, batería, médico) a fabricantes de todo el mundo. Venta directa por proyecto, ticket alto, ciclo largo. Fuerte actividad de M&A.",Adquiere el 60% de la china QHD (2025) y absorbe el negocio solar de Gorosabel | Nueva línea PV para Brite Solar en Grecia; adquisición de ATP Engineering & Packaging | Nueva línea automática PV de +150 MW,https://www.mondragon-assembly.com/category/news/ | https://www.tulankide.com/en/mondragon-assembly-acquires-60-of-the-capital-of-the-asian-company-qhd-visual-automationequipment
1,DANOBAT,Elgoibar (Gipuzkoa),397,Máquina-herramienta y ferroviario,A,"Marca operativa del grupo Danobat: torneado, rectificado, ferroviario y fabricación aditiva. 90% exportación, red comercial propia, compradores amplios.",Adquiere la estadounidense Delta Wheel Truing Solutions (2025) para reforzar el mercado ferroviario en EE.UU. | Nuevos pedidos ferroviarios en Luxemburgo y Sídney | Grupo en récord de €344M (2024),https://www.danobat.com/en/news/danobat-strengthens-its-position-us-rail-market-strategic-acquisition-delta-wheel-truing | https://www.danobatgroup.com/en/press-releases/danobatgroup-sets-a-new-turnover-record-of-344-m-in-2024
1,Fagor Automation,Eskoriatza (Gipuzkoa),318,CNC y sistemas de feedback,A,"Cliente de referencia del ICP. CNC y encoders a fabricantes de máquina y usuarios finales en todo el mundo; venta directa, ticket alto, ciclo largo.","Plan Estratégico 2025-2028: diversificación y objetivo >€100M en 2028 | Abre nuevos mercados en Japón, Corea y Taiwán; foco en China y EE.UU. | Inversiones en Eskoriatza 2024-2025 y nuevo Smart Encoder System",https://www.fagor.eus/es/fagor-automation-se-abre-a-nuevos-horizontes/ | https://www.fagorautomation.com/en/news
1,GHI Smart Furnaces,Galdakao (Bizkaia),159,Hornos y plantas (reciclaje aluminio),A,"Hornos y plantas llave en mano para reciclaje de aluminio; 97% exportación, venta directa con oficinas propias y compradores amplios. Momento de crecimiento muy fuerte.","Abre oficinas propias en EE.UU., México y Brasil; primeras plantas entregadas en EE.UU. (Illinois y Texas) en 2025 | ~€54M (2024) → rozar €60M en 2025, facturación triplicada 2016-2024 | Blueprint Estratégico 2025-2027 y entrada en Brasil (Metalurgia 2025)",https://www.ghifurnaces.com/our-purpose/ | https://www.empresaxxi.com/post/sus-soluciones-integrales-para-el-reciclaje-de-aluminio-disparan-su-facturacion-que-este-ano-rozara-los-60-millones-de-euros-y-procede-en-un-97-del-exterior
1,Koxka,Pamplona (Navarra),151,Refrigeración comercial,A,"Refrigeración comercial llave en mano, capital español, exporta con filiales propias (México, Oriente Medio) a multitud de retailers. Momento de expansión inmejorable.","Sherpa Capital compra el 86% (nov-2025) con objetivo de DUPLICAR tamaño en 3-4 años (>€100M antes de 2028) | Plan de +200 empleos 2025-2026 y +20% previsto en 2026 | Nueva delegación Koxka Sur (Cádiz) y €2,5M en la planta de Landaben",https://koxka.com/en/business-units/ | https://www.noticiasdenavarra.com/economia/2025/11/06/sherpa-capital-compra-86-navarra-koxka-10310165.html
1,OJMAR,Elgoibar (Gipuzkoa),66,Sistemas de cierre inteligentes,A,"Cliente de referencia del ICP. Cerraduras inteligentes para taquillas/retail; 73-75% exportación, red comercial propia, compradores muy amplios.",Abre oficina comercial propia en Benelux (sept-2024) y planifica Oriente Medio (2025) | €22M en 2024 (+10%); objetivo de pasar EE.UU. del 20% al 30% de ventas | Nuevo producto OTS Batteryless (cerradura sin pilas) premiado internacionalmente,https://www.spri.eus/es/teics-comunicacion/exito-ojmar-lider-mundial-sistemas-inteligentes-cerraduras-taquillas/ | https://ojmar.com/en/company/story/
1,IBARMIA,Azkoitia (Gipuzkoa),118,Centros de mecanizado CNC,A,"Centros de mecanizado de alto valor; exporta 85-95% con personal comercial propio por país (""Ibarmia Extended""). Ticket alto, ciclo largo, compradores amplios.",Consolida su hub productivo en Qingdao (China) como base para Asia (2024-2025) | Joint venture con la sueca Modig Machine Tool y nuevas líneas de producto | Entrada estratégica en aeronáutica y apertura del mercado mexicano,https://www.spri.eus/es/internacionalizacion-comunicacion/ibarmia-planea-crecer-implantacion-china-abrirse-mercado-mexicano/ | https://www.ibarmia.com/en/ibarmia/
1,GH Cranes & Components,Beasain (Gipuzkoa),425,Grúas y sistemas de elevación,A,"Grúas industriales a plantas de todo el mundo (70+ países); venta directa con filiales en 15 países y 10 plantas. Compradores amplios, ticket alto.","Crea GH Saudi (nueva filial en Oriente Medio, 2025) | Refuerza su posición en EE.UU. con respaldo de COFIDES | Presente en CeMAT Shanghái 2025",https://www.cofides.es/en/noticias/notas-de-prensa/gh-cranes-components-strengthens-its-foothold-us-market-backing-cofides | https://www.ghcranes.com/en/
1,Pasaban,Tolosa (Gipuzkoa),72,Cortadoras/bobinadoras (papel),A,"Bienes de equipo a medida para papel/cartón y papel de seguridad; exporta +95% a los cinco continentes. Industrial exportador clásico, en expansión.","Adquiere A&F Holdings (Pensilvania, EE.UU.) en mar-2024 para reforzar el mercado americano | Plan 2025-2026 de crecer en México y Canadá y reforzar Finlandia/Austria | Récord de facturación >€45M en 2024",https://www.pasaban.com/en-US/who-we-are | https://cronicavasca.elespanol.com/empresas/20250113/pasaban-la-empresa-industria-carton-inicia-facturacion/915158556_0.html
1,Biele Group,Azpeitia (Gipuzkoa),188,Líneas automáticas / plantas llave en mano,A,"Diseña y monta líneas automáticas y fábricas llave en mano (madera, metal, packaging); exporta 95% a 50+ países con oficinas propias en EE.UU. y China.","Adquiere la alemana KBD Automation (Colonia) en oct-2024 para reforzar Europa Central | Crecimiento de ~€75M (2022) a ~€100M, 95% exportación | Ampliación de planta en Azpeitia (nuevo pabellón ~4.000 m²)",https://biele.com/about-us/ | https://biele.com/biele-group/biele-usa/
1,SALTO Systems,Oiartzun (Gipuzkoa),1000,Control de acceso electrónico,A,"Control de acceso/cerraduras inteligentes a un universo amplísimo (hoteles, oficinas, educación) en 40+ países; venta directa con filiales. Escala-up internacional.",Abre nueva unidad de negocio en Lituania (2025) | Lanza la cerradura biométrica XS4 en Norteamérica; 4 productos nuevos | €430M de ventas; ecosistema Salto+Gantner+Vintia,https://saltosystems.com/en/news/salto-strengthening-smart-access-technology-growing-asia-pacific-region/ | https://memoori.com/salto-systems-beyond-access-control-4-investments/
1,Geminis Lathes,Urretxu (Gipuzkoa),63,Tornos CNC de gran tamaño,A,"Tornos CNC y multiproceso de gran capacidad; 95% exportación (Alemania, EE.UU.), venta a sectores muy variados. Crecimiento fuerte y empuje internacional.",Refuerza posición en India y EE.UU. (mercados estratégicos) en 2025 | +20% de negocio previsto en 2025; EBITDA +34% y beneficio +77% en 2024 | Diversificación hacia máquina-herramienta de gran tamaño,https://www.spri.eus/es/blog/internacionalizacion-comunicacion/geminis-lathes-busca-consolidarse-en-mercados-estrategicos-como-estados-unidos-e-india/ | https://www.estrategia.net/noticias/la-captacion-de-nuevos-proyectos-catapulta-a-geminis-lathes-que-en-2025-incrementara-su-negocio-un-20
1,ZAYER,Vitoria-Gasteiz (Álava),115,Fresadoras y centros de mecanizado,A,"Fresadoras y centros de mecanizado; exporta +70% a 40+ países con oficinas propias en Italia, Brasil y China. Compradores amplios (aero, ferroviario, eólica, moldes).",Lanza la nueva fresadora gantry ALTEA W en EMO Hannover 2025 | Colaboración con Mitsubishi Electric para entrar en EE.UU. | Nuevo distribuidor en Turquía; oficinas propias en Italia/Brasil/China,https://www.zayer.com/en/company | https://es.linkedin.com/company/zayer-s-a-
1,SORALUCE,Bergara (Gipuzkoa),210,"Fresado, mandrinado y multitarea",A,"Marca operativa del grupo Danobat: máquina de gran dimensión (fresado/mandrinado). Exportador, venta directa, compradores amplios. Año récord y nueva capacidad.",Inaugura nueva planta de montaje y amplía a 30.000 m²; invierte +€15M | Adquiere la división de fresadoras puente de CMI (Durango) | Arranca 2026 con expectativa de récord apoyada en automatización inteligente,https://www.danobatgroup.com/es/noticias/inauguracion-institucional-de-la-nueva-planta-de-montaje-de-soraluce-de-la-mano-del-lehendakari-inigo-urkullu | https://www.empresaxxi.com/post/soraluce-se-lanza-a-por-un-nuevo-ano-record
1,ABC Compressors,Eibar (Gipuzkoa),205,Compresores industriales de gran tamaño,A,"Compresores de gran tamaño para PET, gas, biogás e hidrógeno; exporta 90% a 120 países con servicio técnico propio en 60. Compradores amplios (envasadores, gas).","Crecimiento en hidrógeno y biogás (nuevos mercados verdes) | Plantas propias en China y Brasil; oficinas en India y EE.UU. | Clientes globales tipo Coca-Cola, Nestlé, Danone",https://www.abc-compressors.com/en/ | https://empresaexterior.com/art/81455/abc-compressors-uno-de-los-lideres-mundiales-en-compresores-que-llega-a-120-paises
1,Fagor Arrasate,Arrasate/Mondragón (Gipuzkoa),535,Prensas y líneas de conformado,A,"Prensas y líneas de corte/conformado de metal a un universo amplio (automoción, electrodoméstico, siderurgia, mueble metálico) con plantas de servicio en 7 países.","Refuerza México (12% de su facturación) con nuevas líneas (p.ej. Ternium) | Premio de Hisense Europe como mejor proveedor (ene-2025) | Plantas de servicio en España, Alemania, EE.UU., China, México, Brasil y Turquía",https://fagorarrasate.com/es/ | https://www.tulankide.com/es/fagor-arrasate-suministra-lineas-de-corte-de-acero-a-la-mexicana-ternium
1,ONA EDM,Durango (Bizkaia),89,Máquinas de electroerosión (EDM),A,"Líder europeo en electroerosión; 80-90% exportación a 60+ países con filiales y country managers propios. Compradores amplios (moldes, turbinas, aeronáutica, EV).","Su filial en China bate récords impulsada por vehículo eléctrico y aeronáutica (2026) | Country managers propios en Portugal, India, etc. | +15.000 máquinas instaladas; ~20% de plantilla en I+D",https://onaedm.com/onaedm/ | https://www.spri.eus/es/blog/teics-comunicacion/ona-primer-fabricante-de-maquinas-de-electroerosion-en-la-union-europea/
1,Azkoyen Group,Peralta (Navarra),277,"Vending, medios de pago e IoT",B,"Máquinas de vending/café y tecnologías de pago e IoT a un universo amplio en 100+ países; venta directa, crecimiento sostenido.",Crea la nueva sociedad Azkoyen Vending & Payment Solutions (oct-2025) | Facturación €211M (+6%) en 2025; división de pagos/IoT lidera el crecimiento | Presencia en más de 100 países (Alemania 31% de ventas),https://www.azkoyen.com/en/press/ | https://www.azkoyen.com/en/prensa/azkoyen-group-increases-its-turnover-by-6-reaching-211-million-euros/
1,EGA Master,Vitoria-Gasteiz (Álava),105,Herramienta profesional premium,B,"Herramienta industrial premium a 150+ países con filiales propias en 10. Compradores muy amplios (industria, aeronáutica, energía); modelo híbrido directo+distribuidor.","Gana cuentas aeronáuticas globales en 2025 (Jet Aviation, Riyadh Air, MRO) | Filiales propias en 10 países + representación en Singapur para Asia | Solución 4.0 EGAWARE (control RFID) que sube ticket y alarga ciclo",https://www.egamaster.com/en/presentation | https://www.egamaster.com/en
1,Salva Industrial,Lezo (Gipuzkoa),133,Hornos y maquinaria de panadería,B,"Hornos y maquinaria de panadería/pastelería; exporta 70% a 100+ países con filiales propias (Francia, UK, Dubái, México). Industrial exportador clásico.","Nuevo contrato con Tesco (Reino Unido) y apertura de la Salva Academy | Filiales/delegaciones propias en Francia, Oriente Medio, UK y México | Lanzamientos de producto (hornos Solaris y Kwik-co Pro-Wash)",https://www.salva.es/en/sales-network | https://www.salva.es/en/about-us
1,Goizper Group,Antzuola (Gipuzkoa),133,Transmisión de potencia y pulverización,B,"Componentes de transmisión (embragues/frenos/mesas indexadas) y pulverización; 80% exportación, 14 filiales propias. Fase declarada de desarrollo internacional.","Reto estratégico de ganar cuota en EE.UU., Brasil, India, China | 14 filiales propias + planta en China; ventas en 100+ países | Nuevo CEO (Iñaki Madina): posible nueva etapa de impulso",https://www.goizperindustry.com/en/goizper-group | https://www.goizperclutches.com/en-el-mundo/en
1,Focke Meler Gluing Solutions,Arazuri (Navarra),126,Sistemas de aplicación de adhesivos,B,"Sistemas hot-melt de aplicación de adhesivos; diseña/fabrica en España y exporta 70-80% con filiales propias. Universo amplio (packaging, higiene, automoción, madera).","Facturación del grupo +23,4% en 2024 (~€35M); plantilla de Arazuri +15% | Nuevo melter Micron+Eco en 2025 (-48% de consumo) | Plan 2020-2025: triplicar producción hasta €50M; filiales creciendo a doble dígito",https://www.meler.eu/meler/meler-in-the-world/ | https://www.meler.eu/
1,INSERTEC,Galdakao (Bizkaia),290,Hornos y refractarios industriales,B,"Hornos industriales y refractarios para siderurgia/aluminio/fundición; grupo internacional con filiales en Italia, Brasil, México y China, suministra a 25+ países.","Grupo presente en 8 países con filiales propias (Italia, Brasil, México, China) | Suministra a clientes de más de 25 países en todos los continentes | Doble división (hornos + refractarios) con base en Bizkaia",https://www.insertec.biz/about-insertec/ | https://www.linkedin.com/company/insertec---ingenieria-y-servicios-tecnicos-s-a/
2,Pronutec,Basque,93,"Appliances, Electrical, and Electronics Manufacturing",A,"Fabricante vasco de bienes de equipo eléctrico (cuadros BT/switchgear) de 93 empleados, en el sweet spot del ICP, presente en +70 países con +2.420 clientes finales (universo amplísimo y sin concentración). Filiales comerciales propias del grupo Gorlan (Germany, Polska, India, China, Suiza) confirman venta directa internacional real, y la entrada en automatización BT y EV charging marca expansión activa de cartera.","+70 países y +2.420 clientes finales (universo amplio, no concentrado) | Filiales comerciales propias: Gorlan Germany, Polska, India, China, Pronutec AG Suiza (venta directa) | Departamento de export propio con representantes por región (Europa, APAC, Latam) | Entrada en automatización BT en 2024 (expansión de cartera) | Lanzamiento gama EV charging stations en 2023 (diversificación a nuevos sectores) | 93 empleados (sweet spot 80-150)",https://pronutec.gorlan.com/en/company/ | https://pronutec.gorlan.com/en/sales-representatives/export/ | https://gorlan.com/en/ | https://es.linkedin.com/company/pronutec
2,GEKA,Basque,70,Machinery Manufacturing,A,"Fabricante vasco independiente (1919) de maquinaria de ticket alto para construcción metálica y torres, exportador puro con clientes directos en +50 países y universo amplísimo de fabricantes de estructura metálica en todo el mundo. La apertura de GEKA USA (filial propia) en 2024, el Plan Estratégico 2024-2026 y la adquisición de tecnología BOHRMAX marcan un momento de expansión muy activo con desarrollo directo de mercado.","Apertura de GEKA USA, filial propia en Norteamérica (desarrollo directo sin distribuidores) | Presencia en 50 países con agentes y clientes directos (EEUU, Canadá, Arabia Saudí, Kazajistán, México…) | Plan Estratégico 2024-2026: inversión para ampliar capacidad y plantilla | Adquisición de tecnología BOHRMAX de Bauer en 2024 (diversificación de cartera) | División Automation CNC como nuevo driver de negocio | Clientes de referencia directos: Nucor, Canam Steel, Al-Ashoury, KAZ-Energo",https://www.geka-world.com/fileadmin/user_upload/presse/PDF/expansion_2024.pdf | https://www.geka-group.com/ | https://www.empresaxxi.com/mev-cuadro-de-honor/geka-aprovecha-su-marca-centenaria-para-diversificar-y-expandirse | https://www.afm.es/en/companies/members/geka-2 | https://www.eximpedia.app/companies/maquinaria-geka-s-l-u/95796530
2,NBI Bearings Europe,Basque,71,Machinery Manufacturing,A,"Fabricante vasco de rodamientos de precisión con diseño y producción propios, presente en +50 países con equipos de venta propios en 15+ países (>25 personas en ventas), lo que confirma desarrollo directo sin distribuidores. Vende a fabricantes de maquinaria de múltiples sectores (universo amplio), con ciclo técnico largo, y muestra señales de expansión recientes en Brasil e India.","+50 países con equipos de venta propios en 15+ países y >25 comerciales | Expansión activa en Brasil como mercado prioritario en Latinoamérica | Planta en Ahmedabad (India) añadiendo tercer turno por demanda de exportación | Producto propio con diseño + producción in-house (ciclo largo con ingeniería) | Grupo NBI con 8 plantas en Europa y Asia | Cotiza en BME Growth (empresa española de origen vasco, no filial extranjera)",https://gruponbi.com/en/ | https://www.bmegrowth.es/esp/Ficha/NBI_BEARINGS_EUROPE_ES0105062022.aspx | https://www.marketscreener.com/quote/stock/NBI-BEARINGS-EUROPE-S-A-111616000/company/ | https://www.marketscreener.com/quote/stock/NBI-BEARINGS-EUROPE-S-A-111616000/company-group/
2,LemuGroup,Basque,62,Industrial Machinery Manufacturing,A,"Fabricante vasco de maquinaria de converting a medida (ticket alto, ciclo largo) con vocación exportadora probada: ha creado LemuGroup America (filial propia USA/Canadá) y adquirido CEI en Montana, alcanzando 5 centros de producción en 3 países. Vende a imprentas, convertidores y fabricantes de etiquetas/packaging en todo el mundo, un universo de compradores amplio en 7 mercados objetivos.","Creación de LemuGroup America, filial propia USA/Canadá (venta directa) | Adquisición de Converting Equipment International (Montana, USA) — expansión inorgánica reciente | 5 centros de producción en 3 países tras integrar la italiana ErreGiElle | Presencia en drupa (feria mundial de referencia) | 7 mercados objetivos (Labels, Packaging, POS-Lottery, Baking paper…) | +60 años y +120 instalaciones documentadas",https://www.labelsandlabeling.com/labels/news/ma/lemugroup-strengthens-global-presence-us-plant | https://www.labelsandlabeling.com/news/finishing-and-embellishment/lemugroup-america-established-promote-growth-key-market | https://www.labelandnarrowweb.com/company-profile/lemu-group-usa/ | https://www.lemugroup.com/ | https://www.erregielle.it/en/lemu/
2,"GRUPO MIESA | Ingeniería, Montaje, Mantenimiento",Basque,65,Automation Machinery Manufacturing,A,"Empresa vizcaína de automatización e instrumentación industrial con filiales propias en México, Ecuador y República Dominicana y proyectos en Tanzania y Argentina, internacionalización real con equipo propio fuera de España. Atiende oil&gas, química, farma, alimentación y energía (universo amplio), con proyectos a medida de ticket alto y ciclo largo, y un crecimiento del +29% en ventas en 2024 que marca buen momento.","Filiales propias en México, Ecuador y República Dominicana (desarrollo directo) | 82 empleados fuera de España | Proyectos internacionales: biocontención MPL/CL3 en Tanzania, proyectos en Argentina | Crecimiento de ventas +29% y resultados +92% en 2024 vs 2023 | Web en inglés con sección 'Miesa Internacional' dedicada | Sectores atendidos muy diversos (oil&gas, química, farma, alimentación, energía)",https://www.miesasa.com/en/miesa-internacional/ | https://www.spri.eus/es/blog/teics-comunicacion/miesa-la-empresa-vizcaina-que-ofrece-soluciones-integrales-y-a-medida-en-la-automatizacion-y-control-industrial/ | https://www.miesasa.com/en/miesa/clientes/ | https://www.miesasa.com/en/proyectos/
2,Lander Simulation & Training Solutions,Basque,129,"Appliances, Electrical, and Electronics Manufacturing",A,"Empresa industrial vasca (~118-129 empleados, sweet spot) exportadora real con +400 simuladores en 40 países, producto de alto ticket y ciclo largo a medida para operadores de transporte. Expansión activa en Asia y Europa con contrataciones de comerciales propios por región, aunque la dependencia parcial de representantes externos modera ligeramente el encaje.","+400 simuladores instalados en 40 países | Expansión activa en Asia: MRT Jakarta 2023, red de autoescuelas Singapur, SMRT Circle Line, Bangladesh Railways | Contrato en Europa anunciado (sept 2023) y proyecto en Leconfield (UK) | Contratación de comercial propio (Jorge Meré) para reforzar Sudeste Asiático | Presencia en InnoTrans (feria ferroviaria internacional de referencia) | ~118-129 empleados (sweet spot ICP)",https://www.spri.eus/es/blog/internacionalizacion-comunicacion/lander-simulation-desarrolla-tecnologia-que-forma-a-conductores-en-todo-el-mundo/ | https://www.landersimulation.com/en/news/landers-sales-team-takes-new-challenges | https://www.landersimulation.com/en/news/lander-simulation-training-solutions-innotrans | https://www.linkedin.com/posts/lander-simulation_lander-continues-to-find-success-in-europe-activity-7113460531612516352-8XQc | https://mafex.es/en/portfolio/lander-simulation-training/
2,Macarbox,Basque,64,Machinery Manufacturing,A,"Fabricante vasco (Gipuzkoa) de maquinaria industrial para cartón corrugado (líneas completas FFG/RDC), bienes de equipo de alto valor y ciclo largo, con universo amplio de fabricantes de packaging en todo el mundo. Vocación exportadora demostrada en CCE Munich 2025 y Monterrey (México); el único gap es no tener confirmado explícitamente un equipo de comerciales propios por país.","Expositor en CCE International Munich 2025 (feria global del corrugado) | Presencia en ACCCSA Monterrey (México) — entrada en mercado latinoamericano | Líneas completas de fabricación de alta complejidad (venta directa con ingeniería de preventa y postventa) | 64-101 empleados, capital >1M€ (sweet spot ICP) | Empresa propia vasca (Zestoa), no filial extranjera | Universo amplio: fabricantes de cajas/cartón corrugado y packaging en todo el mundo",https://www.macarbox.com/en | https://www.macarbox.com/en/products | https://www.linkedin.com/company/macarbox | https://www.pulpandpaper-technology.com/suppliers/macarbox-s-l-u | https://www.dnb.com/business-directory/company-profiles.macarbox_sl.289687ab09f2fe32ec97a8da4908ec15.html | https://www.einforma.com/informacion-empresa/macarbox
2,JMBGRUPO,Basque,234,Machinery Manufacturing,A,"Fabricante vasco de maquinaria industrial (sistemas de lavado de grandes flotas) de 234 empleados, con internacionalización acreditada vía JMB International y filial en Tailandia, y web/área de ventas en inglés. Producto de ticket medio-alto e instalación de proyecto (ciclo largo) con universo amplio: cualquier operador de flota pesada/ferroviaria del mundo, encajando en el patrón CMZ/Danobat/Ibarmia.","Entidad propia 'JMB International' (jmbinter.com) y filial 'JMB International Thailand' en LinkedIn | Web corporativa en inglés (jmbgrupo.com/en/) con sección JMB Sales dedicada | Universo de compradores global: flotas de transporte, ferroviarias, autobuses | 234 empleados (sweet spot ICP), Machinery Manufacturing | Producto de ticket medio-alto con instalación de proyecto y ciclo largo",https://www.jmbgrupo.com/en/ | https://www.jmbinter.com/ | https://www.linkedin.com/company/jmb-international-thailand | https://transporte3.com/noticia/14903-jmb-nuestros-monocepillos-se-adaptan-a-la-necesidades-de-cada-empresa/
2,EUN Creating Smart Spaces,Basque,64,Mechanical Or Industrial Engineering,B,"Empresa industrial vasca (Beasain, mismo ecosistema que clientes ICP validados) con producto propio, 50 años de trayectoria y presencia real en +80 países con filiales y comerciales internacionales propios (International Sales Manager, técnico Latam). Universo de compradores amplísimo (cualquier organización que gestione espacios); la única reserva es que su vertical de gestión de espacios es algo más blando que la maquinaria pura.","Presencia declarada en +80 países con clientes, alianzas e instalaciones propias | Filiales propias: EUN Sistemas, EUN Madrid, EUN México (venta directa) | International Sales Manager y técnico comercial Latam en plantilla | 50+ años con producto propio diseñado por ellos (no revende) | Universo amplio: empresas, hospitales, archivos, administraciones, industria | Empresa vasca de Beasain (Gipuzkoa), ecosistema de CMZ/Danobat/Ibarmia",https://www.eungroup.com/en/ | https://www.eungroup.com/en/about-us | http://www.eun.es/en/the-company | https://rocketreach.co/eun-creating-smart-spaces-eng-management_b437b7e6c1f33535 | https://www.apollo.io/companies/EUN-Creating-Smart-Spaces/54a11c1e69702d86b6e77b00
2,DORLET,Basque,76,"Appliances, Electrical, and Electronics Manufacturing",B,"Empresa vasca fabricante de hardware + software de control de accesos con filiales propias en París, Dubái y México, venta directa a infraestructuras críticas con ticket alto y ciclo largo, y universo de clientes amplio y diversificado (hospitales, banca, puertos, data centers). El encaje no es pleno porque la seguridad física es un vertical adyacente al perfil de maquinaria/bienes de equipo que mejor conoce Neety.","Filiales propias en París, Dubái y Ciudad de México (estructura directa) | Certificación ANSSI (Francia) en 2024 — habilita mercado francés de infraestructuras críticas | Entidad 'DORLET International' activa en LinkedIn | Crecimiento sostenido 2024 en hospitales, universidades, banca, puertos, data centers | Perspectivas 2025: expansión a nuevos mercados (declarado en su web)",https://www.dorlet.com/en/news/company/2024-review-and-prospects-2025 | https://www.dorlet.com/en/about-us | https://www.linkedin.com/company/dorletsa-international | https://www.dorlet.com/en/news/company/dorlet-france-reinforces-its-position-international-market
2,BELCA,Basque,79,Machinery Manufacturing,C,"Industrial vasca exportadora de maquinaria de envasado (flow-pack, thermoformers) con +30 años, presencia en +25 países y filial propia en México con showroom nuevo, lo que la acerca al ICP en producto y universo amplio (agroalimentario, pescado, hortofrutícola). La duda es que su expansión internacional se apoya principalmente en red de distribuidores y no en comerciales directos por mercado, justo donde Neety aporta más valor.","Maquinaria de envasado de bienes de equipo, +30 años (perfil industrial) | Presencia en +25 países (México, Grecia, Finlandia, Holanda, Australia, LATAM…) | Filial propia BELCA México con showroom nuevo (internacionalización directa activa) | Asistencia a Seafood Expo Global 2025 dando soporte a clientes internacionales | Universo amplio: agroalimentario, avicultura, hortofruticultura, pescado | 79 empleados (límite inferior del sweet spot)",https://www.belca.es/ | https://www.belca.es/en/belca-sobre-nosotros/ | https://mx.linkedin.com/company/belca-m%C3%A9xico | https://informativocolombia.com/actualidad/belca-mas-de-20-anos-de-empaque-en-america-latina/ | https://mundofinanciero.cl/belca-en-america-latina-mas-de-20-anos-impulsando-la-excelencia-en-el-proceso-de-empaque/
2,MSI Grupo. Mondragon Sistemas de Información,Basque,65,Automation Machinery Manufacturing,C,"Integradora industrial con expansión internacional real (filiales en México y Chile), proyectos llave en mano de ticket alto y crecimiento por M&A (Sarabe Ingeniería), con respaldo de Mondragón. La reserva es que su modelo es ingeniería de proyecto a medida, no fabricación de producto exportable con cartera recurrente de prospectos, lo que diluye el encaje con la propuesta de señales de Neety.","Filiales propias en México y Chile (expansión internacional documentada) | Proyecto turnkey en desaladora Guaymas-Empalme (México) | Adquisición de Sarabe Ingeniería (Navarra) — crecimiento por M&A | Parte de Mondragon Corporation (red y respaldo internacional) | Proyectos multisectoriales (agua, metal, alimentación, calidad)",https://www.msigrupo.com/en/home-en/ | https://www.tulankide.com/es/msi-grupo-adquiere-sarabe-ingenieria-para-consolidar-su-posicionamiento-en-navarra | https://www.beckhoff.com/es-es/support/solution-provider-program/mondragon-sistemas-informacion-s-coop-msi-grupo.html | https://www.stech.es/en/companies/members/msi-group
2,TH COMPANY,Basque,153,Machinery Manufacturing,C,"Fabricante industrial vasco genuino (153 empleados) con producto propio para pesca y minería, exportador real con clientes directos internacionales y equipo comercial propio (marca Marco, referente mundial en maquinaria de cubierta). La fricción es el universo de compradores: tanto la pesca de altura como la gran minería son mercados de pocas cuentas globales, lo que lo acerca al perfil concentrado anti-ICP.","Producto propio para pesca y minería (fabricante exportador) | Clientes directos en pesca: Albacora, Pesca Azteca (México), Tri Marine, Echebastar | 153 empleados (sweet spot 80-1000) | Marca Marco como referente mundial en maquinaria de cubierta (venta directa) | Diversificación en dos sectores (pesca + minería)",https://www.thsa.com/en/home | https://www.thsa.com/en/industries | https://www.thsa.com/en/products
2,APEL Grúas,Basque,125,Industrial Machinery Manufacturing,C,"Fabricante vasco de maquinaria de elevación (grúas puente, polipastos), sector 100% alineado con el ICP, 125 empleados (sweet spot), producto de ticket alto/ciclo largo y universo de compradores potencial muy amplio (cualquier planta industrial). La reserva clave es que no hay evidencia de actividad exportadora ni comerciales internacionales propios, por lo que queda como ICP condicional hasta confirmar si exporta realmente.","Fabricante de grúas puente y polipastos (sector 100% alineado con ICP) | 125 empleados (sweet spot 80-150) | Ubicación vasca (clúster de GH Cranes, JASO que internacionalizan) | Producto de alto ticket y ciclo largo (instalación de grúas a medida) | Universo de compradores potencial amplio: cualquier planta industrial | Gap: sin evidencia de exportación o comerciales internacionales propios",https://www.zoominfo.com/c/apel/372510011 | https://www.europages.co.uk/companies/spain/manufacturer%20producer/cranes.html
3,BETSAIDE SAL [Cliente actual / referencia],Basque,117,Motor Vehicle Parts Manufacturing,A,"Caso de referencia canonico del ICP de Neety: fundicion industrial vasca con exportacion real al 89-95% de la facturacion y venta directa a clientes finales en Europa y America. Su universo de compradores es amplio y diversificado (automocion camion/coche, maquinaria agricola, valvuleria, solar, carretillas), no Tier-1 cautivo, con ticket medio-alto y ciclo largo tipico de bienes de equipo.","89-95% de facturacion en exportacion (Alemania, Austria, Francia, Escandinavia, Italia, Paises Bajos, Polonia, USA, Mexico) | Universo de compradores amplio en multiples sectores, no mono-OEM | 381 empleados (2024), segunda fundicion mas grande de Euskadi | Miembro de FUNDIGEX (fundiciones exportadoras) | Fundicion de hierro nodular/ADI de precision: ticket medio-alto y ciclo largo | Cliente de referencia oficial del ICP de Neety",https://subcontex.camara.es/en/company/betsaide-sal | https://www.fundigex.es/en/empresa/betsaide-s-l | https://www.iberinform.es/empresa/721240/betsaide | https://mmaingenieria.es/betsaide-apuesta-por-dar-valor-anadido-a-sus-productos-y-procesos-de-fundicion/ | https://www.spri.eus/es/blog/tecnologia-comunicacion/betsaide-apuesta-por-dar-valor-anadido-a-sus-productos-y-procesos-de-fundicion/
3,ARANIA | Acero laminado en frio [Cliente actual / referencia],Basque,83,Primary Metal Manufacturing,A,"Fabricante vasco de fleje de acero laminado en frio de precision con 83 empleados (sweet spot ICP 80-150), exportando el 70-80% a mas de 65 paises con venta directa y universo de compradores amplio (automocion auxiliar, maquinaria, electronica). Cliente de referencia nombrado en el ICP, con senales de timing fuertes (expansion en Norteamerica, M&A y diversificacion de producto).","Exportacion del 70-80% a mas de 65 paises | Expansion activa en Norteamerica: aterrizaje en Canada (2023-2024) | Sales Director internacional (Federico Piccardi): equipo comercial propio | Adquisicion de thyssenkrupp Materials Processing Lamincer S.A.U. (crecimiento por M&A) | Acuerdo con Tata Steel para acero Zeremis Carbon Lite (diversificacion) | Premio a la Exportacion de Bizkaia | 83 empleados: sweet spot ICP | Empresa privada e independiente, decision agil",https://www.araniasa.com/en/internationalization/ | https://www.grupoarania.com/grupo | https://www.araniasa.com/en/arania-lands-in-canada/ | https://www.araniasa.com/entrevista-a-federico-piccardi-sales-director-en-arania/ | https://www.grupoarania.com/noticias/noticias-generales/acuerdo-con-tata-steel-para-el-suministro-de-acero-zeremis-carbon-lite | https://www.interempresas.net/MetalMecanica/Articulos/133674-Grupo-Arania-recibe-el-Premio-a-la-Exportacion-en-Bizkaia.html
3,Protec Arisawa,Basque,85,Manufacturing,A,"Lider global de fabricacion industrial (envases de presion FRP para filtracion) con sede europea en Bizkaia y 3 plantas en 3 continentes: vocacion internacional real y probada, no filial extranjera. Vende via proyecto directo a integradores y plantas de agua/desalinizacion/oil&gas a nivel mundial, lo que da universo amplio y ticket alto de ciclo largo. Nuevo CEO en 2025 con mandato explicito de crecimiento global es una senal de timing fuerte.","Lider global en FRP pressure vessels con 3 plantas en 3 continentes | 85 empleados (sweet spot ICP 80-150) | Nuevo CEO en 2025 (Olivier Bedague) con mandato de crecimiento global | Mercado en crecimiento: 784M$ en 2024, CAGR 5% hasta 2031 | Vende a integradores y proyectos de planta a nivel mundial: universo amplio | Ticket alto y ciclo largo de ingenieria industrial",https://www.aquatechtrade.com/water-tech-index/protec-arisawa-europe-s-a | https://www.linkedin.com/company/protec-arisawa | https://protec-arisawa.com/ | https://www.iberinform.es/empresa/67175/protec-arisawa-europe | https://th.kompass.com/en/c/protec-arisawa-europe/es0005903/
Norte/Castilla y León,TECOI | Advanced Plate Processing Systems,Castilla y León,118,Machinery Manufacturing,A,"Fabricante de maquinaria de corte de chapa (laser, plasma, oxicorte) fundado en 1995 en Leon, exporta el 85% de su produccion a nivel mundial con filial propia en USA y presencia en ferias internacionales; encaja perfectamente en el patron ICP de Neety como industrial exportador con universo de compradores amplio (cualquier fabricador metalico del mundo) y venta directa de bienes de equipo de ticket alto y ciclo largo.","Exporta el 85% de su produccion (fuente: CESCE exportadores) | Filial propia Tecoi USA con participacion en Fabtech 2024 Orlando — expansion directa en EEUU | CEPYME500 2022: tasa de crecimiento anual del 28% | 118 empleados (LinkedIn) — sweet spot ICP 80-150 | Facturacion ~26,5M EUR (2022) con maquinaria de corte laser/plasma — ticket alto y ciclo largo | Tecnologias propias exclusivas (DFP, TWIN DISK) — diferenciacion en producto",https://exportadores.cesce.es/exportaciones-tecoi-corte | https://www.leonoticias.com/economia/empresas/empresa-leonesa-tecoi-corte-cepyme-sociedad-crecen-20221225160823-nt.html | https://www.cepyme500.com/empresa/tecoi-corte | https://www.linkedin.com/company/tecoiusa | https://tecoi.com/en/
Norte/Cataluña,"TMI Bagging & Palletizing (Técnicas Mecánicas Ilerdenses, S.L.)",Cataluña,89,Machinery Manufacturing,A,"Fabricante español de maquinaria de ensacado y paletizado con 84%+ de ventas en exportación y presencia en 52 países, venta directa con filiales propias (México, USA), universo de compradores amplísimo en alimentación, agro, química y minerales — encaja de lleno en el patrón ICP de Neety. Único freno menor: sede en Cataluña, fuera del foco geográfico norte de España, aunque el ICP no lo excluye.","84%+ ventas exportación, presencia en 52 países (2025) | Lanzamiento TMI USA Inc. mediante adquisición de Bratcher Bagging Inc. (2025) | Inicio fabricación local en México + TMI Latam operativa (2024) | Nueva plataforma digital ON-TMI lanzada en 2024 | Nueva instalación logística en Lleida inaugurada en 2024 | Equipo de 130-135 personas con crecimiento activo | 25 años de trayectoria, 3% inversión I+D constante",https://www.tmipal.com/en/about-us/ | https://www.tmipal.com/en-us/tmi-expansion-usa-bagging/ | https://techsolids.com/en/a-member/tmi/ | https://packagingtechnologies.biz/company/tecnicas-mecanicas-ilerdenses
Norte/Aragón,IDE ELECTRIC,Aragón,142,Electrical Equipment Manufacturing,A,"Fabricante aragonés de armarios y envolventes eléctricas industriales con 142-285 empleados, exporta a más de 80 países (50% facturación exterior), cuenta con filial propia en Alemania (IDE GmbH) y apertura inminente en México, y personal nativo dedicado a Francia, Latinoamérica y Oriente Medio — patrón clásico de empresa industrial exportadora con venta directa y universo de compradores amplísimo. El único matiz bajista es que el producto (cajas de distribución, tomas de corriente industriales) tiene ticket relativamente bajo y ciclo corto comparado con bienes de equipo complejos, lo que reduce ligeramente el fit pero no lo descalifica.","Exporta a +80 países, ~50% de la facturación es exportación (fuente: El Economista / Cámara Zaragoza) | Premio a la Exportación 2023 — Cámara de Comercio de Zaragoza | Filial propia IDE GmbH en Alemania (venta directa, no distribuidores) | Apertura de filial en México anunciada (señal de nuevo mercado — timing) | Personal nativo dedicado a Francia, Latinoamérica, Oriente Medio y Portugal (expansión comercial activa) | 142-285 empleados: rango sweet-spot ICP (80-1000) | Universo de compradores amplísimo: instaladores eléctricos, OEMs de automatización, integradores, distribución técnica en todo el mundo",https://www.aragonexporta.com/ide/ | https://www.camarazaragoza.com/actualidad/linamar-lights-metals-ibernex-ide-electric-y-araven-premios-a-la-exportacion-2023/ | https://www.eleconomista.es/aragon/noticias/10644108/07/20/IDE-Electric-se-vuelca-en-los-mercados-internacionales-para-elevar-su-exportacion-al-70.html | https://redaccion.camarazaragoza.com/ide-electric-calidad-certificada-producto-internacionalmente/ | https://www.aragonhoy.es/economia-industria-y-empleo/gaston-comprueba-expansion-ide-electric-10654
Norte/Asturias,ZITRÓN,Asturias,309,Industrial Machinery Manufacturing,A,"Fabricante industrial asturiano (desde 1963) de sistemas de ventilación para túneles, minería y metros, activo en +80 países con subsidiarias propias y facturación >30M€; universo de compradores amplísimo (constructoras, concesionarias, operadores de metro, mineras en todo el mundo) y ticket muy alto con ciclos de venta largos por licitación. Encaja en el patrón Danobat/GHI: empresa industrial norteña, exportadora real, con estructura comercial internacional propia.","Presencia activa en +80 países con subsidiarias propias en América, Europa, Asia y Oceanía (ZoomInfo/web corporativa) | Proyectos internacionales recientes: metro de Doha, minas en Australia y Sudáfrica, carreteras en Arabia Saudí y Vietnam (búsqueda 2025) | Expositor en Bauma 2025 (abril 2025) y SME Annual Conference 2025 — señal de prospección activa de nuevos mercados | Proyecto Variante de Pajares (€2.500M) con operaciones previstas en 2026 — ciclo largo en curso | 309 empleados según LinkedIn — tamaño dentro del rango ICP sweet spot | Fundada en 1963 en Gijón (Asturias) — empresa española, no filial de multinacional extranjera",https://asturiasexporta.com/portfolio/caso-de-estudio-zitron/ | https://www.europages.es/ZITRON/ESP131556-00101.html | https://www.railwaypro.com/wp/talleres-zitron-driving-ventilation-innovation-in-rail-infrastructure/ | https://tunnelbuilder.com/suppliers/zitron/ | https://www.zoominfo.com/c/zitro%CC%81n-sa/353992718
Norte/Cataluña,POSIMAT,Cataluña,99,Machinery Manufacturing,A,"Fabricante de maquinaria de manipulacion de botellas vacias con mas de 40 anos, 99 empleados y mas del 90% de ventas internacionales; universo de compradores amplisimo (envasadoras de bebidas, farmaceutica, cosmetica, lubricantes en todo el mundo) con mas de 5.000 instalaciones globales y presencia directa en USA, India, China y Malaysia. Encaja perfectamente en el patron ICP de Neety: industrial exportadora con venta directa, ticket alto y ciclo de proyecto largo.",Mas del 90% de exportaciones internacionales (dato publicado en perfil corporativo) | Centros de produccion en Barcelona y Miami + oficinas comerciales en India y China + oficina de servicio en Malaysia (expansion directa activa) | Participacion en interpack 2026 Dusseldorf (Hall 15/D23) — señal de desarrollo de negocio internacional | Miembro de Barcelona Packaging Hub (ecosistema de internacionalizacion) | Mas de 5.000 unscramblers instalados globalmente — universo de clientes final amplisimo | 99 empleados — sweet spot ICP (80-150),https://www.posimat.com/en/company | https://www.interpack.com/vis/v1/en/exhprofiles/8VUNy2ZnQzqfSO3WYQE68A | https://barcelona-packaging-hub.com/en/posimat/ | https://www.packagingworldinsights.com/industrial-goods/barcelona-packaging-hub-incorporates-a-new-partner-posimat/
Norte/Cataluña,VERDES - Talleres Felipe Verdés,Cataluña,120,Machinery Manufacturing,A,"Fabricante centenario de maquinaria pesada para cerámica estructural y procesado de minerales, con presencia confirmada en 5 continentes (Australia, India, Turquía, Túnez, Perú, Argelia, Yemen) y filial productiva propia en India: universo de compradores amplísimo (fábricas de ladrillo y cerámica en todo el mundo). Encaja en el patrón Fagor Automation / Ibarmia: maquinaria de proceso, ticket alto, ciclo largo, comercialización directa propia.","Más de 100 años fabricando maquinaria para industria cerámica pesada y minerales no férreos | Presencia confirmada en 5 continentes: Australia (PGH Melbourne), India (filial Verdés Clay & Minerals Hosur), Turquía, Túnez, Perú, Argelia, Yemen | Filial manufacturera propia en India → expansión internacional activa con estructura local | Facturación +15,95% en 2024 vs 2023; EBIT +583% mismo periodo → momento de crecimiento fuerte | 96 empleados (sweet spot ICP 80-150) | Facturación entre 10-50M€ y ticket maquinaria industrial → ciclo largo y precio alto",https://verdes.com/en/index.html | https://india.verdes.com/ | https://www.indiamart.com/messrs-verdes-clay/ | https://bulkinside.com/manufacturer/talleres-felipe-verdes-s-a/ | https://theorg.com/org/verdes-talleres-felipe-verdes
Norte/Cataluña,BARBERAN S.A.,Cataluña,127,Industrial Machinery Manufacturing,A,"Fabricante español de maquinaria industrial para acabado de superficies (laminado, barnizado, impresión digital, revestimiento de perfiles) con 127 empleados, exporta el 93-95% de su producción a más de 60 países en los 5 continentes — encaje casi perfecto con el ICP de Neety. Sus clientes son fabricantes de muebles, construcción, packaging y calzado en todo el mundo, lo que garantiza un universo de compradores amplísimo y ciclo de venta largo/ticket alto típico de bienes de equipo.","Exporta 93-95% de producción a +60 países en los 5 continentes (dato public barberan.com) | 127 empleados — zona sweet spot ICP (80-150) | Fundada 1929, empresa familiar industrial catalana con estructura propia de ventas internacionales | 4 líneas de producto (digital printing, laminado, barnizado, profile wrapping) = bienes de equipo complejos, alto ticket y ciclo largo | Instalaciones 27.000-35.000 m² en Castelldefels, próximas al puerto y aeropuerto de Barcelona — logística internacional propia | Clasificada 5ª en el ranking nacional de fabricantes de maquinaria para usos específicos (exportaciones CESCE 2022)",https://barberan.com/empresa/ | https://barberan.com/company/ | https://exportadores.cesce.es/exportaciones-barberan | https://www.cepyme500.com/empresa/barberan-sa | https://suppliers.catalonia.com/detail/barberan-sa/402
Norte/Galicia,FERRI,Galicia,143,Machinery Manufacturing,A,"Industrias Ferri (Gondomar, Galicia) fabrica maquinaria de cubierta para buques — bienes de equipo de alto ticket y ciclo largo de proyecto — con tecnología 100% propia y venta directa a astilleros y armadores de todo el mundo; universo de compradores amplio (civiles, militares, offshore, megayates) y exportación confirmada con clientes internacionales como Damen. Patrón casi idéntico al ICP de referencia.","Contrato con Damen Shipyard (astillero holandés) — exportación activa confirmada | Red mundial de estaciones de servicio con técnicos propios — venta directa internacional | 143 empleados en rango sweet spot ICP (80-150) | División Ferri Systems creada en 2018 para drives y controles — expansión de producto y mercado | Presencia en ferias navales internacionales (Navy Leaders, Bilbao Exhibition Centre) | 'Única empresa en el mundo con tecnología 100% propia para toda la maquinaria de cubierta' — diferenciación de producto",https://ferri-sa.es/en/about-us/ | https://navyleaders.com/exhibitor/industrias-ferri-s-a/ | https://wmw.bilbaoexhibitioncentre.com/en/exhibitor/INDUSTRIAS-FERRI-SA/19076/?idioma=US
Norte/Aragón,KALFRISA S.A.U.,Aragón,111,Industrial Machinery Manufacturing,A,"KALFRISA es un fabricante industrial de equipos y plantas a medida (recuperación de calor, incineración, VOCs) con 111 empleados, que exporta el 60% de su producción a más de 50 países con subsidiarias propias en Polonia e India. Encaja de lleno en el ICP de Neety: industrial, exportador real, universo de compradores amplio (múltiples sectores: alimentación, farmacéutica, metalurgia, tabaco…), venta directa con agentes internacionales propios, y ticket/ciclo alto por naturaleza de proyecto.","Exporta el 60% de su producción a más de 50 países (kalfrisa.com/en/about-us) | Subsidiarias propias: KALFRISA Poland y KALFRISA India — red comercial directa internacional | Facturación creció 46,5% en el último ejercicio — señal de expansión activa | Certificación ASME para mercado USA/Canadá — apertura a nuevos mercados de alto valor | 111 empleados (sweet spot ICP 80-150) | Sectores cliente muy diversos: alimentación, farmacéutica, metalurgia, tabaco — universo amplio",https://www.kalfrisa.com/en/about-us/ | https://www.linkedin.com/company/kalfrisa/ | https://www.zoominfo.com/c/kalfrisa-sa/345850227 | https://www.axesor.es/Informes-Empresas/116687/KALFRISA_SA.html
Norte/Cantabria,IMEM Ascensores,Cantabria,74,Industrial Machinery Manufacturing,A,"Fabricante cántabro de ascensores (desde 1968, empresa familiar) que exporta el 90-98% de su producción a 60-74 países con facturación ~50M€ y más de 200 empleados — exportador industrial masivo con universo de compradores amplísimo (constructoras, promotoras, edificios públicos en todo el mundo) y venta directa propia. Encaje casi perfecto con el ICP de Neety; la única reserva es que el producto (ascensores) tiene algo de componente de servicio/mantenimiento recurrente que puede alargar el ciclo de decisión de compra de inteligencia comercial.","Exporta el 90-98% de su producción a 60-74 países (dato de prensa 2022-2024) | Facturación ~50M€ con más de 200 empleados — tamaño sweet spot | Empresa familiar española (Cantabria, 1968) — no filial de multinacional | Presencia activa en 5 continentes con expansión continua de mercados | Fabricante e instalador directo — venta directa sin red de distribuidores principales | Bienes de equipo con instalación y mantenimiento — ticket medio-alto, ciclo largo",https://www.cantabriaeconomica.com/noticias/la-empresa-cantabra-imem-ascensores-factura-50-millones-de-euros-y-exporta-el-90-de-su-produccion-a-74-paises/ | https://www.elfaradio.com/2024/04/20/imem-lleva-sus-ascensores-a-65-paises-por-todo-el-mundo/ | https://www.cantabriaeconomica.com/circulo-empresarial-cantabria-economica/el-98-de-los-ascensores-que-hacemos-se-exportan-a-60-paises/ | https://www.elfaradio.com/2022/09/26/la-empresa-familiar-ascensores-inem-cuenta-ya-con-mas-de-200-empleados-y-exporta-su-produccion-a-74-paises/
Norte/Cataluña,Bianna,Cataluña,141,Renewable Energy Equipment Manufacturing,A,"Fabricante español de plantas de tratamiento de residuos llave en mano con presencia en 5 continentes, +3.000 referencias, Country Managers propios y proyectos de ingeniería de alto ticket y ciclo largo. Universo de compradores muy amplio (municipios, industriales, constructoras globales) y múltiples señales de expansión reciente (adquisición Termogreen 2024, nuevo negocio de renting).","Presencia en 5 continentes con filiales propias y Country Managers en Francia, UK, Portugal, Turquía, Oriente Medio, Colombia, Grecia, Brasil, México | Adquisición de Termogreen (empresa de tratamiento de residuos para producción eléctrica) en 2024 — señal M&A | Lanzamiento de Bianna Renting Services con Miura Partners — nuevo modelo de negocio/producto 2024-2025 | Crecimiento de facturación del 20% en 2022 | +100 plantas instaladas y +3.000 referencias mundiales | 141 empleados — dentro del sweet spot ICP (80-1000)",https://bianna.com/en/ | https://miura.partners/en/portfolio_companies/bianna/ | https://biannarecycling.com/en/company/ | https://cronicaglobal.elespanol.com/business/confidente-vip/20230529/bianna-de-maquinaria-reciclaje-facturo-un-mas/767423358_0.html | https://bianna.com/en/international/brazil/
Norte/Cataluña,PAYPER - Complete bagging lines,Cataluña,163,Automation Machinery Manufacturing,A,"PAYPER es fabricante español de maquinaria de ensacado y paletizado con 163 empleados, exportación real a 80+ países con 8 filiales propias y premio de internacionalización 2024: encaja en todos los criterios ICP de Neety (industrial, exportador, universo amplio, venta directa, ticket alto/ciclo largo). El único matiz es la mezcla de venta directa y agentes en algunos mercados, y que tiene sede en Cataluña en lugar del norte de España.","Premio a la Internacionalización en los VIII Premios PYME del Año 2024 (Lleida) — señal de expansión activa | Presencia en Interpack 2026 presentando nuevo sistema de llenado bottom-up — expansión de mercados en curso | 8 filiales propias en el mundo + red de agentes: estructura comercial internacional directa | Más de 5.000 proyectos completados en más de 80 países — exportador real consolidado | 163 empleados en el sweet spot ICP (80-200) | Clientes en química, agro-alimentario, minería, construcción — universo de compradores muy amplio a nivel global",https://www.payper.com/ | https://www.payper.com/worldwide-presence/ | https://www.payper.com/subsidiaries/payper-north-america/ | https://www.payper.com/payper-strengthens-its-leadership-presenting-its-bottom-up-filling-system-at-interpack-2026/ | https://www.linkedin.com/company/payperbagging
Norte/Aragón,PRODESA Group,Aragón,109,Industrial Machinery Manufacturing,A,"Ingenieria de plantas llave en mano para pelletizacion de biomasa, con 109 empleados en Zaragoza y presencia directa en 15 paises (USA, Canada, Francia, India, Vietnam); universo de compradores amplisimo (productores de pellets, industria forestal, agroalimentaria en todo el mundo) y modelo de venta directa EPC con ciclo largo y ticket alto. Encaja perfectamente con el ICP de Neety: industrial exportador con muchos clientes finales y comerciales propios.","Ampliacion de planta productiva en PTR Zaragoza declarada de interes autonomico (2022): inversion 9,6M EUR y creacion de 54 empleos nuevos | Oficinas y talleres propios en USA, Canada, Francia, India y Vietnam — expansion activa de mercados internacionales | 8% cuota global del mercado de pellets; 16,5% en Norteamerica; ~8% en Asia (consolidacion de nuevos mercados) | Premio Gold Innovation en Bio360 Expo Nantes, febrero 2025 — presencia activa en ferias internacionales | Participacion en Expobiomasa 2025",https://www.prodesa.net/en/ | https://redaccion.camarazaragoza.com/empresa/prodesa/ | https://aragonpsoe.es/blog/2022/07/13/declarado-de-interes-autonomico-el-proyecto-de-ampliacion-y-construccion-de-un-centro-productivo-de-prodesa-biomass-group-en-el-ptr-de-zaragoza-que-supone-una-inversion-de-96-millones-y-la-creacion-d/ | https://bio360expo.com/doc/F-6135GR3830391553-PRODESA%20-%20General%20brochure.pdf | https://expobiomasa.com/fabricar-pellets-biocombustibles/prodesa-maximiza-la-calidad-y-rentabilidad-de-tu-planta
Norte/Galicia,Hermasa Canning Technology,Galicia,73,Machinery Manufacturing,A,"Fabricante gallego de maquinaria especializada para la industria conservera con presencia en más de 70 países y el 95% de ventas en exportación; universo de compradores amplio y disperso globalmente (fábricas de atún y sardina en 5 continentes), venta directa, ticket medio-alto y ciclo largo. Encaja de lleno en el patrón ICP de Neety.","Exporta a más de 70 países en 5 continentes; 95% de ventas es exportación (fuente: CEPYME500) | Premio Cantábrico Excelente 2017 en Internacionalización | Tunipack vendido en 34 países con 207 unidades instaladas (dato a abril 2017) | Integración de inteligencia artificial en maquinaria de conservas (noticia Atlántico, marzo 2025) — señal de innovación y expansión tecnológica | Fabricación propia 100% en Vigo con exportación directa a fábricas conserveras globales",https://www.cepyme500.com/empresa/hermasa-canning-technology | https://www.elsuplemento.es/premiado/hermasa-canning-technology | https://www.atlantico.net/economia/hermasa-vigo-inteligencia-artificial-maquinas_1_20250302-3432134.html
Norte/Cataluña,Kautec Solutions,Cataluña,77,Machinery Manufacturing,A,"Fabricante catalán (~77 empleados) de líneas completas de extrusión de aluminio que vende directamente a extrusores industriales en todo el mundo (Europa, MENA, Asia, América), con proyectos de alto ticket (prensas de 60 MN) y ciclo largo. Exportador activo con instalaciones en Turquía y presencia en ferias internacionales; universo de compradores amplio y sin dependencia de pocos clientes concentrados.","Suministro de línea de extrusión de 60 MN documentado en International Aluminium Journal (señal de proyecto activo de alto ticket) | Instalación y puesta en marcha para BEYMETAL ALUMINIUM (Turquía) — proyecto internacional ejecutado | Participación en ET'24 (International Aluminum Extrusion Technology Seminar, mayo 2024) — expansión comercial internacional | Miembro del Aluminum Extruders Council (EE.UU.) — presencia activa en mercado norteamericano | 77 empleados según LinkedIn (sweet spot ICP 80-150), crecimiento confirmado por CEPYME500",https://www.kautec.net/company/ | https://www.aluminium-journal.com/kautec-solutions-to-supply-60-mn-extrusion-line | https://www.lightmetalage.com/suppliers/kautec-systems/ | https://members.aec.org/members/?id=71804104 | https://www.cepyme500.com/es/empresa/kautec-solutions
Norte/Asturias,"IDESA - Ingeniería y Diseño Europeo, S.A.",Asturias,157,Mechanical Or Industrial Engineering,A,"Fabricante asturiano de bienes de equipo industriales (equipos estáticos a presión, módulos offshore) con exportación contrastada a cinco continentes y proyectos recientes en Guyana y Noruega; universo de compradores amplio (refinerías, petroquímica, plantas hidrógeno, offshore en todo el mundo) con venta directa a EPCs y operadoras, ticket alto y ciclo de proyecto largo. Encaja plenamente en el patrón ICP de Neety.","Exporta a cinco continentes; caso reciente: pilotes de succión para industria petrolera en Guyana (2024, ICEX) | Proyecto Longship (Noruega): tanques de almacenamiento de CO2 para proyecto europeo pionero | Expansión activa en hidrógeno verde, LNG y captura de CO2 (nuevos mercados/productos 2022-2025) | Participación en consorcio Atmosphere con Iberdrola para tecnología de hidrógeno verde (presupuesto 6,2 M€, 2022-2025) | 157 empleados (sweet spot ICP); EBIT creció 33% en 2023-2024 pese a caída de ventas — señal de madurez operativa | Fundada 1993, reconocida internacionalmente; sello ASME U/U2 y AD2000 — habilitación para mercados globales regulados",https://www.icex.es/es/quienes-somos/donde-estamos/red-territorial-de-comercio/asturias/noticias/detalle.idesa-impulsa-la-industria-petrolera-exportando-pilotes-de-succi.news089202404 | https://www.idesa.net/post-idesa-ccarbon--en.html | https://www.idepa.es/detalle-empresa/-/asset_publisher/UA8FfgPWaKlm/content/ingenieria-y-diseno-europeo-s-a- | https://www.metaindustry4.com/es/empresa/idesa/
Norte/Cataluña,AIRPLAN,Cataluña,193,Industrial Machinery Manufacturing,A,"Integradora española de salas blancas y lineas de proceso llave en mano para Life-Science con 800+ clientes en 40 paises y 5 continentes; universo de compradores amplio (farma, cosmetica, quimica, alimentacion), venta directa con equipo propio, ticket alto y ciclo largo de proyecto. Encaja de lleno en el patron ICP de Neety.","800+ clientes en 40 paises y 5 continentes — exportacion consolidada (airplan-sa.com) | Oficina en Miami y representantes en Europa, LATAM y Norte Africa — presencia internacional propia | Record de contratacion 2022 >30M EUR con crecimiento de plantilla >20% — momentum de crecimiento | Nueva fabrica en El Pont de Vilomara: nave industrial 1.200 m2 + 600 m2 oficinas — expansion de capacidad (airplan-sa.com/en/airplan-s-a-expands-facilities) | Participacion en CPHI Frankfurt 2025 — actividad internacional activa | 193 empleados — tamano sweet spot ICP ampliado | >3.000 proyectos ejecutados historicamente — universo de clientes amplio y diversificado",https://www.airplan-sa.com/en/we-are/ | https://www.airplan-sa.com/en/airplan-s-a-expands-facilities-with-new-office-in-el-pont-de-vilomara/ | https://www.cphi-online.com/company/airplan-s-a/ | https://pharmasource.global/directory/airplan-s-a/
Norte/Cataluña,"SERRA (Talleres Serra, S.L.)",Cataluña,67,Industrial Machinery Manufacturing,A,"Fabricante industrial de maquinaria especializada para el sector carton ondulado con 68% de ventas en exportacion y clientes en mas de 50 paises, universo de compradores amplio (fabricantes de packaging en todo el mundo), venta directa con soporte tecnico local propio y ticket/ciclo tipico de bienes de equipo. Tamano en el limite inferior del sweet spot (67 empleados segun LinkedIn) pero todos los demas parametros encajan con precision en el ICP de Neety.","68% de ventas corresponden a exportaciones (fuente: cesce.es exportadores) | Clientes en mas de 50 paises con soporte tecnico local propio (fuente: serra.com.es/about-us) | Empresa familiar 3a generacion con 40 años de historia, lider en su nicho internacional | Sector packaging industrial en crecimiento (demanda green packaging, e-commerce) — timing favorable para expansion de mercados | Remodelacion reciente de fabrica y oficinas: señal de inversion y crecimiento | 67 empleados segun LinkedIn (dentro del sweet spot 80-150, aunque en limite inferior)",https://exportadores.cesce.es/exportaciones-talleres-serra | https://www.serra.com.es/about-us | https://www.cepyme500.com/empresa/talleres-serra | https://easyengineering.eu/serra-creating-machinery-solutions-for-the-corrugated-board-industry/
Norte/Galicia,Esypro,Galicia,104,Industrial Machinery Manufacturing,A,"Fabricante gallego de sistemas logísticos industriales (conveyors aéreos, power & free, almacenamiento) con ~104 empleados, exportación real a más de 10 países (Alemania, EEUU, México, Francia, Italia, Polonia, Turquía, Serbia, Colombia, Portugal) y la mayoría de ventas fuera de España. Universo de compradores amplio y multisectorial (automoción global, farmacéutico, alimentación, distribución) con venta directa mediante instalaciones propias — patrón ICP muy similar a Fagor Automation o GHI.","Instalaciones propias en +10 países: Alemania, EEUU, México, Francia, Italia, Polonia, Turquía, Serbia, Colombia, Portugal (fuente: ZoomInfo/búsqueda 2026) | Mayoría de ventas fuera de España (declarado en fuentes públicas) | 104 empleados — sweet spot ICP (80-150) | Multisectorial: automoción global + farmacéutico + alimentación + distribución = universo de compradores amplio | Miembro CEAGA (cluster automoción Galicia) y ASIME — red comercial activa | Producto de ingeniería de proyecto (conveyor systems a medida) = ticket alto y ciclo largo",https://www.europages.es/GRUPO-ESYPRO/00000004004876-276759001.html | https://www.zoominfo.com/c/esypro/372521793 | https://www.ceaga.com/en/companies/meycatec-s-l-2-2/ | https://asime.es/glossary/esypro-manutencion-s-l/ | https://esypro.com/en/grupo-esypro/ | https://www.cepyme500.com/es/empresa/esypro-manutencion
Norte/Aragón,Grupo FERRUZ,Aragón,65,Machinery Manufacturing,A,"Fabricante industrial aragonés (cilindros hidráulicos, ejes, semirremolques, camiones recolectores) con exportación real al 55% de su facturación (60M€) a más de 40 países. Universo de compradores amplio —vende a fabricantes de maquinaria agrícola e industrial, transportistas y municipios en todo el mundo—, venta directa con presencia en ferias internacionales (SMOPYC 2023) y señales activas de expansión internacional. Encaja en el patrón ICP de Neety.","Exporta a más de 40 países (Europa, América, Nueva Zelanda, norte de África) — 55% de 60M€ de facturación (2024) | Ampliación de presencia internacional en SMOPYC 2023 — señal de timing activo | Nueva planta PTR Zaragoza: inversión 25M€ y duplicación de capacidad productiva (2019-2020) | 4 líneas de negocio industriales B2B: cilindros hidráulicos, ejes agrícolas/industriales, semirremolques aluminio, camiones recolectores — ticket alto y ciclo largo | ~150 empleados según prensa 2024 (sweet spot ICP 80-150)",https://www.ferruz.com/2023/11/22/el-grupo-industrial-ferruz-amplia-su-presencia-internacional-en-smopyc-2023/ | https://www.aragondigital.es/articulo/economia/taller-san-jose-exportar-mas-40-paises-ferruz-historia-70-anos-zaragoza/20240429170743871717.html | https://www.ferruz.com/en/2019/11/11/el-grupo-industrial-ferruz-unifica-todas-sus-divisiones-en-el-ptr-con-una-inversion-de-18-millones-de-euros-que-permitira-duplicar-la-produccion-y-crear-50-nuevos-puestos-de-trabajo-en-2020-en/
Norte/Galicia,IBERCISA Deck Machinery,Galicia,95,Machinery Manufacturing,A,"Fabricante gallego de maquinaria naval de cubierta con 55 años de historia, tecnologia propia, 74% exportacion a 45+ paises y universo de compradores muy amplio (pesqueros, remolcadores, offshore, navy, mercantes). Encaja perfectamente en el patron ICP de Neety: industrial exportadora mediana con venta directa, ticket alto y ciclo largo.","74% de ventas son exportaciones a mas de 45 paises (dato Cesce/Iberinform) | Presencia en todos los oceanos del mundo — universo de compradores amplisimo | 95-120 empleados (sweet spot ICP 80-150) | Proyecto Arrastrero 4.0 con financiacion FEDER+CDTI (nuevo producto, señal de timing) | Nueva construccion PSA Gemini tugboat entregada sept-2024 (actividad reciente) | Miembro ASIME (Asociacion de Industrias del Metal de Galicia) | Incluida en CEPYME500 como empresa destacada | Galicia — territorio norte de España cubierto por Neety",https://exportadores.cesce.es/exportaciones-ibercisa-deck-machinery | https://www.iberinform.es/empresa/2332015/ibercisa-deck-machinery | https://www.cepyme500.com/empresa/ibercisa-deck-machinery | https://asime.es/glossary/ibercisa-deck-machinery-s-a/ | https://www.nauticexpo.com/prod/ibercisa-deck-machinery-36481.html
Norte/Castilla y León,Nicolás Correa S.A.,Castilla y León,238,Machinery Manufacturing,A,"Fabricante español de fresadoras de gran tamaño con ~90% de producción exportada a +20 países, universo de compradores amplio y diverso (aeronáutica, ferroviario, energía, moldes/matrices, mecánica general) y filiales comerciales propias en cuatro mercados clave. Encaja en el patrón ICP de bienes de equipo industriales con venta técnica directa, aunque el modelo de go-to-market combina filiales propias con distribuidores externos, lo que rebaja ligeramente el fit en venta directa pura.","Exporta ~90% de producción a más de 20 países (2024-2025) | Placa al Mérito en el Comercio Exterior 2024 del Ministerio de Economía | Facturación récord 121M€ en 2024; crecimiento +21% en H1 2024 vs H1 2023 | Filiales comerciales propias en Alemania, EE.UU., China e India | 238 empleados — dentro del sweet spot ICP | Universo de compradores amplio: aeronáutica, ferroviario, energía, moldes y matrices, mecánica general | Máquinas de gran tamaño y proyectos a medida — ticket alto y ciclo largo confirmado",https://www.elespanol.com/reportajes/20260215/imperio-familia-nicolas-correa-generaciones-creando-fresadoras-importantes-espana-facturamos/1003744128679_0.html | https://www.castillayleoneconomica.es/grupo-correa-merito-comercio-2024-comercio-exterior/ | https://www.merca2.es/2024/08/30/grupo-correa-beneficios-1893268/ | https://www.nicolascorrea.com/en/trading-subsidiaries | https://www.addimat.es/en/companies/members/correa-2
Norte/Cataluña,TEKNICS,Cataluña,118,Industrial Machinery Manufacturing,A,"Fabricante de maquinaria especial y automatizacion a medida (118 empleados, Barbera del Valles) con 32% de ventas en exportacion, subsidiarias en Francia y Republica Checa y presencia en EEUU, Mexico y Brasil. Universo de compradores amplio en life sciences, farmaceutica, cosmetica, electronica, automotriz y alimentacion; venta directa a cliente final con ticket alto y ciclo largo tipico de maquinaria custom.","Fabricante de maquinaria especial de automatizacion a medida para multiples sectores industriales (life sciences, farmaceutica, cosmetica, electronica, automotive, alimentacion) | 32% de ventas son exportaciones (dato CESCE) | Subsidiarias propias en Francia (Chartres) y Republica Checa (Ostrava) | Presencia en EEUU, Mexico, Brasil y Romania — exportador internacional real | 118 empleados: sweet spot ICP (80-150) | Diversificacion activa desde automotive (antes 90%) hacia pharma/cosmetica/electronica: señal de nuevos mercados | Maquinaria custom = ticket alto y ciclo largo por definicion",https://teknics.eu/en/ | https://teknics.eu/en/company/ | https://exportadores.cesce.es/exportaciones-enginyeria-teknics-sabadell | https://www.europages.co.uk/ENGINYERIA-TEKNICS-SABADELL-S-L/ESP142648-00101.html | https://www.iberinform.es/empresa/1270808/enginyeria-teknics-sabadell
Norte/Aragón,Telergon,Aragón,93,Electrical Equipment Manufacturing,A,"Telergon es fabricante industrial español de aparamenta eléctrica de baja tensión con más de 70 años de historia, 54% de ventas en exportación y presencia en +100 países — patrón casi idéntico al de clientes de referencia como Fagor Automation u Ojmar. La JV en China (2024) y la subsidiaria en Polonia son señales de timing claras de expansión internacional activa, momento ideal para inteligencia comercial por señales.","54% de ventas son exportación, presencia en +100 países (dato 2024) | JV en China (Gorlan Electrical Zhejiang) establecida en 2024 para acelerar expansión Asia-Pacífico | Subsidiaria propia en Polonia (Gorlan Polska) — señal de internacionalización directa con estructura comercial local | Participación en Energetab 2025 (Polonia) — actividad comercial activa en nuevos mercados europeos | Grupo Gorlan ~700 empleados totales; Telergon ~93-136 empleados — tamaño sweet spot ICP | Universo de compradores diversificado: distribución eléctrica, industria, ferroviario, energías renovables, minería",https://exportadores.cesce.es/exportaciones-telergon | https://telergon.gorlan.com/en/company/ | https://telergon.gorlan.com/en/telergon-showcases-its-latest-innovations-at-energetab-2025/ | https://gorlan.com/en/presentation/
Norte/Asturias,KLK Electro Materiales,Asturias,432,Manufacturing,A,"Fabricante asturiano de componentes electricos y equipos de soldadura aluminotermica ferroviaria con tecnologia propia, presencia activa en +30 paises y 5 continentes, y planta productiva en Mexico; universo de compradores amplio en sectores ferroviario e industrial diversificado globalmente. Encaja de lleno en el patron ICP de Neety: industrial exportador con venta directa y ciclo largo.","Opera en +30 paises y 5 continentes (ficha LinkedIn 2025) | Planta de produccion propia en Mexico City para servir Latinoamerica (expansion internacional) | Tecnologia propia — productos fabricados con desarrollo interno | 432 empleados segun LinkedIn Sales Navigator (rango ICP) | Exporta a Francia, Africa y Oriente Medio — diversificacion geografica activa | Sede en Asturias (norte de Espana, zona objetivo Neety)",https://www.idepa.es/detalle-empresa/-/asset_publisher/UA8FfgPWaKlm/content/klk-electro-materiales-s-l-u | https://www.klk.es/en/we-are-klk/ | https://www.linkedin.com/company/klk-electro-materiales-s-l-u-/
Norte/Asturias,Normagrup Technology,Asturias,109,"Appliances, Electrical, and Electronics Manufacturing",A,"Fabricante asturiano de sistemas electrotecnicos de seguridad (iluminacion emergencia, deteccion incendios, sistemas hospitalarios) con 109 empleados, exportacion directa a mas de 50 paises y 4 plantas productivas propias en el extranjero — patron ICP muy solido. Universo de compradores amplio y fragmentado (instaladores, constructoras, hospitales, edificios industriales a escala global), venta directa con comerciales propios y filiales, ticket medio-alto con ciclo de proyecto. Premio Exporta 2026 de Asturex como señal de timing de internacionalizacion activa.","Premio Exporta 2026 de Asturex — reconocida como referente de internacionalizacion empresarial asturiana (mayo 2026) | Apertura de cuarta planta de produccion en Mexico — expansion activa a nuevos mercados | Exporta directamente al 70% a mas de 50 paises con subsidiarias propias (4 filiales extranjeras) | 109 empleados en sweet spot ICP (80-150) | Cuatro divisiones de producto (NormaLux, NormaDet, NormaLit, NorClinic) — portfolio tecnico diversificado con ciclo largo | Sede en Parque Tecnologico de Asturias (Llanera) — perfil innovador industrial",https://www.asturex.org/premios-exporta-2026-normagrup-technology-mas-de-cinco-decadas-de-innovacion-industrial-con-presencia-internacional/ | https://www.compromisoasturiasxxi.es/normagrup-technology-abre-en-mexico-su-cuarta-planta-de-produccion-en-el-extranjero/ | https://www.conectaindustria.es/articulo/innovacion/asturex-premia-siluvio-ascol-genetics-normagrup-como-referentes-internacionalizacion-empresarial-asturiana/20260525155831014477.html | https://www.cepyme500.com/empresa/normagrup-technology-sa-1
Norte/Castilla y León,Xolertic Group,Castilla y León,161,Industrial Machinery Manufacturing,A,"Fabricante español de maquinaria de automatización end-of-line (bienes de equipo, ticket alto, ciclo largo) con presencia directa en más de 50 países y universo de compradores muy amplio en múltiples industrias — patrón calcado a Fagor Automation / ULMA Packaging. El único matiz es la pertenencia a un grupo francés, pero opera con tecnología y equipos propios, lo que no lo convierte en filial distribuidora.","2.500+ sistemas instalados en más de 50 países (presencia global consolidada) | Centros de expertise propios en Burgos, Barcelona y Pune (India) | Filiales de servicio en Chile, Norteamérica y Filipinas — expansión activa en 4 continentes | Universo de compradores muy amplio: alimentación, bebidas, personal care, cosmética, farmacia | Tecnología propia (marcas Prodec y Sinterpack) — no revende producto de terceros | 161 empleados — zona sweet spot del ICP",https://xolertic.com/en/ | https://xolertic.com/en/global-presence/ | https://barcelona-packaging-hub.com/en/xolertic-end-of-line-automation/ | https://xolertic.com/en/history/
Norte/Cataluña,VIDMAR GROUP,Cataluña,71,Mechanical Or Industrial Engineering,A,"Fabricante industrial de equipos de pesaje, dosificación y automatización fundado en Barcelona (1985), exporta más del 70% de su producción a más de 30 países en Europa, LATAM, Asia, Oriente Medio y EEUU — universo de compradores muy amplio en sectores industriales diversos. Venta directa con filiales propias en México y Colombia; proyectos integrales de ingeniería con ticket medio-alto y ciclo largo. Encaja plenamente con el patrón ICP de Neety: industrial, exportador real, universo amplio y comercial propio.","Exporta >70% de producción a más de 30 países (Europa, LATAM, Asia, Oriente Medio, EEUU) — presencia internacional muy activa | Filiales propias en México y Colombia — modelo de venta directa al cliente final, no distribuidores | Fundada en Barcelona 1985 — empresa madura con trayectoria consolidada en automatización industrial | Sector: pesaje, dosificación, transporte de materiales y automatización de procesos — bienes de equipo, ticket medio-alto | 71 empleados — dentro del sweet spot ICP (80-150; 71 es limítrofe pero válido) | Presencia en ferias y redes como Techsolids y ConnectAmericas — desarrollo activo de negocio internacional",https://vidmargroup.com/ | https://vidmargroup.com/about-us/what-do-we-do/ | https://mx.linkedin.com/company/vidmargroup
Norte/Cantabria,Ecrimesa Group,Cantabria,102,Industrial Machinery Manufacturing,A,"Fabricante industrial de Cantabria (~102 empleados) con 80%+ de facturacion en exportacion, venta directa a cliente final en multiples sectores y mercados (Italia, EEUU, etc.) y universo de compradores muy amplio — patron identico a Betsaide. Senales de timing activas: ampliacion de planta, robotizacion y apertura de nuevos mercados internacionales.","80% de facturacion por exportacion, >90% de referencias fabricadas han ido a exportacion (fuente: FEAF/Subcontex) | Country manager propio para Italia (Daniele Solero) — venta directa en mercado exterior | Mision comercial virtual a EEUU para apertura de nuevo mercado (Gobierno Cantabria) | Ampliacion de planta hasta 20.000 m2 + robotizacion de naves de Parayas (metal-am.com / Cantabria Economica) | 102 empleados — sweet spot ICP (80-150) | Sectores cliente: maquina-herramienta, valvuleria, medicina, armamento, textil + automocion — universo de compradores muy amplio, no concentrado en 5-25 OEMs",https://feaf.es/en/members/ecrimesa-group/ | https://subcontex.camara.es/en/company/ecrimesa-electro-crisol-metal-sa | https://ecrimesagroup.com/es/daniele-solero-construyendo-el-mercado-italiano-para-ecrimesa-group/ | https://www.metal-am.com/ecrimesa-expansion-brings-facilities-to-total-20000-sqm/ | https://www.cantabriaeconomica.com/sin-categoria/ecrimesa-amplia-y-robotiza-sus-naves-de-parayas/ | https://www.cantabria.es/web/comunicados/w/diez-empresas-y-el-consorcio-santander-fine-food-participan-en-la-misi%C3%B3n-comercial-virtual-a-eeuu-la-pr%C3%B3xima-semana
Norte/Castilla y León,"INDUSTRIAS MAXI, S.A.",Castilla y León,105,Industrial Machinery Manufacturing,A,"Fabricante de maquinaria especial y bienes de equipo llave en mano con exportación real a 8+ países, 150 empleados, crecimiento sostenido y universo de compradores muy amplio (aeronáutico, automoción, ferroviario, alimentación, energía, nuclear, industrial). Encaja con el patrón Fagor Automation / Danobat: industrial de alto valor, ciclo largo, expansión internacional activa.","Exporta el 20-34% de su facturación (~19M€) a Francia, Portugal, Marruecos, Inglaterra, Alemania, EE.UU., Israel, Italia y Polonia — exportador real multimercado | Fabricante de máquinas especiales y bienes de equipo llave en mano para sectores diversificados (aeronáutico, automoción, ferroviario, alimentación, energía, nuclear) — universo de compradores amplio | Ha doblado plantilla en los últimos 5 años, alcanzando 150-152 empleados (2025) — señal clara de crecimiento y expansión | Proyectos de ingeniería a medida con ciclo largo y ticket medio-alto (instalaciones complejas llave en mano) | Última deposición de cuentas 2024 y anuncio BORME 02/12/2025 — empresa activa y en movimiento reciente",https://www.facyl.es/industrias-maxi-empresa-referente-en-soluciones-a-problemas-industriales-complejos-4/ | https://exportadores.cesce.es/exportaciones-industrias-maxi | https://www.industrias-maxi.es/clientes-sectores.php | https://www.axesor.es/Informes-Empresas/481075/INDUSTRIAS_MAXI_SA.html | https://es.linkedin.com/company/industrias-maxi-s-a-
Norte/Cataluña,Radar Process,Cataluña,81,Industrial Machinery Manufacturing,A,"Fabricante de maquinaria llave en mano para la industria alimentaria con 35+ años de experiencia, 81 empleados, 36% de ventas en exportación y universo de compradores amplísimo (panadería, lácteos, cárnicos, cereales, pasta, confitería, baby-food, pet food, etc.). Encaja en el patrón ICP de Neety: industrial, exportador real, ticket alto/ciclo largo y venta directa de proyectos de ingeniería.","Fabricante de maquinaria para procesado de alimentos (CNAE 2893) — bienes de equipo con proyectos llave en mano | 36% de ventas en exportación, ranking 11 en su sector a nivel nacional (datos 2023) | 81 empleados — dentro del sweet spot ICP (80-150) | Universo de clientes muy amplio: panadería, lácteos, cárnicos, cereales, pasta, confitería, dietética, baby-food, especias, pet food — decenas de subsectores y miles de clientes potenciales globales | 35+ años de experiencia con ingeniería propia y asistencia técnica: señal de venta directa y ciclo largo",https://radarprocess.com/en/about-us/ | https://exportadores.cesce.es/exportaciones-radar-process | https://www.axesor.es/Informes-Empresas/217305/RADAR_PROCESS_SL.html | https://es.linkedin.com/company/radar-process-sl
Norte/Cataluña,Pinter Group,Cataluña,85,Machinery Manufacturing,A,"Fabricante español de maquinaria textil con 95 años de historia, ~85 empleados y presencia directa en más de 40 países mediante subsidiarias propias — encaja perfectamente en el patrón ICP (industrial, exportador real, universo de compradores masivo, venta directa, ticket alto). El único freno es la localización en Cataluña, fuera del target geográfico norte de España.","Presencia en más de 40 países con subsidiarias propias en India y China — venta directa internacional consolidada | Subsidiarias Pinter Service Asia (PSA) y Pinter Fani Asia (PFA) para ensamblaje, instalación y servicio en India — expansión activa de mercado | Soluciones de maquinaria textil (spinning frames, sistemas de monitorización Industry 4.0) con ciclo de venta largo y ticket alto | Universo de compradores amplísimo: miles de hilanderías y tejedurías en todo el mundo (India, Turquía, Marruecos, Italia, Portugal como principales destinos) | ~85 empleados en Cataluña — tamaño sweet spot ICP (80-150)",https://pintergroup.net/company/ | https://pintergroup.net/ | https://amtex.amec.es/en/project/pinter-caipo/ | https://www.indiantextilemagazine.in/pinter-rolls-out-2-millionth-made-in-india-spindle-monitoring-system/
Norte/Cataluña,"SODECA, S.L.U.",Cataluña,291,Machinery Manufacturing,A,"Fabricante industrial de ventiladores y extractores con 291 empleados, exportación consolidada a toda Europa y resto del mundo a través de 13 filiales comerciales propias, universo de compradores amplio (construcción industrial, edificios, túneles, industria en general) y sin concentración en pocos OEMs. Encaja en el patrón ICP de Neety; la única fricción es la sede en Cataluña en lugar del norte de España.","Exporta a todos los países europeos y gran parte del mundo — red de 13 subsidiarias de comercialización propias (sin depender de distribuidores puros) | Adquisición de Marelli Ventilazione S.R.L. (Italia) como parte de expansión internacional M&A — señal de timing | Grupo SODECA: 12 empresas, >600 empleados, 122 M€ de ingresos globales (2023) | Crecimiento de ventas del 7,97% entre 2023 y 2024 | 5 centros de producción distribuidos mundialmente",https://www.sodeca.com/es/compania | https://e-ficiencia.com/sodeca-group-crece-incorporando-nueva-empresa-al-grupo/ | https://www.acrlatinoamerica.com/201903268603/noticias/empresas/sodeca-group-adquiere-fabricante-de-ventiladores-industriales.html | https://www.cepyme500.com/empresa/sodeca-slu
Norte/Galicia,MRF (Mecanizados Rodríguez Fernández),Galicia,136,Motor Vehicle Parts Manufacturing,A,"Fabricante gallego de componentes metálicos (carrocería industrial, maquinaria, náutica, alimentación) con 136 empleados, exportación activa a +40 países y filiales propias en Brasil y Portugal; universo de compradores amplio y fragmentado similar al patrón Betsaide/Arania, lo que lo sitúa claramente en el ICP de Neety. Señal de timing reciente: reactivación en Latinoamérica (Brasil + apertura logística Chile) en 2025.","Exporta a más de 40 países desde 1990 con filiales propias (Portugal, Brasil) y plataforma logística en Chile (2025) | 136 empleados: sweet spot ICP (80-150) | Diversificación activa hacia nuevos sectores (alimentación, náutica, energías renovables) ampliando universo de compradores | Co-desarrollo técnico con clientes: ticket medio-alto y ciclo largo | Reactivación en Latinoamérica mencionada en prensa enero 2025 (Faro de Vigo)",https://mrfsolutions.com/es/info/Empresa | https://www.ceaga.com/en/companies/mecanizados-rodriguez-fernandez-s-l-mrf-2/ | https://asime.es/glossary/mrf-mecanizados-rodriguez-fernandez-sl/ | https://www.facebook.com/MRFSolutions/photos/-httpswwwfarodevigoesourense20250118fabrica-componentes-camiones-exporta-ourense/1149509233843490/
Norte/Cataluña,GESAB,Cataluña,129,Manufacturing,A,"GESAB encaja muy bien con el patrón ICP: empresa industrial mediana (~129 empleados) que fabrica y ejecuta proyectos de ingeniería de alta complejidad a medida para un universo amplio de clientes finales en múltiples sectores y geografías, con venta directa y ticket/ciclo propios de bienes de equipo. El único desvío respecto al ICP de Neety es la localización en Cataluña en vez del norte de España.","129 empleados — dentro del sweet spot 80-150 del ICP | Proyectos llave en mano de ingeniería a medida para entornos críticos 24/7 — ticket alto y ciclo largo por definición | Presencia internacional documentada: proyectos en EEUU y mercados globales | Universo de compradores amplio y diverso: seguridad pública, militar, utilities, corporativo, data centers — no concentrado en 5-25 cuentas | Fabricación propia en Barcelona con visión global — venta directa a cliente final con comerciales propios | Fundada en 1991, más de 30 años de trayectoria — empresa consolidada con músculo comercial propio",https://gesab.com/en/about-us/ | https://gesab.com/en/ | https://www.cbinsights.com/company/gesab | https://www.cepyme500.com/es/empresa/gesab-sau-1
Norte/Galicia,MACOGA Engineered Expansion Joints,Galicia,66,Industrial Machinery Manufacturing,B,"MACOGA es un fabricante industrial gallego exportador global genuino con producto de alto valor añadido, ciclo largo y universo de compradores amplio en +90 países — encaja bien en el patrón ICP. La penalización viene del tamaño en el límite inferior (66 empleados) y de la concentración relativa en el sector Oil & Gas, aunque no es Tier-1 de automoción ni modelo de distribución pura.","Exportador global real: presencia en +90 países en todos los continentes (web MACOGA) | Universo de compradores muy amplio: refino, petroquímica, LNG, nuclear, cemento, minería, aeroespacial, criogénica — decenas de sectores y geografías | Clientes finales de referencia: BP, ExxonMobil, Eni, Ecopetrol, Engie, CEPSA — venta directa a operadores e ingeniería EPC | Producto engineered-to-order a medida (hasta 10 m de diámetro), ciclo largo y ticket medio-alto | Planta propia en Galicia (25.000 m²) — fabricante industrial español, no filial de multinacional extranjera | Distribuidores internacionales como R&H Technical Sales (EE.UU.) y Gulf Incon (Oriente Medio) sugieren expansión activa en nuevos mercados",https://www.macoga.com/en/about-us | https://www.rhtechnical.com/macoga.html | https://www.zoominfo.com/c/macoga-sa/355266735 | https://www.gulfinconme.com/MacogaExpansionJoints.aspx
Norte/Cataluña,ATP Engineering & Packaging,Cataluña,60,Automation Machinery Manufacturing,B,"Fabricante catalán de maquinaria de packaging automatizado con exportación real (>15 países, 50% facturación, oficina propia en Polonia) y universo de compradores amplio en food/beverage/cosmética/farmacia — encaja bien en perfil ICP industrial exportador con venta directa y ticket alto. El único freno relevante es la localización en Cataluña, fuera del territorio norte de España donde Neety tiene foco comercial prioritario.","Exporta a más de 15 países, con exports representando el 50% del facturación total | Oficina comercial propia en Varsovia (Polonia) — venta directa internacional con equipo propio | Participa en Interpack 2026 (Düsseldorf) — señal de expansión internacional activa | Fabricante de líneas completas de packaging robotizado y automatizado = bienes de equipo, ticket alto, ciclo largo | Clientes en sectores food, beverage, cosmética, farmacia — universo de compradores amplio sin concentración | Plan de Marketing Digital Internacional lanzado 2022 para mejorar posicionamiento en mercados exteriores",https://atp-packaging.com/en/about-us | https://www.interpack.com/vis/v1/en/exhprofiles/aLR99wbWTu2I39iG27xuJw | https://www.linkedin.com/company/atp-packaging
Norte/Cataluña,Ingeniería Magnética Aplicada,Cataluña,64,Industrial Machinery Manufacturing,B,"IMA encaja en perfil industrial-exportador con universo de compradores amplio y venta directa a multiples sectores en 60 paises, pero queda en medium por estar fuera del foco geografico norte de Espana y tener plantilla en el limite inferior del ICP. No hay señales de concentracion de clientes ni modelo distribuidor dominante.","Exporta el 70% de produccion a clientes en 60+ paises | Mas de 1.000 clientes en multiples sectores (automocion, aeroespacial, alimentacion, motores, reciclaje, renovables) — universo amplio | Plantas productivas en Espana, Italia y China — expansion internacional real | Participacion en mision NASA Mars Perseverance (2021) — ingenieria de alto valor | Certificaciones IATF 16949 + ISO 9001 — ventas directas a industria exigente | Ranking 138 exportadoras en su sector segun datos CESCE 2023",https://exportadores.cesce.es/exportaciones-ingenieria-magnetica-aplicada | https://imamagnets.com/en/about-us/ | https://imamagnets.com/ingenieria-magnetica-aplicada/ | https://soloindustria.com/directory/ima-ingenieria-magnetica-aplicada-sl-imanes-ima/
Norte/Cataluña,Sidasa Engineering,Cataluña,62,Industrial Machinery Manufacturing,B,"Sidasa Engineering encaja en el patron ICP en todos los ejes clave: ingenieria industrial de proceso, exportador real con presencia tecnica en 4 paises, universo de compradores amplio (multiples industrias y geografias), venta directa y proyectos de alto ticket. El unico freno es el tamano (62 empleados, por debajo del sweet spot) y la ubicacion en Cataluna frente al foco norte, lo que la situa en medium en lugar de strong.","Oficinas tecnicas propias en Francia, Alemania, Eslovaquia y USA — presencia internacional establecida | Proyectos llave en mano en China (instalaciones Dip Spin 14Tn/h para automocion) — exportacion real de ingenieria | Universo de compradores amplio: aerospace, automocion, cosmetica, maquinaria agricola, maquinaria general, plasticos/metal/aluminio | Modelo contratista general con equipo tecnico propio — venta directa sin distribuidores | Mas de 60 anos de experiencia en sector industrial de alta especializacion — ticket alto y ciclo largo tipico de proyectos de instalacion",https://sidasa.com/ | https://www.linkedin.com/company/sidasa-engineering | https://www.zoominfo.com/c/sidasa-engineering/1270545337 | https://www.eximpedia.app/companies/sidasa-engineering/79139444
Norte/La Rioja,Teinnova,La Rioja,62,Machinery Manufacturing,B,"Teinnova es un fabricante riojano de maquinaria robotizada para limpieza industrial con exportación real a más de 100 países y universo de compradores amplio — perfil genuinamente ICP. El freno es el tamaño (62 empleados, ~4,5M€) que sugiere un equipo comercial internacional reducido, lo que puede limitar la propuesta de valor de Neety en este momento.","75% de facturación en más de 100 países — exportador intensivo con presencia global | Premio a la Internacionalización de La Rioja por su labor exportadora | Nuevo producto: robot VCR2 para limpieza de fachadas — señal de innovación y expansión de gama | Universo de compradores amplio: instaladores HVAC, alimentación, hospitales, automoción en múltiples países | Sector maquinaria/bienes de equipo especializado (limpieza industrial robotizada) — alineado con ICP",https://nuevecuatrouno.com/2026/05/22/teinnova-lleva-la-tecnologia-riojana-de-limpieza-industrial-a-mas-de-cien-paises | https://teinnovacleaning.es/ | https://es.linkedin.com/company/teinnova
Norte/Cataluña,PATGROUP_en,Cataluña,124,Industrial Machinery Manufacturing,B,"PATGROUP encaja en el patrón ICP como fabricante de maquinaria industrial con exportación real a 50+ países, tamaño adecuado y universo de compradores amplio en múltiples industrias. El fit baja a medium por combinar venta directa con distribuidores y por estar en Cataluña en lugar del norte de España.","Fabricante de maquinaria industrial (sistemas y equipos de proceso) para farma, nutracéuticos, cosmética y alimentación — clasificado en LinkedIn como Industrial Machinery Manufacturing | Exportador real a más de 50 países con presencia propia en Argentina y EE.UU. — señal de venta directa internacional | 124 empleados (sweet spot ICP 80-150) | Modelo end-to-end: I+D, validaciones internacionales, maquinaria y formación técnica — ticket medio-alto y ciclo largo | Universo de compradores amplio: clientes en sectores farma, nutracéutico, cosmético, veterinario y alimentación en todo el mundo",https://patgroup-sa.com/?lang=en | https://www.medicalexpo.com/prod/pat-group-130074.html | https://keysermackay.com/new-supplier-pat-group | https://www.zoominfo.com/c/pat-group/357208061
Norte/Cataluña,Kivnon,Cataluña,91,Automation Machinery Manufacturing,B,"Kivnon es un fabricante de AMRs con perfil industrial sólido (91 empleados, 20 países, universo amplio en automoción/farma/alimentación/logística), pero su modelo de go-to-market internacional se apoya en partners y distribuidores (Macrovey en EEUU, ProLog en Alemania), lo que diluye el encaje con el ICP de venta directa. Adicionalmente, acaba de salir de un proceso concursal (adquisición por Cap Capital en feb 2025), lo que introduce incertidumbre de prioridades aunque también es señal de timing por reestructuración.","5.000+ robots instalados en 20 países (2023) — exportador real con presencia global | Filiales propias en UK, Francia, Alemania, Eslovaquia, EEUU y México — estructura internacional | Adquisición por Cap Capital Investments (feb 2025) — reestructuración y nueva etapa de crecimiento como señal de timing | Universo de compradores amplio: automoción, alimentación, farma y logística — no concentrado en pocos OEMs | 91 empleados — sweet spot ICP (80-150) | Acuerdo con gran cadena de supermercados (2025) — apertura a nuevos sectores",https://www.robotics247.com/article/kivnon_makes_installs_5000_mobile_robots_20_countries | https://www.roboticstomorrow.com/news/2023/07/11/kivnon-reaches-5000-installed-mobile-robots-in-20-countries/20811/ | https://cronicaglobal.elespanol.com/business/20250412/daniel-parra-kivnon-queremos-contribuir-cataluna-referencia/1003742648183_0.html | https://www.einforma.com/informacion-empresa/kivnon-global | https://www.kivnon.com/en/sobre-nosotros/
Norte/Galicia,Russula,Galicia,180,Industrial Machinery Manufacturing,B,"Russula encaja en industrial, exportación real y venta directa con oficinas propias en 6 países, con señales claras de expansión internacional activa en 2024-2025. El freno principal es el universo de compradores: sirve a grandes acerías globales, un mercado especializado con pocas cuentas de gran tamaño, lo que lo sitúa por debajo del patrón ideal de amplitud (tipo ULMA Packaging o Fagor Automation), aunque no tan concentrado como un Tier-1 de automoción.","Presencia activa en +30 países con oficinas propias en Brasil, India, Italia, México, Rusia y USA | Financiación COFIDES de 2,7M€ en 2025 para expansión en EE.UU. (R&D automatización plantas agua sector acero/aluminio) | Proyectos recientes (2024-2025): Novelis Alabama, Big River Steel Arkansas, Celsa France Bayonne, Gerdau Brasil | 180 empleados — rango sweet spot ICP (80-150/200) | Sede y taller en A Coruña, Galicia — empresa española genuina, no filial extranjera | Ingeniería de proyectos de alto ticket (laminación, automatización, sistemas hidráulicos siderúrgicos)",https://www.russula.com/about-us | https://www.russula.com/press-releases/russula-implements-a-celsa-rolling-mill-in-france-that-will-generate-300-million-euros-per-year.html | https://www.russula.com/projects
Norte/Cataluña,Escubedo Connection Systems S.A.U.,Cataluña,82,"Appliances, Electrical, and Electronics Manufacturing",B,"Encaja bien en el patrón industrial-exportador con universo amplio de compradores y venta directa internacional consolidada, pero queda fuera del foco geográfico norte de España y su madurez exportadora reduce la urgencia del pain que Neety resuelve. Medium por perfil sólido pero timing y geografía penalizan.","Exporta a más de 45 países con plantas propias en Turquía (ESCUTURCO) y México (ESCUMEX) y filiales logísticas en Brasil, China y Suecia — estructura comercial directa muy desarrollada | Universo de compradores amplio: vende terminales y sistemas de conexión a fabricantes de automoción, electrodoméstico y electrónica en múltiples sectores y geografías, no a 4-5 OEMs concentrados | 82 empleados — en el sweet spot 80-150 del ICP | 961 envíos de exportación registrados; producto técnico con ciclos de homologación y ticket medio-alto (componentes certificados para automoción)",https://www.escubedo.com/en/company/markets/ | https://connectorsupplier.com/company-profile/connector-manufacturers/escubedo-sa/ | https://www.volza.com/company-profile/escubedo-connection-systems-sau-46099259/
Norte/Cataluña,MEPSA - GRINDING & POLISHING MACHINES,Cataluña,80,Industrial Automation,B,"MEPSA encaja bien en el perfil industrial ICP de Neety (maquinaria especial exportadora, universo amplio de compradores, ticket alto) pero queda fuera del ámbito geográfico de la campaña de norte de España; es un candidato válido para una expansión a Cataluña, no para el pipeline actual.","Fabricante de maquinaria especial (robótica, CNC, líneas de rectificado/pulido/desbarbado) — bienes de equipo de ticket alto y ciclo largo | Presencia declarada en +36 países — exportador real con red comercial internacional consolidada | 80 empleados (LinkedIn) — dentro del sweet spot ICP (80-150) | Universo de compradores amplio: sirve múltiples sectores industriales (automoción, aeroespacial, médico, general metalurgia) | Miembro de AFM (Asociación española de fabricantes de máquinas-herramienta) — señal de empresa fabricante seria | Venta técnica directa al cliente final implícita en el modelo de maquinaria personalizada a medida",https://www.afm.es/en/companies/members/mepsa-2 | https://www.mepsa.es/en/ | https://es.linkedin.com/company/mepsa-grinding-polishing-machines | https://www.directindustry.com/prod/mepsa-22721.html
Norte/Cataluña,"EQUIPCERAMIC, S.A.",Cataluña,80,Industrial Machinery Manufacturing,B,"EQUIPCERAMIC encaja muy bien en perfil industrial-exportador: ingeniería de plantas turnkey con >90% de exportación, ticket alto, ciclo largo, venta directa y universo de compradores amplio a nivel global. El único freno relevante para la campaña de Neety es que tiene sede en Cataluña, fuera del foco geográfico norte de España, lo que la sitúa en medium en lugar de strong.","Exportación >90% de su facturación — vende plantas completas turnkey a nivel mundial (Algeria, Túnez, Perú, USA, y 21 proyectos activos en 2024) | Ingeniería de maquinaria industrial pesada (hornos, secaderos, sistemas automatizados para industria cerámica de construcción) — ticket alto, ciclo largo de proyecto | Universo de compradores amplio: fabricantes de ladrillo/teja/cerámica de construcción en todo el mundo, no concentrado en 4-5 OEMs | Venta directa: ingeniería propia, +30 ingenieros multidisciplinares, fuerza comercial internacional propia | 21 proyectos en curso en instalaciones de clientes (2024) — actividad comercial internacional activa | ~80 empleados (75-80 en 2025) — encaja en sweet spot del ICP (80-150)",https://www.zi-online.info/en/artikel/spanish-plant-manufacturer-equipceramic-prepares-for-future-challenges-4291551.html | https://www.zi-online.info/en/artikel/equipceramic-expands-capabilities-and-range-of-offers-4230785.html | https://equipceramic.net/es/equipceramic-2024-proyectos-en-curso/ | https://www.seair.co.in/spain-exporter/equipceramic-s-a.aspx | https://www.equipceramic.com/
Norte/Cataluña,MIMASA WASHING TECHNOLOGIES,Cataluña,64,Machinery Manufacturing,B,"Fabricante catalán de maquinaria de lavado industrial a medida para alimentación y logística, con exportación real (52% ventas al exterior, presencia mundial en sectores cárnico/avícola/pesca/lácteo) y universo de compradores amplio. Encaja bien en perfil ICP industrial-exportador con ticket alto y ciclo largo, pero queda fuera del territorio objetivo de Neety (norte de España) y con 64 empleados está en el borde inferior del rango ideal.","Exportación confirmada: 52% de ventas son exportaciones, con clientes en múltiples países en los sectores cárnico, avícola y logístico (CESCE exportadores 2022) | Nueva planta inaugurada en enero 2024 en Fornells de la Selva (Girona): señal de crecimiento y expansión de capacidad | Maquinaria custom-made a medida para plantas industriales: ticket alto y ciclo largo por naturaleza del proyecto | Universo de compradores amplio: mataderos, plantas de procesado, operadores logísticos alimentarios en todo el mundo | 64 empleados (LinkedIn) con expansión reciente de plantilla",https://exportadores.cesce.es/exportaciones-mimasa-washtech | https://mimasa.com/en/company.html | https://www.primedge.com/products-services/mimasa-washing-systems/ | https://mimasa.com/en/news/new-corporate-video.html
Norte/Cataluña,PATGROUP_es,Cataluña,79,Industrial Machinery Manufacturing,B,"PATGROUP encaja bien en el patron ICP de Neety como fabricante de maquinaria especializada con exportacion activa, venta directa y ticket alto, pero pierde puntos por estar en Cataluna (fuera del foco norte) y por una verticalidad sectorial que estrecha algo el universo practico de compradores. Es un medio solido que podria subir a strong si Neety expande geografia.","Fabricante de maquinaria industrial de proceso (mezcladores, equipos solidos/semis/liquidos) para pharma, nutraceutica, cosmetica y alimentacion — patron ICP clasico de bienes de equipo a medida | Presencia activa en ferias internacionales clave: FCE Pharma 2025 (Latinoamerica), IPAC IMA y Vitafoods 2025 — expansion internacional documentada en 2025 | 79 empleados (sweet spot ICP 60-150), mas de 35 anos de historia, laboratorio piloto propio — senales de empresa consolidada con capacidad exportadora | Venta directa confirmada: invitan a clientes y prospectos a visitar su laboratorio piloto en Espana, sin mencion de modelo distribuidor | Universo de compradores amplio: clientes en pharma, nutraceutica, cosmetica, veterinaria y alimentacion a nivel global",https://patgroup-sa.com/pat-group-strengthens-its-international-presence-at-ipac-ima-and-vitafoods-2025 | https://patgroup-sa.com/pat-group-reaffirms-its-leadership-in-the-pharmaceutical-industry-at-fce-pharma-2025 | https://patgroup-sa.com/industrial-solutions-and-technology-with-global-reach/ | https://www.medicalexpo.com/prod/pat-group-130074.html
Norte/Cataluña,"LLEAL, S.A.U",Cataluña,74,Machinery Manufacturing,B,"LLEAL es un fabricante industrial de maquinaria de proceso con universo de compradores amplio (multisector: alimentación, pharma, química, cosmética) y crecimiento internacional real en 2023-2024, lo que la aproxima bastante al ICP. Sin embargo, el modelo de internacionalización se apoya en representantes locales más que en comerciales propios, lo que reduce el encaje con el perfil de venta directa que mejor aprovecha Neety; además está en Cataluña, fuera del norte de España.","Fabricante de maquinaria industrial para procesos (mezcla, molienda, secado, emulsión) para alimentación, farmacéutica, cosmética, química y pintura — sectores con universo de compradores amplio | Exportaciones internacionales crecieron un 35% en 2024; las ventas totales subieron un 55% ese año | Expansión activa a nuevos mercados: América Latina (México, Colombia, Costa Rica) y Norte de África (Marruecos) desde 2023 | ~92 empleados en 2024, dentro del rango sweet spot ICP (80-150) | Ticket alto y ciclo largo: maquinaria industrial por proyectos con laboratorio de pruebas propio | Empresa con raíces propias (fundada 1874, Granollers), no filial de multinacional extranjera",https://www.lleal.com/en/who-we-are/ | https://revistadelvalles.es/2023/09/17/la-empresa-de-granollers-lleal-se-expande-a-los-mercados-de-america-latina-y-norte-de-africa/ | https://www.lleal.com/repasamos-un-2024-de-pleno-crecimiento-para-lleal/ | https://www.alimarket.es/construccion/noticia/376754/lleal-apuesta-por-elevar-su-crecimiento-en-mercados-exteriores
Norte/Cataluña,"Riera Nadeu, S.A.",Cataluña,66,Machinery Manufacturing,C,"Perfil industrial exportador de maquinaria de proceso con universo de compradores muy amplio y venta directa — encaja bien en el ICP de producto. El único freno relevante es geográfico: Granollers (Cataluña) queda fuera del scope norte de España del pool, lo que penaliza el score aunque el perfil de empresa en sí sería medium-strong.","Fabricante de maquinaria industrial de proceso (centrífugas, secadores flash, micronizadores) fundado en 1952 — bienes de equipo de ciclo largo y ticket medio-alto | Más de 2.000 referencias activas en mercados internacionales: India, Japón, Turquía, Rusia, Tanzania, Tailandia | Exportaciones estimadas entre 5-10M USD sobre ~13M USD de facturación total — alto ratio exportador | Universo de compradores muy amplio: sectores biotecnología, pharma, alimentación, química, energía y upcycling en todo el mundo | Venta directa con servicio after-sales propio en Granollers (ingeniería, laboratorio, test-center)",https://cronicaglobal.elespanol.com/business/confidente-vip/20210630/la-maquinaria-de-riera-nadeu-supera-covid/592940810_0.html | https://rieranadeu.com/about-us/ | https://www.volza.com/company-profile/riera-nadeu-s-a-17859640/ | https://www.cepyme500.com/empresa/riera-nadeu | https://www.zoominfo.com/c/riera-nadeu-sa/82018987
Norte/Cataluña,Lidering,Cataluña,63,Industrial Machinery Manufacturing,C,"Lidering encaja bien en perfil industrial-exportador con universo amplio de compradores y venta directa internacional, pero está en Cataluña, fuera del territorio norte de España que cubre la campaña de Neety; el tamaño (~63 empleados, ~$8.5M revenue) está en el límite inferior del sweet spot.","Fabricante propio de sellos mecánicos con 50 años de historia (fundada 1975, 50 aniversario 2025) | Presencia internacional directa con subsidiarias propias: Lyon, Düsseldorf, Waterloo (Bélgica), Panamá — venta directa, no solo distribuidores | Clientes en más de 30 países y 5 continentes | Universo de compradores muy amplio: química, farmacia, alimentación, petroquímica, agua, energía, cosmética | 63 empleados, dentro del sweet spot 80-150 aunque en el límite inferior | Producto de ingeniería con diseño, fabricación y reparación propios — ticket/ciclo coherente con ICP",https://www.lidering.com/ | https://www.europeansealing.com/news-from-esa-members-lidering-celebrates-50-years-experts-in-mechanical-seals-for-global-industry/ | https://rocketreach.co/lidering-profile_b5e29867f42e6329 | https://www.exportaciones.com.es/equipos/lidering-s-a/
Norte/Cataluña,CELO,Cataluña,153,Industrial Machinery Manufacturing,C,"CELO es un fabricante industrial exportador real con universo de compradores amplio (automocion, electronica, electrodomesticos, medico) y expansion internacional activa (Mexico 2025, adquisicion 2024), pero tiene dos frenos ICP claros: sede en Cataluña (fuera del territorio norte de España de Neety) y producto de tornilleria de precision con componente de precio/volumen que reduce el ciclo largo y el ticket alto tipicos del ICP ideal.","Exportador real con plantas en España, Alemania, China, Mexico y USA + 10 centros logisticos en 4 continentes | Apertura CELO Mexico en Guanajuato (2025): señal de nuevo mercado activo | Adquisicion Sistemas Masa / nueva division CELO Facades (2024): señal M&A y expansion de producto | 153 empleados: dentro del sweet spot ICP (80-1000) | Universo de compradores amplio: automotive OEM+Tier1, electronica, electrodomesticos, electrico, medico | Venta directa con ingenieros de aplicacion propios, no modelo puro distribuidor",https://www.celo.com/about-us | https://www.celofasteners.com/en/ | https://www.celofixings.com/ | https://leadiq.com/c/celo/5a1d97542300005b0085e0c4
Norte/Cataluña,GPAINNOVA | DLyte,Cataluña,154,Industrial Machinery Manufacturing,C,"GPAINNOVA es una empresa industrial exportadora con universo de compradores amplio y ticket/ciclo alto, patron muy alineado con el ICP de Neety; sin embargo, su modelo de expansion internacional se articula principalmente mediante una red de distribuidores (55+), lo que reduce el encaje porque Neety apunta a empresas con comerciales directos propios que necesitan inteligencia de senales. La ubicacion en Cataluna tambien la deja fuera del foco geografico norte de Espana.","Fabricante de maquinaria industrial de electropolido seco (DLyte), sector Industrial Machinery Manufacturing | Exportador real con subsidiarias propias en EE.UU. (Florida), Hong Kong y China | +600 clientes mundiales en sectores diversos (medtech, aeroespacial, dental, AM, automocion) | 154-182 empleados, dentro del sweet spot ICP | Expansion activa: nuevos mercados (Polonia, Norteamerica), nuevo producto DLyte Desktop PRO, acuerdos de distribucion recientes 2024-2025 | Presente en EMO Hannover 2025, feria internacional de referencia en maquinaria | Facturacion ~23M EUR (2021) con crecimiento del 47% interanual",https://www.gpainnova.com/gpainnova-america-partners-with-infinico-group-for-dry-electropolishing-technology-distribution/ | https://visitors.emo-hannover.de/exhibitor/gpa-innova-dlyte/068772 | https://www.gpainnova.com/gpainnova-to-launch-dlyte-desktop-pro-the-first-ultra-compact-dry-electropolishing-machine/ | https://www.pres-x.com/green-technology-at-the-heart-of-the-partnership-pres-x-and-gpainnova/ | https://www.dlyte.com/news/gpainnova-goes-with-the-dlyte-on-tour-to-show-its-electropolishing-technology/
Norte/Cataluña,tekniatest,Cataluña,63,Machinery Manufacturing,C,"Ingenieria de maquinaria automatizada a medida (bancos de test y ensamblaje) con 20+ años de experiencia internacional y delegacion activa en Mexico; perfil industrial-exportador con ticket alto y venta directa a Tier-1 de automocion global — universo de compradores razonablemente amplio. Penaliza: foco casi exclusivo en automocion Tier-1 (sector concentrado en pocas decenas de grandes cuentas globales) y sede en Cataluna, fuera del foco geografico norte de Espana que prioriza Neety.","Empresa de ingenieria de maquinaria automatizada a medida (test & assembly): ticket alto, ciclo largo | Exportador activo: delegacion propia en Queretaro (Mexico), >100 proyectos worldwide | Venta directa a Tier-1 automotriz global: no distribuidores | 63 empleados — dentro del rango sweet spot (80-150 justo por debajo, pero operativo) | Expansion internacional activa como señal de timing",https://tekniatest.com/es/ | https://tekniatest.com/about-us/ | https://es.linkedin.com/company/tekniatest | https://www.dunsguide.com/company/3824169ef9f997c68a681975ab0d05d4/tekniatest-solutions-sa-de-cv
Norte/Cataluña,MORCHEM,Cataluña,151,Chemical Manufacturing,C,"Morchem es un exportador industrial sólido con universo de compradores amplio y ventas directas internacionales, pero está en Cataluña (fuera del norte de España) y su producto — adhesivos de especialidad — tiene ciclos de compra más cortos y ticket menor que los bienes de equipo o maquinaria que representan el patrón ICP óptimo de Neety.","Exporta más del 80% de su producción a nivel mundial | Filiales propias en Alemania, EE.UU., UAE, China e India desde 2010 — infraestructura comercial internacional directa | 148 empleados (2025), dentro del sweet spot ICP (80-150) | Crecimiento financiero fuerte: EBIT +65% y facturación +15.7% entre 2023-2024 — empresa en expansión | Química de especialidad (poliuretano), no commodity básico — producto técnico con componente de aplicación",https://www.morchem.com/about-us/ | https://www.morchem.com/ | https://www.einforma.com/informacion-empresa/morchem | https://www.empresia.es/empresa/morchem/
Norte/Cataluña,OLIVER + BATLLE,Cataluña,84,Machinery Manufacturing,C,"Oliver + Batlle encaja bien en industrial, exportador, universo amplio y ticket alto, pero su go-to-market internacional se apoya en una red de ~30 representantes/agentes externos, no en comerciales propios por país, lo que debilita el fit con Neety (que apunta a empresas con equipos de venta directa que necesitan señales para prospectar). Cataluña como sede lo deja fuera del foco norte geográfico.","Fabricante de maquinaria industrial (agitación, molienda, envasado, ingeniería) para industria de pintura, recubrimientos, tintas y adhesivos — sector bienes de equipo | Presencia mundial activa: 110 empleados en sede Badalona, 14.000 m2, más de 65 años exportando plantas completas | Universo de compradores amplio: fabricantes de pintura y recubrimientos en todo el mundo son muchos clientes potenciales distintos | Ticket medio-alto y ciclo largo: suministro de líneas de envasado completas a multinacionales (proyectos llave en mano) | 108 empleados en 2024, dentro del rango ICP (80-150 sweet spot) | Señal reciente 2024: suministro de la línea de envasado más completa fabricada hasta la fecha para un top-5 mundial del sector en España",https://es.kompass.com/c/oliver-y-batlle-s-a-u/es0025160/ | https://oliverbatlle.com/en/company/ | https://oliverbatlle.com/en/contact/international-representatives/ | https://www.axesor.es/Informes-Empresas/55935/OLIVER_Y_BATLLE_SA.html
Norte/Galicia,Tecglass Digital,Galicia,74,Machinery Manufacturing,C,"Tecglass es tecnológicamente ICP en casi todo (maquinaria industrial, exportación global, universo amplio de fabricantes de vidrio, venta directa, ticket alto), pero en 2016 fue adquirida por Fenzi Group SpA (multinacional italiana) y opera como su unidad de impresión digital; la sede productora y de I+D sigue en Lalín (Galicia) con ~74 empleados, lo que la pone en zona gris: no es una distribuidora local de producto ajeno, pero las decisiones comerciales estratégicas y el presupuesto de herramientas probablemente se toman desde el grupo italiano, lo que reduce significativamente la probabilidad de cierre autónomo.","Sede productora y de I+D en Lalín (Pontevedra, Galicia) — enclave industrial real, no oficina comercial | Exporta a más de 6 continentes con unidades permanentes en China, Rusia y EE.UU. | Producto: máquinas de impresión digital sobre vidrio (maquinaria de alto ticket, ciclo largo) | Universo de compradores amplio: fabricantes de vidrio decorativo/arquitectónico en todo el mundo | Venta directa con red comercial propia internacional (country managers/área managers) | Crecimiento de ventas del 22% interanual en 2023 (señal de expansión activa) | 74 empleados — dentro del rango sweet spot (80-150, pero próximo)",https://www.tecglassdigital.com/en/about-us | https://www.fenzigroup.com/en/fenzi-group/news-events/fenzi-invests-in-tecglass-for-digital-glass-printing | https://glassbalkan.com/news/tecglass-global-digital-printing-excellence/ | https://www.glassonweb.com/news/press-glass-boosts-production-capabilities-with-tecglass-digital-printing-systems
Norte/Cataluña,GALFER (Industrias Galfer),Cataluña,103,Automotive,C,"Galfer es exportador real con expansion internacional activa (filial USA 2025) y tamano adecuado, pero su modelo de negocio hibrido OEM+distribuidores aftermarket en componentes de frenado para moto/bici no encaja con el perfil industrial B2B de bienes de equipo o maquinaria que es el sweet spot de Neety; ademas su sede en Cataluna la aleja del foco geografico norte de Espana.","Nueva filial propia Galfer USA en Orlando inaugurada en 2025 — expansion internacional activa con estructura propia | Subsidiaria en Italia operativa desde 2018, exportacion consolidada a mas de 30 paises | 103 empleados: dentro del rango sweet ICP (80-150) | OEM supplier de KTM, Ducati, Triumph, Beta, Orbea: relaciones directas con fabricantes",https://galfer.com/about-us/ | https://galfer.eu/galfer-industries-inaugurates-its-new-galfer-usa-subsidiary-in-orlando/ | https://thebrakereport.com/galfer-launches-new-north-american-subsidiary/ | https://galfer.com/moto/es/distribuidores/
Norte/Castilla y León,Onyx Solar Energy,Castilla y León,69,"Glass, Ceramics and Concrete Manufacturing",C,"Onyx Solar exporta activamente a 60 países con venta directa y ticket alto, lo que en abstracto encaja con el patrón ICP; pero la geografía (Ávila, Castilla y León, fuera del norte industrial) y el perfil del buyer (arquitectos/promotores de obra singular, no directores comerciales industriales) la alejan del ICP de Neety. El tamaño está en el límite inferior y el sector BIPV responde a dinámicas de ciclo de obra, no al ciclo comercial B2B industrial para el que está diseñada la inteligencia de señales de Neety.","500+ proyectos en 60 países — universo comprador amplio y diversificado (arquitectos, promotores, multinacionales) | Crecimiento de ventas +9,53% entre 2023 y 2024 | Clientes de alto perfil: Apple, Microsoft, Marriott, Novartis, Coca-Cola, Heineken, Balenciaga | Nuevo producto lanzado nov 2024: baldosas PV caminables (walkable PV tiles) | Venta directa a estudios de arquitectura de primer nivel (Rem Koolhaas, Norman Foster, KPF) y a promotores finales | Vidrio totalmente personalizado — ticket alto y ciclo largo por naturaleza (proyectos de construcción)",https://onyxsolar.com/about/company | https://en.wikipedia.org/wiki/Onyx_Solar | https://www.iberinform.es/empresa/4106250/onyx-solar-energy | https://cylsolar.com/asociados/listado-de-asociados/onyx-solar/
Norte/Cataluña,"METALQUIMIA, SAU",Cataluña,99,Industrial Machinery Manufacturing,C,"Metalquimia es una empresa industrial exportadora con universo de compradores amplio y ticket alto — encaja en perfil de producto, pero su go-to-market internacional se apoya en distribuidores y representantes exclusivos, no en fuerza comercial directa propia, que es requisito central del ICP. Además está fuera del foco geográfico norte de España.","Exporta ~90% de ventas a más de 75-90 países en 5 continentes — universo de compradores muy amplio (3.000 clientes historicos) | Maquinaria de proceso y plantas llave en mano para la industria cárnica — ticket alto, ciclo largo | ~140-160 empleados, tamaño sweet spot ICP | Inauguración de tercer Centro de Ensamblaje en Palol de Revardit (Girona) en 2021 — señal de expansión de capacidad | Clientes de referencia internacionales: Shuanghui-Smithfield, Tyson Foods, Unilever, Sadía Ito Ham",https://www.metalquimia.com/en/about-us/metalquimia/ | https://www.viaempresa.cat/es/empresa/metalquimia-plantas-carnicas-china_2171229_102.html | https://accid.org/wp-content/uploads/2018/11/Metalquimia.pdf | https://www.axesor.es/Informes-Empresas/15/METALQUIMIA_SOCIEDAD_ANONIMA.html
Norte/Cataluña,Roquet Group,Cataluña,192,Mechanical Or Industrial Engineering,C,"Roquet Group es un exportador industrial real con presencia internacional muy amplia, pero su modelo de internacionalización se apoya en una red de distribuidores en 34 países, no en comerciales propios o country managers — el anti-ICP más crítico de Neety. Además opera desde Cataluña (fuera del norte de España) y su producto es componentes hidráulicos de catálogo, de ciclo transaccional corto y ticket bajo, no bienes de equipo o proyectos complejos.","86% de ventas son exportaciones, presencia en 34 países (2024) | 770 empleados en el Grupo — dentro del rango medio-grande | Fabricante industrial de componentes hidráulicos (bombas, cilindros, distribuidores) con 70+ años de experiencia | Facturación de 113 millones de euros (2024) | Empresa de capital familiar con sede en Cataluña",https://cronicaglobal.elespanol.com/business/confidente-vip/20240828/roquet-hydraulics-alcanza-una-facturacion-de-millones/881411928_0.html | https://www.roquetgroup.com/en/distributor-network.html | https://www.roquetgroup.com/es/empresas-del-grupo.html | https://exportadores.cesce.es/exportaciones-roquet-hydraulics
Norte/Cataluña,CIRCONTROL,Cataluña,200,"Appliances, Electrical, and Electronics Manufacturing",C,"CIRCONTROL cumple bien los criterios industriales, exportadores y de universo amplio de compradores, pero está fuera del territorio objetivo de Neety (norte de España) y el modelo de go-to-market en EV charging internacional se apoya habitualmente en distribuidores locales, no en fuerza de ventas directa propia por mercado. Dos filtros críticos fallidos rebajan el fit a débil.","70% de ingresos vía exportación, presencia en +50 países (dato ficha 2025) | Fabricante de hardware industrial (cargadores EV y sistemas de guiado de parking) con 55% plantilla ingenieros | ~200-250 empleados, en rango ICP | Universo de compradores amplio: municipios, flotas, hospitales, hoteles, centros comerciales a escala global | Proyectos de infraestructura con ticket medio-alto y ciclo largo",https://circontrol.com/who-we-are/ | https://www.zoominfo.com/c/circontrol-sa/354045783
Norte/Cataluña,TGB Group,Cataluña,104,Industrial Machinery Manufacturing,C,"TGB Group fabrica slew drives y slewing rings con 83% de exportación y 104 empleados, pero su mercado principal es el solar utility-scale (trackers), sector con universo de compradores muy concentrado (grandes EPCs y promotores). Además operan explícitamente con red de distribuidores internacionales, no venta directa al cliente final, lo que los aleja del patrón ICP de Neety.","Fabricante industrial de maquinaria de precisión (slew drives, slewing rings), 30+ años de experiencia | 104 empleados, tamaño en sweet spot ICP | 83% de ventas son exportaciones — internacionalización real | Presencia comercial propia en Brasil, Francia y Turquía (oficinas locales) | Planta de producción en Shanghai (2009) y colaboración en India (2017) — expansión manufacturera internacional",https://www.tgb-group.com/about/ | https://exportadores.cesce.es/exportaciones-tgb-group-technologies | https://www.directindustry.com/soc/tgb-group-technologies-157638.html | https://www.enfsolar.com/tgb
Norte/Cataluña,INTERFLEX,Cataluña,87,Electrical Equipment Manufacturing,C,"INTERFLEX cumple los requisitos estructurales (industrial, exportadora real, empresa independiente, universo amplio de compradores, venta directa) pero falla en dos criterios clave: esta fuera del ambito geografico norte de Espana (Cataluna) y su producto es componente electrico de ciclo corto/ticket bajo, no maquinaria o bienes de equipo de ciclo largo. Descartable para el outbound actual de Neety por geografia y perfil de venta.","Exporta a mas de 55 mercados en 5 continentes — internacionalizacion real y consolidada | Empresa familiar independiente (2.a generacion), no filial de multinacional extranjera | 87-116 empleados, dentro del sweet spot ICP (80-150) | Universo de compradores amplio: proyectos industriales de infraestructura, instaladores, fabricantes de maquinaria en multiples sectores | Venta directa con red comercial propia internacional",https://www.interflex.es/international/who-we-are/ | https://www.interflex.es/international | https://es.linkedin.com/company/interflex-sl | https://rocketreach.co/interflex-sl-profile_b5eb00b0f42e7bfa
Norte/Cataluña,SUMASA,Cataluña,73,Industrial Machinery Manufacturing,C,"SUMASA encaja bien en perfil de producto (fabricante industrial de ascensores a medida, exporta a +40 países, universo amplio de instaladores, venta directa, ticket medio-alto), pero está fuera del ámbito geográfico objetivo de Neety: es empresa de Cataluña (Sant Llorenç Savall, Barcelona), no del norte de España. Ese desajuste territorial es el principal bloqueante para la campaña outbound actual.","Exporta a más de 40 países — universo de compradores amplio (instaladores y ascensoristas globales) | Fabricante de equipos a medida (ascensores, homelifts, estructuras modulares) — ticket medio-alto y ciclo largo | 73 empleados según LinkedIn — dentro del rango sweet spot ICP | Participación en Interlift 2024 con apuesta por innovación modular y digitalización — señal de actividad comercial internacional activa | Segunda generación familiar gestiona desde 2010 con expansión internacional consolidada hace ~15 años",https://www.interempresas.net/ascensores-montacargas/490130-Sumasa-cuatro-decadas-al-servicio-del-instalador-y-mantenedor-de-ascensores.html | https://www.interempresas.net/ascensores-montacargas/607196-Sumasa-refuerza-su-apuesta-por-la-innovacion-modular-y-la-digitalizacion-en-interlift.html | https://www.iberinform.es/empresa/860009/suministradora-de-ascensores | https://www.e-sumasa.com/es
Norte/Cataluña,Concentrol,Cataluña,96,Chemical Manufacturing,C,"Concentrol cumple bien en internacionalización directa, tamaño y universo de compradores amplio, pero queda fuera del territorio norte de España y su modelo de venta es suministro químico recurrente (no proyectos de alto ticket/ciclo largo), lo que reduce el encaje con el valor diferencial de Neety.","Subsidiarias propias en Brasil (inaugurada 2025), EE.UU., China y México — red comercial directa internacional con 80+ países | Nueva filial en Brasil (São Paulo, 2025) con apoyo de ACCIÓ — señal de expansión activa de mercados | Universo de compradores muy amplio: espuma PU, alimentación, papel, pinturas, textiles, cuero, cartonaje, colchones, automoción, etiquetado | 96 empleados (rango sweet spot 80-150); facturación ~36M€ (2025) | Modelo tailor-made (soluciones a medida), no commodity puro",https://capital-riesgo.es/en/articles/the-catalan-chemical-company-concentrol-with-the-support-of-acci-inaugurates-a-new-subsidiary-in-brazil/ | https://concentrol.com/en/ | https://concentrol.com/company/ | https://concentrol.com/divisions/
Norte/Asturias,SAMOA Industrial,Asturias,198,Machinery Manufacturing,C,"SAMOA Industrial encaja en perfil industrial/exportador pero su modelo de go-to-market es fundamentalmente a través de distribuidores, no con fuerza comercial directa al cliente final, que es el requisito central del ICP de Neety. La herramienta de señales comerciales tiene poco encaje si quienes desarrollan negocio son distribuidores externos, no comerciales propios.","Fabricante industrial de maquinaria de gestión de fluidos complejos (bombas, sistemas de dosificación) — sector ICP | 198 empleados, tamaño dentro del rango objetivo (80-1000) | Presencia en más de 100 países, exportador real con larga trayectoria internacional | Grupo de 26 filiales propias en mercados clave (UK, Francia, Alemania, USA) — señal de expansión sostenida | Universo de compradores amplio: sectores de pintura, lubricación, fluidos industriales, automoción, alimentación, etc. | Producto de alto valor y ciclo largo (equipamiento industrial especializado)",https://www.samoaindustrial.com/en/about | https://www.samoaindustrial.com/en/distributors | https://www.samoaindustrial.com/es/become-distributor | https://www.europages.es/SAMOA-INDUSTRIAL-SA/ESP045763-00101.html
Norte/Aragón,Grupo Tatoma,Aragón,89,Machinery Manufacturing,C,"Grupo Tatoma es industrial y exportador real con señales de expansión internacional, pero el negocio principal (maquinaria agroganadera + contenedores logísticos) tiene un perfil de comprador y ticket que no encaja con el ICP de Neety: los clientes finales son ganaderos/agricultores (no directores comerciales industriales), el ciclo de venta es corto-medio y parte del negocio internacional corre por distribuidora propia, no comerciales directos.","Exporta al 25% de ventas en 5 continentes (Europa, América, Asia, Australia) | Premio Agragex de exportación | Crecimiento 12% por mercados exteriores (2016) | Filiales comerciales propias en EE.UU. y México; planta en China | Apertura de nuevos mercados en India y Vietnam | 89 empleados — dentro del sweet spot ICP (80-150)",https://www.grupotatoma.com/ | https://www.eleconomista.es/aragon/noticias/7364673/02/16/Grupo-Tatoma-crece-un-12-por-los-mercados-exteriores-y-la-actividad-logistica-y-ganadera.html | https://www.grupotatoma.com/noticia.php/es/grupo-tatoma-gana-premio-exportacion-agragex/264 | https://www.tatomaagro.com/en/company/
Norte/Cataluña,GIRÓ,Cataluña,189,Packaging and Containers Manufacturing,C,"GIRÓ fabrica maquinaria de packaging para producto fresco (señal positiva) pero su negocio central es el consumible — mallas de red, films, clips a volumen masivo (1.400 millones de metros/año) —, exactamente el patrón anti-ICP de packaging consumible/commodity. Además opera desde Cataluña, fuera del foco geográfico norte de España de la campaña.","Fabricante de maquinaria de packaging para producto fresco — ticket alto y ciclo largo en la parte machinery | Presencia en 50+ países con filial propia en EE.UU. (Giro Pack Inc.) — exportador real con red comercial directa | 189 empleados — dentro del rango sweet spot 80-300 | 100 años de historia (fundada 1925), R&D propio con 30+ ingenieros — empresa sólida con capacidad de inversión",https://www.giro.es/ | https://www.postharvest.biz/grup-giro/giro-a-century-of-innovation-in-fresh-produce-packaging | https://packagingtechnologies.biz/case_study/giro
Norte/Cataluña,ARANOW Packaging Machinery,Cataluña,61,Machinery Manufacturing,C,"ARANOW es un fabricante industrial exportador real con universo de compradores amplio, pero su modelo de internacionalización se apoya en una red de 90+ distribuidores globales, no en comerciales directos propios que necesiten inteligencia de señales para prospección. Adicionalmente está en Cataluña, fuera del foco geográfico norte de España de Neety.","Fabricante de maquinaria de packaging (stickpacks/sachets) — encaja en bienes de equipo industriales de ciclo largo | Presencia internacional real: sub-sedes propias en India, México, Tailandia y Suiza (2024-2025) | Universo de compradores amplio: sirve farmacéutica, alimentación, cosmética, química, detergentes en todo el mundo | Tamaño en rango ICP: ~61 empleados según LinkedIn; ingresos ~10M€ (2022) | Presencia en ferias internacionales: Vitafoods Europe 2025",https://www.aranow.com/about-us/ | https://www.zoominfo.com/c/aranow-packaging-machinery-sl/348822841 | https://alliedflex.com/aranow-packaging-machinery/ | https://www.packaging-labelling.com/suppliers/aranow-packaging-machinery
Norte/Cataluña,CIRPROTEC,Cataluña,80,"Appliances, Electrical, and Electronics Manufacturing",C,"CIRPROTEC es exportador industrial legítimo con universo amplio, pero su modelo comercial se apoya en distribuidores eléctricos (canal indirecto) y su producto es componente de catálogo de ticket bajo, no bienes de equipo o proyectos. Además, está fuera de la zona geográfica norte de España objetivo de la campaña.","Fabricante español de dispositivos de protección contra rayos y sobretensiones, con diseño y manufactura propios en Europa | Presencia en más de 60 países, altamente internacionalizado | ~80-97 empleados, dentro del rango sweet spot | Universo de compradores amplio: instaladores, contratistas, industria general en múltiples sectores y países | Catálogo 2024/25 activo con novedades en fotovoltaica y recarga de vehículo eléctrico (señal de actividad de producto)",https://empresite.eleconomista.es/CIRPROTEC.html | https://es.linkedin.com/company/cirprotec-s.l. | https://www.cirprotec.com/ | https://www.directindustry.com/soc/cirprotec-18092.html | https://www.gruponovelec.com/todas-las-marcas/cirprotec/c/PRO | https://groupsumi.es/cirprotec
Norte/Cataluña,Genebre S.A,Cataluña,134,Manufacturing,C,"Genebre cumple en tamaño, exportación real y amplitud de clientes, pero queda fuera del ICP por dos razones críticas: está en Cataluña (no norte de España) y su go-to-market se apoya fuertemente en canal de distribución de material, no en comerciales directos que prospetan cuentas industriales finales. El producto (válvulas fontanería/HVAC) tampoco encaja en el patrón de bienes de equipo o maquinaria con ciclo largo.","Exporta el 70% de producción a 140 países (catálogos 2024-2025) | Subsidiarias propias en Hong Kong, Ningbo, Europa y Sudamérica — red internacional directa | 134 empleados: encaja en el sweet spot 80-150 | Más de 8.000 clientes activos y 5.000 referencias en stock — universo de compradores muy amplio | Participación en ISH 2025 — actividad comercial internacional activa",https://www.genebre.es/internacionalizacion | https://www.cealsa.es/genebre-group-participa-en-ish-2025-con-sus-ultimas-novedades | https://e-ficiencia.com/genebre-lanza-nuevas-soluciones-catalogo-2024-2025/
Norte/Cataluña,Mychef Pro,Cataluña,86,Machinery Manufacturing,C,"Mychef Pro exporta activamente a +55 países y tiene universo de compradores amplio (hostelería mundial), pero su go-to-market se apoya en una red de distribuidores/dealers, no en comerciales propios directos al cliente final — el flag anti-ICP más crítico. Además, el equipamiento de cocina profesional para hostelería no encaja en el patrón industrial de bienes de equipo/maquinaria B2B con ciclos largos y tickets altos que caracteriza a los clientes de referencia de Neety.","Fabricante de maquinaria técnica (hornos profesionales, abatidores) — categoría Machinery Manufacturing | Presencia en +55 países con ~50% ventas en exportación | Universo de compradores amplio: hoteles, restaurantes, cadenas de catering, colectividades en todo el mundo | Participa en ferias internacionales: EquipHotel París, GulfHost Dubai, Chicago, Frankfurt, México City | 86 empleados — dentro del rango sweet spot (80-150)",https://mychefpro.com/en/company/about | https://es.linkedin.com/company/mychefpro | https://www.coolvi.es/brand/mychef/ | https://www.felac.com/horeca-equipment-from-spain-en-las-ferias-guext-equiphotel-y-gulfhost/
Norte/Cataluña,Siber Ventilación,Cataluña,94,"Appliances, Electrical, and Electronics Manufacturing",C,"Fabricante catalán de sistemas VMC residencial con 94 empleados y ~20% de ventas en Europa — tamaño y exportación encajan — pero su go-to-market es íntegramente a través de distribuidores oficiales e instaladores certificados (no equipo comercial directo propio), y el producto es de construcción residencial/terciario con ticket medio-bajo, no bienes de equipo industrial de ciclo largo.","94 empleados, dentro del sweet spot ICP (80-150) | Exporta ~20% a Francia, Italia, UK y Portugal — expansión internacional en curso | Universo de compradores amplio: constructoras, promotoras, instaladores, rehabilitación | Fabricante con producto propio (no distribuidor de terceros) | Innovation Center en Las Franquesas del Vallés — señal de inversión en I+D",https://cronicaglobal.elespanol.com/business/20210310/siber-la-pyme-catalana-sombra-gigantes-ventilacion/564943593_0.html | https://www.siberzone.es/servicios-siber/ | https://www.eseficiencia.es/empresas/siber
Norte/Asturias,Asturfeito,Asturias,182,Industrial Machinery Manufacturing,C,"Asturfeito es un fabricante industrial asturiano con exportación masiva (95% producción) y ticket alto, pero su universo de compradores es altamente concentrado: sirve principalmente a grandes operadores de oil & gas offshore/subsea, nuclear y defensa — un puñado de IOCs/NOCs globales y utilities nucleares — lo que la aleja del patrón ICP de Neety (muchos clientes finales en el mundo). El modelo es manufacturing partner para proyectos singulares de muy pocos clientes, no desarrollo comercial activo hacia mercados amplios.","Exporta 95% de su producción (ficha LinkedIn, web corporativa) | 182-300 empleados, dentro del rango sweet spot | Facturación >75M€, ticket alto confirmado (oil & gas offshore, nuclear) | Fabricante industrial de bienes de equipo complejos — perfil industrial correcto | Presencia internacional confirmada en múltiples sectores industriales",https://www.asturfeito.com/en/about-us/ | https://www.asturfeito.com/en/sectors/ | https://www.asturfeito.com/en/sectors/oil-gas/ | https://www.linkedin.com/sales/company/665035
Norte/Castilla y León,Synersight,Castilla y León,83,Industrial Machinery Manufacturing,C,"Synersight es un fabricante industrial exportador con señales de crecimiento reales, pero su cartera de clientes está dominada por grandes OEMs de automoción y corporaciones multinacionales (Renault, Stellantis, Volvo, Siemens, Gestamp), lo que apunta a un universo de compradores concentrado — el anti-patrón clave del ICP de Neety. Además, está ubicada en Valladolid (Castilla y León), fuera del foco geográfico norte de España.","Exporta a más de 15 países, >60% de facturación internacional (2024) | Crecimiento del 24% en 2024, facturación 14,4M€ | 83 empleados en Valladolid — dentro del rango sweet spot ICP | Fabricante de AGV/AMR industrial, ticket alto y ciclo largo de proyecto | CEO declara expansión internacional como pilar estratégico 2025",https://www.synersight.es/en/news/synersight-strengthens-its-growth-and-reinforces-its-strategy-at-its-iv-general-meeting/ | https://www.agvnetwork.com/agv-producers/synersight | https://www.synersight.es/en/company/
Norte/Cataluña,INTEPLAST,Cataluña,110,Plastics Manufacturing,C,"Inteplast tiene perfil exportador e industrial válido, pero la combinación de componentes plásticos de inyección para automoción apunta a universo de compradores concentrado en pocos OEM/Tier-0, lo que es anti-ICP. Además, su sede en Girona (Cataluña) queda fuera del foco geográfico norte de la campaña Neety.","Exporta a 30+ países según LinkedIn (ficha 2024) | Fundada 1972, ~110 empleados, tamaño sweet spot | Sectores técnicos: automoción, electromecánica, life sciences, industrial | Artículo Interempresas confirma internacionalización activa por tecnología, búsqueda de clientes en Europa | Fabricante de componentes de precisión (engranajes, conectores, módulos electromecánicos) con valor añadido técnico",https://www.europages.es/INTEPLAST-SA/ESP070821-00101.html | https://www.interempresas.net/Plastico/Articulos/3176-Inteplast-internacionalizacion-por-la-tecnologia.html | https://www.inteplast.es/en/empresa/
Norte/Aragón,ENAR,Aragón,101,Machinery Manufacturing,C,"ENAR cumple en industrial, exportacion real y tamaño, pero su canal de salida al mercado es una red de dealers internacionales, no comerciales propios ante el cliente final — exactamente el modelo de distribuidores que el ICP de Neety descarta. Ademas el ticket unitario de vibradores y reglas vibrantes es bajo, sin ciclo de venta largo ni proyecto complejo.","Lider mundial en vibración de hormigón con presencia en +100 mercados globales (LinkedIn summary) | Filiales propias en Francia, Mexico, Polonia y China — estructura internacional consolidada | 101 empleados en Aragon, tamaño dentro del rango ICP | Maquinaria de construccion: sector industrial manufacturero",https://www.enargroup.com/us/information/about-us | https://www.enargroup.com/us | https://es.linkedin.com/company/enargroup | https://empresite.eleconomista.es/ENARCO.html
Norte/Cataluña,Giropes,Cataluña,102,"Appliances, Electrical, and Electronics Manufacturing",C,"Giropes es fabricante industrial tecnico con presencia internacional real y universo de clientes amplio, pero su go-to-market internacional se apoya en distribuidores, no en comerciales directos propios — el modelo no encaja con el ICP de Neety que requiere venta directa con senales de expansion de equipo comercial. Ademas, el ticket medio de basculas industriales y el ciclo de venta son mas cortos que el patron de bienes de equipo o proyectos que Neety monetiza mejor.","Fabricante industrial de basculas y sistemas de pesaje tecnico, presencia en +80 paises | 102-132 empleados, tamano dentro del sweet spot ICP | Universo de compradores amplio y multisectorial (logistica, agroalimentaria, quimica, ATEX...) | Crecimiento de facturacion +4.62% entre 2023 y 2024, companía activa y en expansion",https://www.giropes.com/en/ | https://www.weighingreview.com/about/giropes-sl | https://www.directindustry.com/soc/giropes-115951.html | https://trends.directindustry.com/list/giropes-115951.html
Norte/Cataluña,AKO (AKO Electromecánica S.A.),Cataluña,157,"Appliances, Electrical, and Electronics Manufacturing",C,"AKO es un fabricante industrial de electronica de refrigeracion con presencia en 70+ paises y tamano dentro del rango ICP, pero su modelo internacional se basa en distribuidores (no comerciales directos propios), el ticket es bajo (producto de serie, no bienes de equipo por proyecto), y opera desde Cataluna fuera del territorio norte de Espana de Neety.","Fabrica controladores de temperatura para refrigeracion industrial — sector industrial de manufactura electronica | Presencia en 70+ paises con filial en Mexico y delegaciones en Francia, Portugal y Turquia (2024) | 157 empleados segun LinkedIn — dentro del sweet spot 80-150 | Universo de compradores amplio: cadena de frio, supermercados, logistica, industria alimentaria en todo el mundo",https://www.ako.com/company/ | https://refindustry.com/company/commercial-refrigeration/ako_group/ | https://www.iberinform.es/empresa/751789/ako-electromecanica
Norte/Aragón,TAIM WESER,Aragón,136,Industrial Machinery Manufacturing,C,"TAIM WESER cumple los criterios basicos (industrial, exportadora, tamano, venta directa, ticket alto) pero su base de clientes es estructuralmente concentrada en utilities, puertos, eolica y grandes proyectos mineros/nucleares — exactamente el patron de compradores contados que el ICP de Neety descarta. El valor de la inteligencia comercial por senales es bajo cuando el universo objetivo es una lista cerrada de grandes infraestructuras mundiales.","Exporta el 100% de la produccion, presencia en +65 paises con filiales en Alemania y Brasil | 136 empleados (Aragon), tamano en sweet spot del ICP | Proyectos llave en mano de alto valor tecnologico con ciclo largo | Venta directa al cliente final, sin modelo de distribuidores",https://redaccion.camarazaragoza.com/empresa/taim-weser/ | http://historico.aragondigital.es/noticia.asp?notid=153186 | https://www.alimarket.es/empresa/10003290/TAIM-WESER--S-A--DIV--ENERGIAS-RENOVABLES- | https://www.interempresas.net/Mineria/Articulos/415726-Taim-Weser.html
Norte/Castilla y León,TECELEC,Castilla y León,95,Industrial Machinery Manufacturing,C,"TECELEC es una integradora industrial con perfil tecnico adecuado (automatizacion, robotica, bienes de equipo a medida, ticket alto, ciclo largo), pero falla en los dos criterios mas criticos del ICP de Neety: la exportacion directa no esta confirmada en registros mercantiles y el universo de compradores de una integradora a medida es inherentemente estrecho. Ademas queda fuera del foco geografico norte de España.","Integradora industrial de automatizacion y robotica, bienes de equipo a medida: perfil industrial solido | Menciona proyectos en mas de 9 paises en su web corporativa (señal de vocacion exportadora, aunque no confirmada en registros mercantiles) | EBIT creció 217.95% entre 2023-2024, con rentabilidad operativa del 17.9% en 2024: empresa saneada | Tres verticales (Food, Automotive, Energy) que en teoria amplian el universo de clientes potenciales | Venta directa presumible: integradora que diseña, fabrica y pone en marcha sus propios equipos",https://www.tecelec.com/ | https://www.tecelec.com/conozcanos/ | https://es.linkedin.com/company/tecelec | https://m.europages.es/TECELEC/00000005266224-579896001.html | https://www.einforma.com/informacion-empresa/tecelec-proyectos-sistemas-integraciones-electricas | https://es.kompass.com/c/tecelec-proyectos-sistemas-e-integraciones-electricas/es1292087/
Norte/Cataluña,JC VALVES,Cataluña,162,Industrial Machinery Manufacturing,C,"JC Valves es industrial y exportador real, pero acumula tres señales anti-ICP simultáneas: está fuera del norte de España (Cataluña), opera con red de distribuidores como canal principal en mercados internacionales, y su universo de compradores (refinerías, EPC contractors) es relativamente concentrado. No encaja en el patrón de empresa del norte con comerciales propios y cartera amplia de clientes finales.","Fabricante de válvulas industriales de producto propio desde 1968, con subsidiarias en 7 países (Brasil, China, India, México, Rusia, UAE) | 162 empleados — tamaño dentro del rango aceptable ICP | Sectores de alto ticket: Oil & Gas, Petroquímica, Energía, Hidrógeno — ciclo de venta largo por proyectos | Presencia activa en Oriente Medio (Qatar, Iraq, UAE) evidencia exportación real",https://jc-valves.com/en/group/ | https://www.jcvalvestockme.com/ | https://www.ramuniversal.co.uk/jc-valves | https://www.fluidexspain.com/en/asociados/jc-valves/
Norte/Cataluña,Rosa Gres,Cataluña,89,"Glass, Ceramics and Concrete Manufacturing",C,"Rosa Gres es una empresa industrial exportadora real con universo amplio de compradores y señales de expansión internacional activa, pero su modelo de go-to-market se apoya en distribuidores (no venta directa propia), el ticket y ciclo del producto (azulejo de piscina) no corresponde a bienes de equipo de ciclo largo, y está ubicada en Cataluña fuera del ámbito geográfico norte de España de Neety.","Exporta a 65-83 países en 5 continentes, con 50% de ventas fuera de España (dato 2024) | Apertura del mercado argentino en 2024 y expansión activa en Australia y Asia — señales claras de timing | 89-140 empleados, dentro del rango ICP | Universo de compradores amplio: constructoras, instaladores de piscinas y arquitectos en decenas de países",https://www.interempresas.net/Ceramica/Articulos/578046-La-empresa-Rosa-Gres-cumple-65-anos.html | https://www.viaempresa.cat/es/empresa/rosa-gres-ceramica-catalana-mejores-piscinas-mundo_2205811_102.html | https://rosagres.com/en/contact/find-your-dealer/ | https://www.elnacional.cat/oneconomia/es/empresas/rosa-gres-innovacion-sostenibilidad-en-gres-dentro-fuera-piscina_1336948_102.html
Norte/Galicia,DINAK Energy Systems,Galicia,189,Industrial Machinery Manufacturing,C,"DINAK es fabricante industrial gallego con exportación real a 36+ países y 189 empleados, pero su go-to-market es principalmente via red de distribuidores (Daunis, Portela Hermanos, Novelec, etc.), no venta directa al cliente final. El modelo de distribución limita el encaje con Neety, que aporta valor para identificar cuentas finales con señales de compra, no para gestionar redes de distribución.","Exporta a más de 36 países con organización propia en 7 países (Francia, Bélgica, UK, Italia, Alemania, Polonia) | 189 empleados — dentro del rango ICP (80-1000) | +40 años de experiencia, fabricante industrial con sede en Vigo (Galicia) | Sector industrial machinery manufacturing con producto técnico especializado",https://www.europages.es/DINAK-SA/00000003458109-46354001.html | https://www.datacenterdynamics.com/es/opinion/soluciones-industriales-con-vision-global-conoce-dinak/ | https://www.dinak.com/ | https://www.daunis.es/dinak-barcelona/ | https://portelahermanos.com/comprar-dinak-140
Norte/Galicia,Fiberglas,Galicia,60,Plastics Manufacturing,C,"Fabricante industrial gallego real con exportación y producto de ticket alto, pero con solo 60 empleados, sin red comercial internacional visible y un modelo de negocio orientado a proyectos de obra puntuales que limita la aplicabilidad de inteligencia de señales continua. El universo de compradores, aunque variado en sector, es reducido en número de cuentas activas simultáneas.","Fundada en 1965, fabricante industrial consolidado de PRFV con dos plantas y +35.000 m² en Arteixo (A Coruña) | Abastece mercado nacional e internacional según web corporativa y ficha Europages | Sectores de aplicación variados (acuicultura, química, construcción, enología, medioambiente) sugieren universo de clientes amplio en teoría | Producto a medida con ticket medio-alto y ciclo de proyecto largo (depósitos industriales, sistemas de tratamiento de agua)",https://www.fiberglas.es/es/fiberglas.php | https://www.europages.es/FIBERGLAS/ESP007210-00101.html | https://es.kompass.com/c/productos-de-fiberglas/es0017985/ | https://es.linkedin.com/company/productosdefiberglas
Norte/Aragón,LECITRAILER S.A.,Aragón,314,Machinery Manufacturing,C,"Fabricante español de semirremolques con fuerte exportación (54% producción, +20 países) y red comercial propia, pero su mercado son flotas de transporte y operadores logísticos —un segmento de compradores con ciclo de compra más transaccional y repetitivo que el de maquinaria industrial de proyecto. Además, opera desde Aragón (fuera del foco norte de España) y con +9.000 unidades/año su modelo se acerca más al volumen industrial que al proyecto singular de alto valor que caracteriza el ICP de Neety.","Exportación del 54% de la producción anual a +20 países (2024) | Red comercial propia en Francia, Portugal y otros mercados europeos | Inversión de 8,8M€ en automatización industrial (robot de soldadura, láser de fibra) en 2024 | 314 empleados — tamaño dentro del rango ICP | Capital 100% familiar, empresa independiente (no filial de multinacional extranjera)",https://transporteprofesional.es/industria-auxiliar/semirremolques-carroceros/lecitrailer-referencia-del-mercado-espanol-de-remolques-y-semirremolques-en-2024 | https://www.interempresas.net/Camiones-transporte-carretera/Articulos/584011-Lecitrailer-27-anos-liderando-el-mercado-espanol-de-remolques-y-semirremolques.html | https://redaccion.camarazaragoza.com/lecitrailer-ejercicio-2024-cuota-mercado/ | https://lecitrailer.es/es/red-comercial
Norte/Cataluña,"GERMARK, S.A.",Cataluña,66,Packaging and Containers Manufacturing,C,"El negocio principal de Germark (70%) son etiquetas autoadhesivas, que encajan exactamente en el anti-ICP ""packaging consumible / ticket bajo""; solo el 30% es maquinaria de etiquetado con ciclo largo. Además la empresa está en Cataluña, fuera del territorio norte de España objetivo de Neety.","Exporta el 30% de producción con oficinas de representación en más de 20 países y equipos instalados en +40 países | Universo de clientes amplio: farmacia, alimentación, cosmética, industria general — no concentrado | Estructura comercial propia internacional (no distribuidores puros) | 120 empleados y crecimiento de facturación del 22% (2025) | Más de 50 años de experiencia fabricando maquinaria de etiquetado (bienes de equipo)",https://www.germark.com/nosotros/ | https://es.linkedin.com/company/germark-sa | https://www.einforma.com/informacion-empresa/germark | https://us.kompass.com/c/germark/es0019013/
Norte/Cantabria,TierraTech®,Cantabria,81,Industrial Machinery Manufacturing,C,"TierraTech es industrial y exportadora, pero su modelo comercial se apoya en una extensa red de distribuidores en más de 30 países, lo que contradice directamente el criterio de venta directa al cliente final que requiere Neety. Además, el producto (equipos de limpieza por ultrasonidos) tiene un ciclo de venta corto y ticket medio-bajo comparado con el patrón ICP de bienes de equipo o proyectos industriales complejos.","Fabricante industrial de maquinaria de ultrasonidos con más de 20 años de experiencia | Presencia directa en 4 países (España, Francia, EE.UU., México) con plantas propias | Exporta a más de 30 países | 81 empleados — dentro del rango ICP (80-1000) | Feria Advanced Manufacturing Madrid y BIEMH — señal de desarrollo comercial activo | Universo de clientes potencialmente amplio (industria en general, automoción, laboratorio)",https://www.europages.es/TIERRA-TECH-SL/00000005367347-668784001.html | https://www.advancedmanufacturingmadrid.com/es/exhibitor/tierratech/ | https://biemh.bilbaoexhibitioncentre.com/expositor/TIERRATECH-SL/22280/?idioma=E | https://tierratech.com/
Norte/Cataluña,Briolf Group,Cataluña,82,Chemical Manufacturing,C,"Briolf es un grupo químico especializado (pinturas, recubrimientos, adhesivos) con presencia en 120+ países y >80% de exportación en Roberlo, lo que satisface el criterio de exportador con universo amplio de compradores; sin embargo, el producto es consumible/specialty chemicals (no bienes de equipo ni maquinaria de ciclo largo), la empresa supera los 1.000 empleados globales (demasiado grande para el ICP de Neety), tiene sede en Cataluña (fuera del foco Norte de España) y el modelo de negocio no encaja con la venta de inteligencia comercial por señales orientada a apertura de nuevos mercados industriales.",Presencia comercial en más de 120 países con exportación >80% en Roberlo (perfil ICP Coatings World) | Adquisición de IMPACAR (Italia) como señal de crecimiento internacional activo (Coatings World 2025) | Grupo industrial con 5 empresas propias y venta directa en múltiples mercados | Facturación esperada ~€294M en 2025 con crecimiento ~12% (crecimiento sostenido),https://www.coatingsworld.com/top-company-profile/briolf-group-s-l/ | https://www.roberlo.com/en/new/founding-of-briolf-group-consisting-of-5-companies-from-the-specialty-chemicals-sector/ | https://www.coatingsworld.com/breaking-news/briolf-group-acquires-italian-company-impacar-to-reinforce-growth-strategy/
Norte/Cataluña,"Cromogenia-Units, SA",Cataluña,188,Chemical Manufacturing,C,"Cromogenia es exportadora real con estructura comercial propia y universo amplio de compradores, pero su sector (quimica de especialidad recurrente) no encaja con el ICP de Neety, que apunta a bienes de equipo y proyectos de ciclo largo. Ademas opera desde Cataluna, fuera del foco geografico norte de Espana.","Exporta a mas de 25 paises con plantas propias en Espana, Argentina, Mexico y China | Tiene subsidiarias comerciales propias en Portugal, Italia, Turquia, Argentina, Chile, Brasil, Mexico y China — estructura de venta directa real | 188 empleados, dentro del rango de tamano ICP | Universo de compradores amplio: sirve a detergencia, agroquimica, fundicion, caucho y quimica fina",https://exportadores.cesce.es/exportaciones-cromogenia-units | https://www.cromogenia.com/en/about-us/ | https://www.cromogenia.com/en/presencia-internacional/ | https://www.europages.es/CROMOGENIA-UNITS-SA/ESP082926-00101.html
Norte/Cataluña,UTILCELL,Cataluña,72,Industrial Machinery Manufacturing,C,"UTILCELL es industrial y exportador real con universo de compradores amplio, pero su go-to-market internacional se apoya en una extensa red de distribuidores indirectos en lugar de comerciales propios, lo que choca con el criterio de venta directa del ICP de Neety; además, el producto (célula de carga como componente) implica ticket bajo y ciclo corto, alejado del perfil de bienes de equipo o proyectos de Neety.",Exporta ~70% de ingresos a más de 60 países en 5 continentes (fuente: utilcell.es) | Base de clientes >4.000-5.000 clientes mundiales — universo de compradores amplio | Presencia activa en ferias internacionales: POWTECH Nuremberg y Fruit Attraction 2025 | 72 empleados — tamaño en rango sweet spot inferior del ICP | Uno de los 5 principales fabricantes mundiales de células de carga,https://www.utilcell.es/en/manufacturer-of-load-cells/ | https://www.utilcell.com/en/about-us/ | https://www.utilcell.es/en/news/utilcell-strengthens-its-international-presence-at-powtech-and-fruit-attraction/ | https://bulkinside.com/manufacturer/utilcell/
Norte/Cataluña,Esbelt SAU,Cataluña,88,Automation Machinery Manufacturing,C,"Esbelt es exportadora industrial real (80% ventas al exterior, 90+ paises) con universo de compradores amplio, pero su modelo de internacionalizacion se apoya en una densa red de distribuidores autorizados, no en comerciales directos al cliente final — el anti-ICP mas critico de Neety. Ademas, las correas transportadoras son componente de reposicion de ciclo corto y ticket bajo, no el tipo de bien de equipo o proyecto de alto valor que justifica inteligencia comercial por senales.","Exportaciones representan el 80% de las ventas totales (dato confirmado en web corporativa) | Presencia en 90+ paises con subsidiarias propias en Alemania, Francia, Dinamarca y EEUU | 88 empleados — dentro del sweet spot ICP (80-150) | Sector Automation Machinery Manufacturing — industrial de base | Fundada en 1970, empresa con trayectoria exportadora consolidada",https://www.esbelt.com/en/subsidiaries-and-distributors/ | https://www.esbelt.com/en/about-us/ | https://www.highperformr.ai/company/esbelt
Norte/Aragón,ASAI Industrial,Aragón,67,Automation Machinery Manufacturing,C,"ASAI es un integrador/contratista de automatización que ejecuta proyectos llave en mano en plantas de clientes — patrón más cercano al subcontratista de proceso que al fabricante industrial exportador con comerciales propios. Además, está en Aragón (fuera del foco geográfico norte de España) y su tamaño es inferior al sweet spot.","Automatización/robótica industrial llave en mano con equipo técnico de 30 años de experiencia media — encaja en sector. | Clientes en Europa, Marruecos, Turquía, EE.UU., México y China — presencia internacional probada. | Proyectos >1M€ (planta Figueruelas 2024) — ticket alto y ciclo largo confirmado. | Universo de clientes amplio: automoción, logística, alimentación, múltiples sectores. | Mejor año de su historia en 2024 con mayor cartera de pedidos — señal de crecimiento.",https://www.asai.es/compania/ | https://www.hoyaragon.es/articulo/especial-objetivo-2025/asai-industrial-robotica/20241212082914082174.html | https://aragonsourcing.com/en/outsourcing/automatizacion-de-sistemas-y-aplicaciones-industriales/ | https://redaccion.camarazaragoza.com/asai-servicio-integral-procesos-industriales/
Norte/Cataluña,"MECESA, Mecánica Egarense SA",Cataluña,66,"Metal Valve, Ball, and Roller Manufacturing",C,"MECESA es industrial y exportadora real, pero su modelo de go-to-market se apoya en distribuidores y representantes (Meciberia), lo que choca con el patrón de venta directa con comerciales propios que es el ICP de Neety. Además, el tamaño está por debajo del mínimo del sweet spot y el ticket de válvulas/accesorios de instrumentación es más transaccional que de proyecto de largo ciclo.","Exporta a 10+ países: Argentina, Chile, Alemania, Irán, Irlanda, Perú, Portugal, Suiza, Holanda, Uruguay | Industrial real: fabricación de válvulas, accesorios e instrumentación para procesos industriales | Universo de compradores amplio (multisector: química, proceso industrial, instalaciones) | Crecimiento de facturación +12,48% último año | ISO 9001 renovada diciembre 2024 — empresa activa",https://www.industriaquimica.es/empresas/mecanica-egarense-sa--mecesa | https://www.alimarket.es/construccion/noticia/291835/mecesa-pone-en-marcha-la-comercializadora-meciberia | https://www.directindustry.com/prod/mecesa-mecanica-egarense-sa-194633.html | https://suppliers.catalonia.com/detail/mecanica-egarense-sa/1711 | https://www.iberinform.es/empresa/480578/mecanica-egarense
Norte/La Rioja,Garnica,La Rioja,430,Paper and Forest Product Manufacturing,C,"Garnica exporta masivamente y tiene universo de compradores amplio, pero es fabricante de tablero de madera (commodity de volumen), vende en parte a traves de distribuidores y el ticket/ciclo de venta no se corresponde con el perfil de bienes de equipo o maquinaria industrial que define el ICP de Neety. No es anti-ICP por ser filial o concentracion de clientes, sino por sector y modelo de producto.","Exporta >90% de la produccion a mas de 40-50 paises (Alemania, Francia, UK, USA...) | 430 empleados, dentro del rango de tamano ICP | Presencia internacional consolidada con 7 plantas de produccion (5 ES + 2 FR) | M&A: adquirida por fondo Carlyle en 2022, posible sennal de expansion/reorganizacion comercial | Universo de compradores amplio: fabricantes de mueble, caravanas, construccion, nautica en multiples paises",https://www.garnica.one/en-us/about-us.html | https://www.leonoticias.com/surdeleon/fonfo-inversor-carlyle-20221021103430-nt.html | https://www.gabarro.com/es/marcas/garnica-plywood | https://www.nauticexpo.es/soc/garnica-plywood-200332.html
Norte/Aragón,ARPA Equipos Móviles de Campaña,Aragón,71,Mechanical Or Industrial Engineering,C,"ARPA es fabricante industrial exportador con ticket alto y ciclo largo, pero su universo de compradores está extremadamente concentrado en organismos gubernamentales y organismos internacionales (defensa, emergencias, salud militar), lo que lo aleja del patrón ICP de Neety que requiere amplitud de clientes finales para que el software de señales aporte valor real. El modelo B2G con licitaciones formales hace que las señales comerciales típicas (nuevos mercados, expansión, M&A) sean poco accionables.","98% de produccion exportada, presencia en más de 54 países | Clientes de referencia: UN, NATO/NSPA, Ministerios de Defensa de múltiples países | 50+ años de historia en ingeniería y fabricación de soluciones logísticas industriales | Mención Especial en Innovación 2024 (PNID) — señal de actividad innovadora reciente | 71 empleados: tamaño dentro del rango ICP (ligeramente bajo pero aceptable)",https://www.defensa.com/espana/llevando-innovacion-siguiente-nivel | https://www.cepyme500.com/empresa/equipos-moviles-de-campana-arpa-sa | https://www.ciencia.gob.es/Experiencias/PNID24/EquiposMovilesCampanaARPA.html | https://defense-guide.com/item/equipos-moviles-de-campana-arpa-s-a-u/
Norte/Cataluña,Schwartz-Hautmont,Cataluña,151,Industrial Machinery Manufacturing,C,"Schwartz-Hautmont es un fabricante industrial exportador real con ticket alto y ciclo largo, pero su negocio se basa en proyectos singulares para grandes complejos petroquímicos, refinerías y utilities energéticas — un universo de compradores concentrado en pocas cuentas globales que no encaja con el requisito ICP de Neety de universo amplio. Además está ubicada en Cataluña, fuera del foco geográfico norte de España.","Exportador real: gran mayoría de producción destinada a mercados internacionales, ~80 países en 5 continentes | Planta en Turquía desde 2012 (internacionalización activa) | 151 empleados, dentro del rango ICP (80-1000) | Alianza estratégica con Port de Tarragona para project cargo internacional reforzada en 2025 | Ticket alto y ciclo largo: fabricación de grandes estructuras metálicas, recipientes a presión y módulos offshore para proyectos industriales complejos",https://es.wikipedia.org/wiki/Schwartz_Hautmont | https://www.gotcarga.com/schwartz-hautmont-carga-grandes-estructuras-metalicas-en-el-puerto-de-tarragona-con-destino-francia/ | https://www.catalunyapress.es/texto-diario/mostrar/5377523/port-tarragona-schwartz-hautmont-refuerzan-colaboracion-carga-proyectos | https://tarragonaport.com/schwartz-hautmont-finaliza-en-el-port-dos-grandes-instalaciones-para-la-industria-petroquimica/ | https://www.interempresas.net/Puertos-transporte-maritimo/Articulos/605500-Puerto-Tarragona-Schwartz-Hautmont-refuerzan-colaboracion-impulsar-operativas-project.html
Norte/Cataluña,Masats,Cataluña,159,Accessible Hardware Manufacturing,C,"Masats es un fabricante industrial exportador con producto de alto ticket y ciclo largo, pero su universo de compradores es concentrado (OEMs de autobús y operadores de transporte público institucionales), lo que la aleja del patrón ICP de Neety que requiere muchos clientes finales en el mundo. Adicionalmente opera desde Cataluña, fuera del foco geográfico norte de España.","Exporta a más de 45 mercados con vehículos operando en más de 110 países (web Masats 2025) | Planta de producción propia en Atlanta (EE.UU.) desde 2013 — presencia directa internacional | 159-330 empleados, tamaño en rango ICP | Producto industrial de alto valor (puertas eléctricas/neumáticas, rampas accesibilidad para transporte público) | Parte del Grupo Irizar — inversión >20M€ hasta 2025, crecimiento activo",https://www.masats.es/empresa/ | https://railgrup.net/noticias/el-ministro-hereu-inaugura-las-nuevas-instalaciones-de-masats/ | https://www.grupoirizar.com/grupo/el-grupo-irizar | https://www.eleconomista.es/transportes-turismo/noticias/12903010/07/24/irizar-rozara-1000-millones-de-negocio-este-ano-y-fabricara-3700-autobuses.html
Norte/Galicia,Texas Controls,Galicia,176,Mechanical Or Industrial Engineering,C,"Texas Controls cumple los requisitos de industrial, exportador y venta directa, pero su base de clientes se concentra en utilities eólicas y grandes operadoras Oil&Gas — exactamente el perfil de comprador concentrado (pocas cuentas enormes) que descarta el ICP de Neety. La señal de inteligencia comercial por señales no aporta valor diferencial cuando el universo de cuentas objetivo es reducido y ya conocido.","66% de ventas son exportaciones, con 6 filiales internacionales propias | 176 empleados (LinkedIn), dentro del rango ICP | Ingeniería industrial especializada en sellado y bolting crítico — ticket alto y ciclo largo | Bergondo, A Coruña — Galicia, norte de España | 25+ años de experiencia con presencia global en proyectos técnicos críticos",https://www.texascontrols.es/en_GB | https://www.enercluster.com/en/texas-controls-2/ | https://exportadores.cesce.es/exportaciones-texas-controls | https://www.cepyme500.com/empresa/texas-controls | https://www.linkedin.com/company/texas-controls
Norte/Galicia,Rodríguez López Auto,Galicia,142,Motor Vehicle Manufacturing,C,"Fabricante industrial real con exportación activa y ciclo largo, pero su universo de compradores es estrecho y público (servicios de emergencias, defensa, protección civil autonómica) — modelo de licitaciones públicas, no prospección B2B con señales privadas, que es exactamente para lo que sirve Neety. Anti-ICP por concentración de compradores en organismos gubernamentales.","Fabricante de vehículos especiales (ambulancias civiles/militares, clínicas móviles) con manufactura propia en Ourense — industrial real | Exportación activa: +20 países, Ecuador, Colombia, Francia, Dinamarca, Inglaterra. Objetivo 50% exportación para 2030 — timing de expansión internacional | 142-276 empleados: dentro del rango ICP en tamaño | Establecimiento de operaciones en Colombia como cabeza de puente para Latinoamérica — señal de expansión a nuevos mercados | Ticket alto y ciclo largo (flotas para sistemas de emergencias, ambulancias militares)",https://www.rodriguezlopez.com/en/index.php | https://www.cti.es/el-igape-destaca-la-apuesta-por-la-innovacion-de-rodriguez-lopez-auto-en-la-produccion-de-vehiculos-especiales-en-espana/ | https://www.laregion.es/comarca-de-ourense/jose-enrique-rodriguez-jorge-crecer-hemos-asumido-reto-diversificar-nuestros-productos_1_20241116-3300716.html | https://www.laregion.es/articulo/ourense/rodriguez-lopez-exporta-cien-ambulancias-ecuador/20141117082614504621.html | https://www.laregion.es/comarca-de-ourense/rodriguez-lopez-auto-ultima-venta-grupo-andaluz_1_20220322-2284548.html
Norte/Cataluña,IRIS Technology Solutions,Cataluña,70,Industrial Machinery Manufacturing,C,"Fabricante español de instrumentación analítica (NIR/Raman) con presencia en +34 países, pero su internacionalización se apoya en una red de distribuidores locales, no en comerciales propios — anti-ICP directo. Empresa muy pequeña (~65 empleados, ~4M€ facturación), con sede en Cataluña fuera del foco norte de España.","Fabricante propio de instrumentación industrial (marca Visum®) con tecnología diferencial NIR/Raman/hiperspectral | Presencia internacional real en +34 países en América, Europa y Asia | Sectores cliente amplios: alimentario, químico y farmacéutico — universo de compradores no concentrado | Único fabricante español de este tipo de instrumentación según su propia comunicación",https://www.iris-eng.com/our-distributors-worldwide/ | https://www.iris-eng.com/ | https://www.makingpharmaspain.com/en/exhibitor/iris-technology-solutions-4/ | https://secure-food.eu/iris/ | https://es.linkedin.com/company/iris-s-l-
Norte/Castilla y León,KLEIN - Hoses,Castilla y León,108,Industrial Machinery Manufacturing,C,"KLEIN fabrica mangueras de caucho industriales y exporta a nivel global con universo de compradores amplio, pero el producto es un componente/consumible de ticket medio-bajo y ciclo corto, y su presencia en Fluidex (red de distribuidores de fluidos) apunta a un modelo de go-to-market via distribuidores, no comerciales propios internacionales. No encaja en el patrón de bienes de equipo o proyectos de ingeniería que define el ICP de Neety.","Industrial manufacturero con 108 empleados (sweet spot 80-150) | Exporta a todos los continentes: Americas, Europa, Africa, Asia, Australia | Universo de compradores amplio: 12+ sectores (oil&gas, alimentacion, construccion, quimica, mineria...) | Fundada en 1908, consolidada y con planta propia de 42.000 m2 en Segovia",https://kleinhoses.com/en/about-klein/ | https://kleinhoses.com/sectores/ | https://www.fluidexspain.com/en/asociados/klein/ | https://empresite.eleconomista.es/KLEIN.html
Norte/Cataluña,"SOLTER SOLDADURA, SL",Cataluña,97,"Appliances, Electrical, and Electronics Manufacturing",C,"SOLTER fabrica equipos de soldadura estándar y los comercializa a través de una red de distribuidores y colaboradores en +30 países, lo que activa el anti-ICP de modelo distribuidor sin fuerza de ventas directa propia. El ticket medio-bajo (productos vendidos en ferreterías) y la ubicación en Girona (Cataluña) alejan aún más el perfil del ICP de Neety.","Fabricante de equipos de soldadura (industrial, bienes de equipo) | 97 empleados — dentro del rango sweet spot (80-150) | Presencia en +30 países — exportador real con alcance internacional | Universo de compradores amplio (talleres, industria general, mantenimiento industrial a nivel mundial)",https://empresite.eleconomista.es/SOLTER-SOLDADURA.html | https://www.solter.com/en_GB/empresa | https://www.unionferretera.com/fabricantes-productos-ferreteria/solter-soldadura
Norte/Galicia,KAUMAN. Conveyor belts manufacturer,Galicia,72,Chemical Manufacturing,C,"KAUMAN es un fabricante gallego de bandas transportadoras de goma con presencia en +50 países (indicador Ardán 2023 empresa global), lo que confirma exportación real y universo de compradores amplio en minería, acero, cementera y alimentación. Sin embargo, su go-to-market declarado es por red de distribuidores (no comerciales directos propios), y el producto es un componente de mantenimiento/consumible de ticket bajo — no bienes de equipo de proyecto ni ciclo largo — lo que lo aparta del ICP de Neety en los dos criterios más críticos.","Presencia comercial en más de 50 países, reconocida con el indicador Ardán 2023 como empresa global por su vocación exportadora | Universo de compradores amplio: minería, siderurgia, puertos, cementera, alimentación, biomasa, residuos | Empresa industrial española 100% con 40 años de historia en fabricación propia en Galicia | 72 empleados — dentro del rango sweet-spot de tamaño de Neety",https://es.linkedin.com/company/kauman | https://kauman.com/en/about-us/ | https://www.rocasyminerales.es/rocas-y-minerales/maquinaria-rocas-y-minerales/kauman-una-empresa-innovadora-fabricante-de-banda-transportadora-con-reconocimiento-mundial | http://kauman.com/es/distribuidores.php | https://subcontex.camara.es/en/company/kauman-sa
Norte/Galicia,Ecoforest,Galicia,193,Renewable Energy Semiconductor Manufacturing,C,"Ecoforest exporta a +30 países y tiene músculo tecnológico real, pero su canal de ventas es íntegramente a través de distribuidores e instaladores locales, sin equipo comercial directo que prospecte proyectos industriales — exactamente el perfil que necesita Neety. El producto va a mercado residencial/terciario, no a compradores industriales B2B de ciclo largo.","Presente en +30 países: Europa, Australia, América del Norte y Sur (2025) | 193 empleados — dentro del rango ICP | Innovación tecnológica activa: primera bomba geotérmica con R290 del mundo (2020), expansión gama ecoGEO+ LITE y ecoAIR+ PRO (2024) | Fabricante propio con I+D en Nigrán (Pontevedra) — exportador real, no filial extranjera",https://ecoforest.com/en/news/ecoforest-celebrates-30-years-of-innovation-in-sustainable-hvac-equipment/ | https://ecoforest.com/en/to-distribute-form/ | https://ecoforest.com/en/request-quote/ | https://ecoforest.com/en/news/ecoforest-expands-desuperheater-technology-to-high-capacity-heat-pumps-for-multi-family-and-commercial-buildings/
Norte/Aragón,METROMECÁNICA,Aragón,67,Engineering Services,C,"Metromecánica es un prestador de servicios de metrología dimensional (subcontratista de proceso) cuyos clientes son OEMs de automoción y aeronáutica en número reducido — universo concentrado de compradores que no encaja con el ICP de Neety. Aunque exporta y tiene presencia internacional real (oficina Toulouse, operaciones en 7 continentes), su modelo de negocio como servicio técnico por proyecto no genera la necesidad de inteligencia comercial por señales para desarrollar negocio en nuevos mercados.","Presencia internacional real: oficinas en España y Francia (Toulouse), operaciones en 7 continentes (web metromecanica.com) | Crecimiento de facturación +40,69% en el último año (axesor.es, 2026) | Tamaño adecuado: 67-70 empleados (LinkedIn + axesor 2026) | Certificaciones internacionales AS9100 y NADCAP — indica clientes aeronáuticos globales",https://www.metromecanica.com/en/metromecanica-en/ | https://caaragon.com/metromecanica-empresa/ | https://aragonsourcing.com/en/outsourcing/metromecanica/ | https://www.axesor.es/Informes-Empresas/2729465/METROMECANICA_SL.html
Norte/Aragón,Chemik Group,Aragón,104,"Appliances, Electrical, and Electronics Manufacturing",C,"Chemik es exportador industrial real con señales de expansión potentes, pero su estrategia y crecimiento están claramente pivotados hacia el mercado fotovoltaico/renovables, donde los compradores son promotores de parques solares — universo concentrado y explícitamente anti-ICP para Neety. La línea de cuadros eléctricos industriales serie podría tener universo amplio, pero no es el motor del negocio actual.","Exporta a 40+ países en 5 continentes, con expansión activa en Chile, Colombia, México, Perú y EE.UU. (2024-2025) | Crecimiento del 50% en 2024 y proyección de otro 50% en 2025 — señal de momento expansivo claro | 185 empleados, dentro del rango ICP (~80-200) | Venta directa con presencia comercial propia en mercados internacionales",https://www.chemik.es/ | https://aragonsourcing.com/en/outsourcing/chemik-tarazona-sl/ | https://redaccion.camarazaragoza.com/chemik-cuadros-electricos/ | https://www.energiaestrategica.com/chemik-group-expansion/ | https://www.energiaestrategica.com/chemik-group-se-enfoca-en-latam-con-innovaciones-que-ahorran-hasta-5-del-capex-en-fotovoltaica/
Norte/Cataluña,ICOL Group,Cataluña,77,Automation Machinery Manufacturing,C,"ICOL Group es una startup tecnologica de automatizacion/robotica con HQ en Barcelona (fuera del norte de Espana, territorio target) fundada en 2017, con modelo de plataforma SaaS/digital services orientada a fashion y footwear — nicho de compradores estrecho y no el patron de industrial exportador de maquinaria/bienes de equipo que caracteriza el ICP de Neety. Su internacionalizacion es operacional (R&D en CIS, Rusia, Ucrania) y no exportacion comercial de producto industrial desde Espana.","Sector automatizacion/robotica industrial (ICOL.Factory, ICOL.Logistics, Digital Twins, AI) — alineado con industria target | 77 empleados — cerca del sweet spot 80-150 | Presencia en 7 paises con mas de 200 ingenieros — operacion internacional activa | Modelo B2B venta directa de plataforma tecnologica con ciclo largo de integracion y ticket elevado | Debuto en Simac Tanning Tech 2024 — expansion a nuevos mercados industriales",https://www.linkedin.com/company/icol-group | https://www.eu-startups.com/directory/icol-group/ | https://collection.icol.com/en/company/ | https://www.mpastyle.it/en/icol-group-an-amazing-debut-at-simac-tanning-tech/ | https://www.zoominfo.com/c/icol-group/547102787
Norte/Cataluña,Ecler,Cataluña,114,"Appliances, Electrical, and Electronics Manufacturing",C,"Ecler cumple la parte industrial y exportadora, pero su expansión internacional se apoya en distribuidores locales por país, no en comerciales o country managers propios — el modelo opuesto al que necesita la inteligencia de señales de Neety. Además está radicada en Cataluña, fuera del territorio norte de España.","Fabricante de equipos de audio profesional fundado en 1965, con 114 empleados en Barcelona | Presencia en más de 70 países, exportación consolidada | Sector electrónica/manufacturing, no consumer puro",https://www.ecler.com/es/ | https://exportadores.cesce.es/exportaciones-ecler-proaudio | https://www.iberinform.es/empresa/7944575/ecler-proaudio | https://www.lynxproaudio.com/neec-iberia-new-distributor-for-lynx-pro-audio-spain-portugal/
Norte/Galicia,SETGA,Galicia,62,"Appliances, Electrical, and Electronics Manufacturing",C,"SETGA fabrica iluminación exterior y mobiliario urbano tecnológico con presencia internacional, pero su universo de compradores está concentrado en administraciones públicas y municipios vía licitación, no en empresas industriales privadas con ciclo de venta B2B directo. Falta el perfil de universo amplio de clientes finales y venta directa con equipo comercial propio que define el ICP de Neety.","Exporta a Países Bajos, Suecia y EAU (presencia internacional confirmada) | ~62-100 empleados, tamaño dentro del rango ICP | Fabricante propio con I+D (proyectos CANDELGLOW, ReAl-Lighting 2024-2025) | Apoya en programa Igape Galicia Exporta Empresas | Proyecto europeo AMBIANCE liderado junto a AIMEN (internacionalización tecnológica)",https://setga.es/language/en/company/ | https://setga.es/tag/exportacion/ | https://empresite.eleconomista.es/SETGA.html | https://www.xunta.gal/es/hemeroteca/-/nova/138454/xunta-apoya-las-acciones-innovacion-para-diseno-nuevos-productos-iluminacion
Norte/Galicia,UNVI,Galicia,98,Motor Vehicle Manufacturing,C,"UNVI es fabricante exportador con ticket alto, pero su modelo de negocio depende de licitaciones públicas con operadores de transporte regulados, no de venta consultiva B2B a múltiples compradores privados donde las señales de timing de Neety aporten valor. El universo de compradores es estrecho y regulado, lo que lo aleja del ICP aunque cumpla criterios industriales y de exportación.","Exporta a múltiples países: acuerdo exclusivo con Volvo Bus UK & Ireland (2025), entregas a Egged (Israel), Funchal (Portugal), Timberbush Tours (Escocia) | 30 años de trayectoria (1995-2025), crecimiento de ventas +29% en último ejercicio | Planta productiva en Vila Nova de Gaia (Portugal) — expansión internacional activa | Ticket alto y ciclo largo: buses y autocares son bienes de alto valor unitario | 98 empleados en LinkedIn (posiblemente más en grupo), tamaño dentro del rango ICP",https://www.unvi.es/2025/03/13/volvo-bus-uk-ireland-y-unvi-anuncian-un-nuevo-autocar-de-lujo/ | https://www.unvi.es/2024/10/22/en-2025-unvi-celebrara-30-anos-como-carrocero/ | https://circulo.gal/la-carrocera-gallega-unvi-incrementa-sus-ventas-un-29-en-el-ultimo-ejercicio/ | https://carrilbus.com/unvi-renueva-su-autobus-urbano-con-un-gran-pedido | https://www.unvi.es/empresa/presentacion/
Norte/Cantabria,ERZIA,Cantabria,73,Defense and Space Manufacturing,C,"ERZIA fabrica amplificadores RF/microondas de alta fiabilidad para defensa, espacio y satcom — industrial y exportadora de verdad, con ticket alto y ciclo largo. Sin embargo, su universo de compradores es extremadamente concentrado: agencias espaciales (ESA, NASA) y grandes prime contractors de defensa (Airbus Defence, Thales, Lockheed, etc.), un puñado de cuentas globales, exactamente el patrón Tier-1 a pocos integradores que el ICP descarta. Además opera parcialmente vía distribuidores en mercados clave como EE.UU.","Fabricante industrial de alta tecnología (RF & microwave) con sede en Cantabria, 73 empleados dentro del rango ICP | Exportadora real: clientes en múltiples países, misiones espaciales internacionales desde 2005 (ESA, programas científicos) | Nuevo partnership de distribución con Impulse Technologies (EE.UU.) en junio 2024 — señal de expansión internacional activa | Ticket muy alto y ciclo largo: proyectos de qualificación espacial y defensa",https://www.erzia.com/about/ | https://www.erzia.com/applications/space | https://www.linkedin.com/company/erzia | https://www.erzia.com/news/company
Norte/Cataluña,TECVAL,Cataluña,62,Industrial Machinery Manufacturing,C,"TECVAL es fabricante industrial exportador con producto de nicho y alto valor, pero opera mediante distribuidores en mercados internacionales (no comerciales propios) y su nicho principal —desalación en aleaciones especiales— implica un universo de compradores concentrado en grandes proyectos EPC, no el universo amplio que requiere el ICP de Neety. Además está en Cataluña, fuera de la zona objetivo norte de España.","Fabricante propio de válvulas en aleaciones especiales (Super Duplex, Duplex) desde 1982, producto industrial de nicho y alto valor | Exporta a mercados internacionales: UK, Australia, HK confirmados en web | Expansión de instalaciones en Terrassa 2023: nueva planta de 3.000 m² (señal de crecimiento reciente) | Certificación ISO 9001:2015, posicionamiento de calidad premium",https://tecval.es/about-us-quality | https://desal.co.uk/tecval-valves/ | https://www.mandalaypcf.com.au/tecval-valves | https://www.europages.co.uk/TECVAL-SL/00000003632731-89855001.html | https://www.einforma.com/informacion-empresa/tecval
Norte/Cataluña,Antonio Mengibar S.A.,Cataluña,94,Machinery Manufacturing,C,"Fabricante de maquinaria de llenado y tapado con presencia internacional real (oficinas en USA, UK e India, +1.000 equipos instalados), pero sus clientes son grandes multinacionales de Home Care y Personal Care (universo concentrado de pocas cuentas globales tipo P&G, Unilever, Reckitt), lo que no encaja con el patrón de universo amplio de compradores del ICP de Neety. Además utiliza una red de 18 agentes para cubrir el resto del mundo (modelo mixto, no venta directa pura) y tiene sede en Cataluña, fuera del norte de España.","Fabricante de maquinaria de envasado (bienes de equipo), ticket medio-alto y ciclo de proyecto largo | Exportador consolidado con oficinas propias en USA, UK e India | Más de 1.000 equipos instalados en plantas de todo el mundo | ~90 empleados, dentro del rango de tamaño ICP",https://www.mengibarfillers.com/who-are-we/ | https://www.europages.co.uk/ANTONIO-MENGIBAR-SA/ESP081331-00101.html | https://barcelona-packaging-hub.com/en/antonio-mengibar-sa/ | https://www.zoominfo.com/c/antonio-mengibar-sa/348819891
Norte/Aragón,Ariño Duglass,Aragón,61,"Glass, Ceramics and Concrete Manufacturing",C,"Fabricante industrial de vidrio con exportación real (+75% producción, 57 países) y tamaño adecuado (175 empleados), pero el universo de compradores es concentrado: su segmento ferroviario se dirige a un puñado de fabricantes globales de material rodante (CAF, Alstom, etc.) y el segmento arquitectura opera vía proyectos singulares y canal indirecto, no con comerciales propios captando muchos clientes finales. Además, está en Aragón, fuera del foco geográfico norte de España.","Exportación +75% de producción a 57 países en todos los continentes (2024) | Premio a la Internacionalización de la Cámara de Comercio de Aragón 2019 | 175 empleados en 2024, crecimiento desde 150 en 2019 (+50 nuevos puestos previstos) | Proyectos internacionales emblematicos: metro Helsinki, Tramlink NL, AVE Medina-Meca, Icon of the Seas",https://www.duglass.com/general/arino-duglass-premio-a-la-internacionalizacion-en-los-premios-a-la-exportacion-2019/ | https://www.duglass.com/general/arino-duglass-un-gran-polo-del-vidrio-en-aragon/ | https://www.eleconomista.es/aragon/noticias/10890581/11/20/Arino-Duglass-Prodesa-Agrar-Semillas-y-Audiobus-ganan-los-Premios-a-la-Exportacion-.html | https://www.duglass.com/en/solutions-for-architecture/
Norte/Cataluña,Carandini,Cataluña,80,"Appliances, Electrical, and Electronics Manufacturing",C,"Carandini es fabricante industrial real con exportación y ticket alto, pero su modelo comercial internacional se apoya en distribuidores locales (no comerciales directos) y sus compradores finales son principalmente entidades públicas e institucionales (ayuntamientos, infraestructuras), un universo concentrado que no encaja con el patrón ICP de Neety. Adicionalmente está fuera del norte de España.","Fundada en 1919, fabricante industrial de luminarias LED para entornos urbanos, industriales y de infraestructuras | Participación activa en Light+Building Frankfurt 2024 con 15+ nuevas referencias, señal de actividad comercial internacional | Plantilla en crecimiento: 71-80 empleados, crecimiento por encima de la media del sector en 2025 | Presencia en mercados internacionales (Australia, distribución global via ASD Lighting)",https://carandini.com/ | https://smart-lighting.es/carandini-light-building-nuevas-soluciones-iluminacion-urbana-industrial/ | https://carandini.com/te-esperamos-en-light-building-2024-reserva-la-fecha/ | https://www.empresia.es/empresa/c-y-g-carandini/ | https://www.siilight.com.au/brands/carandini/ | https://www.eysmunicipales.es/actualidad/carandini-llevara-sus-innovaciones-a-la-feria-light-building-2024-en-frankfurt
Norte/Cataluña,Kuadrotek,Cataluña,74,Industrial Machinery Manufacturing,C,"Empresa de automatización industrial (cuadros eléctricos, PLC, MCC) con perfil técnico sólido, pero sus mercados principales son ferroviario (metro, infraestructura), utilities (agua, renovables) y petroquímica — sectores de compradores altamente concentrados con pocas cuentas grandes, patrón anti-ICP. La exportación es marginal (2% de ventas) sin evidencia de comerciales propios internacionales ni expansión a nuevos mercados.",Industrial Machinery Manufacturing con 74-90 empleados en rango válido | Crecimiento de ingresos +28% en 2025 según datos públicos | Capacidad técnica en automatización y cuadros eléctricos de alta complejidad (proyectos de metro),https://exportadores.cesce.es/exportaciones-kuadrotek-group-systems | https://www.cepyme500.com/en/empresa/kuadrotek-group-systems | https://kuadrotek.com/en/sectors/ | https://es.linkedin.com/company/kuadrotek-group-systems
Norte/Cataluña,Adasoft,Cataluña,166,Engineering Services,C,"Adasoft es una empresa de software MES/SCADA para digitalización industrial (pharma, F&B, proceso), no un fabricante industrial de bienes de equipo ni componentes — no encaja en el patrón de clientes de referencia de Neety. Además está en Cataluña, fuera del foco geográfico norte de España.","Opera en LATAM, EMEA y USA — más de 5.000 proyectos en 50+ países (perfil web 2025) | Universo de compradores amplio: sirve a cientos de fábricas pharma y F&B en múltiples mercados | Venta directa de proyectos de ingeniería con ticket alto y ciclo largo (MES, SCADA, automatización) | 166 empleados — tamaño dentro del rango ICP",https://www.adasoft.com/es/about-us | https://es.linkedin.com/company/adasoft | https://guia.farmaindustrial.com/perfil/evyavkGn7XKQgBMnOOzJQjbG7ZQu5mOoaoZAvB7HMMHsOTUchImysD | https://www.adasoft-sur.com/
Norte/Asturias,COSERMO ESPAÑOLA S.L.,Asturias,97,Industrial Machinery Manufacturing,C,"COSERMO es un subcontratista de montaje e ingeniería industrial (tuberías de proceso, montajes mecánicos, mantenimiento) que ejecuta proyectos en plantas de clientes, no un fabricante que exporta producto propio con equipo comercial buscando cuentas. Su modelo de negocio es licitación/contratación de obra, no desarrollo activo de mercados internacionales con señales, por lo que no encaja en el ICP de Neety.","97 empleados — rango sweet spot ICP | Proyectos de gran envergadura nacionales e internacionales desde 1992 | Presencia en múltiples sectores industriales (siderurgia, petroquímica, automoción, aeronáutica, alimentación, farmacia)",https://www.idepa.es/detalle-empresa/-/asset_publisher/UA8FfgPWaKlm/content/cosermo-espanola-construcciones-servicios-y-montajes-s-l- | https://cosermo.com/ | https://www.cepyme500.com/empresa/cosermo-espanola-construcciones-servicios-y-montajes | https://www.informa.es/directorio-empresas/Empresa_COSERMO-ESPANOLA-CONSTRUCCIONES-SERVICIOS-MONTAJES.html
Valencia,Kerajet S.A.,C. Valenciana,134,Machinery Manufacturing,A,"Kerajet encaja de forma muy sólida en el ICP de Neety. Es un fabricante de maquinaria industrial (impresoras inkjet Single Pass) radicado en Almassora (C. Valenciana) que vende a fabricantes de azulejo, vidrio, textil y vajilla en más de 44 países. Universo de compradores amplísimo (miles de plantas en el mundo), venta directa con subsidiarias propias en 5 países, 134 empleados en el sweet spot, ticket alto y ciclo largo propio del bien de equipo. Señales de expansión activas: diversificación a nuevos verticales (80% fuera del azulejo en horizonte cercano), crecimiento del 20% en 2025, nuevos mercados en Sudamérica y Norte de África. Ningún flag anti-ICP identificado. Perfil casi idéntico a los clientes de referencia tipo Fagor Automation o Danobat.","Lider mundial en impresión inkjet Single Pass para cerámica — fabricante de bien de equipo industrial, no fabricante de azulejo | 134 empleados (sweet spot ICP 80-150) | 3.800 máquinas operando en más de 44 países — universo de compradores muy amplio (miles de fabricantes de azulejo, vidrio, textil en el mundo) | Filiales propias en Italia, Portugal, Brasil, China y México — estructura de venta directa internacional, no distribuidores | Objetivo superar 100 M€ en ventas en 2025 con 80% fuera del azulejo — expansión activa a nuevos sectores (vidrio, textil, vajilla) | Crecimiento del 20% previsto en 2025; diversificación de mercados a Sudamérica, Norte de África y Sudeste Asiático | Sector Machinery Manufacturing (LinkedIn) — bienes de equipo de ticket alto y ciclo de venta largo",https://castellonplaza.com/kerajet-se-expande-y-en-2025-espera-superar-los-100-millones-en-ventas-con-un-80-fuera-del-azulejo | https://kerajet.com/en/kerajet-in-the-world/ | https://castellonplaza.com/castellonplaza/jose-vicente-tomas-kerajet-el-sector-ceramico-va-a-ser-full-digital-en-15-o-20-anos-es-la-planta-del-futuro
Valencia,Boix Group | Your Box Forming Partner,C. Valenciana,133,Machinery Manufacturing,A,"Boix Group es un fabricante valenciano (San Isidro, Alicante) de maquinaria formadora de cajas de cartón con 133 empleados, exactamente en el sweet spot del ICP. Exporta más del 90% de sus ventas a 94 países con más de 10.000 máquinas instaladas y tiene subsidiarias propias en USA, México, Chile, Holanda, China e India — modelo de venta directa clara, no distribuidores puros. El universo de compradores es amplísimo: fabricantes de packaging en agricultura, alimentación y sectores industriales en todo el mundo. El bien de equipo (maquinaria de capital) implica ticket alto y ciclo de venta largo. No hay ninguna señal anti-ICP: es empresa española familiar (no filial de multinacional extranjera), compradores totalmente diversificados, y no es commodity. Señales recientes de expansión internacional activa (PACK EXPO 2024, Anuga FoodTec Mumbai 2024, más de 100 instalaciones en India). Encaja perfectamente con el patrón de clientes de referencia tipo Fagor Automation, CMZ o Danobat.","Más de 90% de ventas destinadas a exportación (Fructidor/DirectIndustry, fuente corporativa) | 10.000+ máquinas vendidas en 94 países (web corporativa boix.com) | 5 subsidiarias propias internacionales: USA, México, Chile, Holanda, China + India reciente (2024) | Presencia en PACK EXPO International 2024 (Chicago) — señal de expansión activa en Norteamérica | Anuga FoodTec 2024 Mumbai — showcase de Boix Machinery India con MBL-3P, 100+ instalaciones en India | Empresa familiar española con sede en Alicante, >45 años, 133 empleados en sweet spot ICP | Financiación COFIDES para expansión en USA — señal de inversión estructural en mercados internacionales",https://boix.com/en/ | https://fructidor.com/en/news/news-detail/3c76aaf7-d67f-499d-8e1b-992d3dbaa5c5 | https://packexpo24.mapyourshow.com/8_0/exhibitor/exhibitor-details.cfm?exhid=12268100 | https://www.directindustry.com/soc/boix-maquinaria-sl-207695.html | https://packagingsouthasia.com/events/anuga-food-tec/boix-machinery-indias/ | https://boix.com/en/company/subsidiaries/boix-usa/ | https://www.cofides.es/en/que-hacemos/casos-cofides/boix-maquinaria-usa-llc
Valencia,Embention,C. Valenciana,168,Aviation and Aerospace Component Manufacturing,A,"Embention es un fabricante valenciano de autopilotos y componentes para drones/eVTOL con presencia en ~700 clientes internacionales, lo que confirma un universo de compradores muy amplio. Vende tecnología de alto valor (autopilots certificados, sistemas redundantes) directamente a fabricantes de UAV, eVTOL y vehículos autónomos en todo el mundo. Ha triplicado ingresos en dos años, abierto sede en EE.UU. y firmado con Amazon y Airbus — señales inequívocas de expansión internacional activa. El perfil encaja con el patrón de cliente de referencia Neety: bien de equipo / componente técnico de alto ticket, ciclo largo, venta directa B2B, universo de compradores global y amplio, empresa en fase de escala. La única reserva es que el sector aeroespacial/defensa puede tener particularidades regulatorias en las ventas, pero no hay ningún flag anti-ICP estructural (no es filial extranjera, no vende por distribuidores, no es commodity, no es Tier-1 cautivo).","~700 clientes internacionales activos en todo el mundo (dato 2024-2025), universo amplísimo de compradores directos | Ingresos triplicados: de €4.7M (2023) a €12.2M (2024) y €13.4M (2025) — expansión comercial activa | Apertura de sede en Los Ángeles (EE.UU.) para soporte local UAV/eVTOL — señal clara de internacionalización directa | Acuerdo estratégico con Amazon Prime Air (programa de entrega con drones) — cliente de gran escala | Clientes globales: Airbus (Francia y Singapur), Honda (EE.UU. y Japón) — venta directa a fabricantes internacionales | Primera certificación POA (Production Organization Approved) de AESA para autopilotos de drones — barreras de entrada elevadas, posición diferenciada | 168 empleados en C. Valenciana — dentro del sweet spot 80-1000 (cerca del rango óptimo) | Participación en proyectos como ACTUS (certificación UAV táctica, 2025) y presencia en XPONENTIAL Europe 2026 — expansión continua de producto y mercado",https://insideunmannedsystems.com/embention-advances-global-reach-with-certified-autopilot-systems-for-uavs/ | https://valenciaplaza.com/valenciaplaza/empresas1/paso-de-gigante-embention-primer-fabricante-de-autopilotos-para-drones-que-logra-certificacion-de-la-ue | https://www.unmannedsystemstechnology.com/2026/04/embention-presents-veronte-autopilot-ecosystem-at-xponential-europe-2026/ | https://www.unmannedsystemstechnology.com/2025/04/embention-advances-tactical-uav-certification-innovation-through-actus-project/ | https://www.embention.com/
Valencia,Balaguer Rolls,C. Valenciana,75,Machinery Manufacturing,A,"Balaguer Rolls encaja muy bien con el ICP de Neety. Es un fabricante valenciano de bienes de equipo industriales (rodillos de fundicion para molineria y procesado de alimentos) con exportacion intensiva — 99% de produccion a 130+ paises — y universo de compradores amplio y disperso (miles de fabricantes de harina, molinos y plantas de proceso en todo el mundo). Tiene venta directa demostrada con filial propia en Turquia (2019). El producto es un bien de equipo tecnico de ticket medio-alto con ciclo de decision largo (homologacion tecnica). No hay flags anti-ICP: no es filial extranjera, no tiene compradores concentrados, no es commodity. El unico matiz es que con ~75 empleados esta en el limite inferior del sweet spot, pero el perfil exportador y el modelo comercial son sobresalientes. Candidato a contactar.","Exporta el 99% de su produccion a mas de 130 paises en 5 continentes (web corporativa, 2025) | Filial propia en Turquia creada en 2019 (Balaguer Rolls Turkey) — señal de expansion directa en mercados clave | Lider mundial declarado en su nicho: rodillos de fundicion centrifuga para industria alimentaria (molineria, cereales, chocolate, galletas) | Mas de 100 anos de experiencia — empresa valenciana consolidada, no filial extranjera | 75 empleados segun LinkedIn — en sweet spot ICP (80-150, limite inferior) | Crecimiento de ventas del 11,53% entre 2023 y 2024 (Einforma/Axesor)",https://www.balaguer-rolls.com/ | https://www.internationalmilling.com/balaguer-rolls-turkey-reaches-10-000-cast-rolls/ | https://www.einforma.com/informacion-empresa/balaguer-rolls | https://millingandgrain.com/companies/balaguer-rolls/
Valencia,Macer,C. Valenciana,84,Industrial Machinery Manufacturing,A,"Macer es un caso de manual de ICP Neety. Fabrica moldes completos para el conformado en verde de material cerámico — bien de equipo especializado de alto valor con ciclo de venta largo (asesoramiento técnico, estudio de viabilidad, proyecto). Vende directamente a fabricantes de azulejo en más de 25 países, con ~40-46% de facturación internacional y presencia en todos los grandes clústeres cerámicos mundiales (Italia, Brasil, India, Turquía, Oriente Medio, etc.). El universo de compradores es amplísimo: prácticamente cualquier fábrica de azulejo del mundo es un cliente potencial. No hay dependencia de distribuidores ni concentración en pocos OEMs. La adquisición de Moldes Plaza (2023) y el lanzamiento de una prensa hidráulica de gran formato inédita son señales de expansión activa — momento ideal para inteligencia comercial por señales. Tamaño (84-150 empleados) en el sweet spot. Ningún anti-ICP detectado.","Exporta ~40-46% de facturación a más de 25 países con industria cerámica (Brasil, India, EEUU, Turquía, Egipto, Indonesia, etc.) — confirma exportador real con universo de compradores amplísimo | Premio a la Exportación Cámara de Comercio de Castellón 2021 por trayectoria internacional | M&A: adquisición de Moldes Plaza S.L. en 2023 — señal de expansión y consolidación sectorial | Lanzamiento de nueva prensa hidráulica para gran formato única en su clase mundial (hasta 4x2 m) — nuevo producto / señal de movimiento estratégico | 3 fábricas propias en Almassora (~14.000 + 11.000 + 6.000 m²) y ~84-150 empleados — empresa en crecimiento dentro del sweet spot ICP | Trabaja con el 90% de las empresas del sector azulejero español y clientes directos en todos los países con industria cerámica — universo de compradores muy amplio",https://empresaexterior.com/art/84762/la-camara-de-comercio-de-castellon-galardona-a-deer-export-cooperativa-agricola-san-isidro-de-benicarlo-macer-mielso-y-peronda-group-con-los-premios-a-la-exportacion | https://castellonplaza.com/castellonplaza/macer-sl-referente-en-el-diseno-y-fabricacion-de-moldes-completos-para-el-conformado-en-verde-de-material-ceramico | https://macer.es/en/home/ | https://spanishceramictechnology.com/macer-presenta-una-nueva-era-para-el-diseno-ceramico/ | https://www.moldesplaza.com/quienes-somos/
Valencia,VIDRES S.A.,C. Valenciana,199,Chemical Manufacturing,A,"VIDRES S.A. es el arquetipo del ICP que el enunciado describe explícitamente: proveedor de fritas/esmaltes/colores para la industria cerámica global, con 199 empleados, exportación real a todos los continentes mediante subsidiarias y oficinas técnicas propias (venta directa, no distribuidores), y un universo de compradores amplio (fabricantes de azulejo dispersos en múltiples países). Las señales de expansión son muy claras: ampliación de planta que dobla capacidad productiva (2024-2025) y presencia creciente en mercados emergentes como India y Argelia. El ticket es medio-alto (productos formulados, servicio técnico, ciclo de desarrollo con el cliente). No hay banderas anti-ICP: no es filial de multinacional extranjera, no tiene compradores concentrados y no es commodity puro. Encaja directamente con el patrón de referencia mencionado en el ICP (Torrecid, Esmalglass).","Fabricante de fritas, esmaltes y colores cerámicos desde 1975 — exactamente el perfil proveedor industrial que cita el ICP como ejemplo positivo (como Torrecid, Esmalglass) | Exporta a todos los continentes con subsidiarias, oficinas técnicas y centros de producción propios en Italia, Portugal, UK, México, China, India y Argelia — exportador real con estructura directa | Ampliación de planta regularizada: dobla superficie (6 parcelas, 54.476 m²) e incrementa producción un 100% (de 120 a 260 t/día), con 5 nuevos hornos de fritas — señal de crecimiento activo (2024-2025) | 202 empleados y ventas >30M€ — tamaño dentro del rango sweet spot (80-1000 empleados) | Universo de compradores amplio: vende a fabricantes de baldosa cerámica en todo el mundo (muchos clientes finales dispersos geográficamente) | Presencia en nuevos mercados emergentes (India, Argelia) — señal de expansión internacional activa",https://www.elperiodicodelazulejo.es/industria/vidres-pone-el-broche-de-oro-a-sus-50-anos-de-trayectoria-LY2203692 | https://castellonplaza.com/castellonplaza/plazaceramica/vidres-regulariza-una-nueva-ampliacion-de-su-planta-doblara-superficie-e-incrementara-un-100-su-produccion | https://www.linkedin.com/company/vidres
Valencia,TCI Cutting Waterjet & Laser systems,C. Valenciana,136,Machinery Manufacturing,A,"TCI Cutting es un encaje muy sólido con el ICP de Neety. Es un fabricante industrial valenciano de bienes de equipo de alto valor (maquinaria de corte waterjet y laser a medida + software de automatización), con 136 empleados en el rango ideal, exportando a más de 28 países con subsidiarias propias en 3 mercados. El universo de compradores es muy amplio: clientes en aeronáutica, naval, defensa, metalurgia, automoción y alimentación en todo el mundo, sin concentración en pocos OEMs. El ticket es alto y el ciclo de venta largo (proyectos a medida). La única fricción menor es que en parte de Europa opera con distribuidores, no exclusivamente directa, pero tiene estructura comercial internacional propia suficientemente desarrollada para beneficiarse de señales de nuevos mercados, competidores o expansión de clientes. Patrón muy similar a CMZ o Danobat.","Fabricante valenciano (Guadassuar) de maquinaria de corte waterjet y laser a medida — bien de equipo industrial puro | 136 empleados: exactamente en el sweet spot ICP (80-150) | Exporta a +28 países: USA, Australia, India, Francia, Alemania, Polonia, Italia — internacionalización consolidada | Subsidiarias propias en 3 países (venta directa en mercados clave) | Universo de compradores muy amplio: clientes en metalurgia, aeronáutica, naval, defensa, automoción, alimentación — GE, General Dynamics, Navantia, Safran, Talgo, Arcelor Mittal, DCNS, Chanel, Saint Gobain | Líder tecnológico mundial en waterjet según LECTURA Press; única empresa española con ambos sistemas | En ranking 500 empresas de mayor crecimiento de España (señal de expansión activa) | Vende también software de gestión de producción / automatización — ciclo de venta largo y consultivo",https://www.tcicutting.com/en-us/company/ | https://lectura.press/en/article/tci-cutting-the-worldwide-technological-leader-in-waterjet-cutting-machines-and-it-is-one-of-the-500-companies-in-spain-with-fastest-growing/52920 | https://www.linkedin.com/sales/company/10153737
Valencia,Jeanologia,C. Valenciana,189,Industrial Machinery Manufacturing,A,"Jeanologia es un caso de libro de texto del ICP de Neety: empresa valenciana de maquinaria/tecnología industrial (no calzado ni mueble de consumo) que vende directamente a centenares de fabricantes de denim en todo el mundo. El universo de compradores es amplio y global, el ticket es alto (maquinaria + proyectos de transformación), el ciclo es largo y consultivo, y la empresa exporta de verdad con crecimiento sostenido. El único matiz que podría generar confusión es el sector textil, pero Jeanologia NO es fabricante de ropa: es el proveedor de tecnología a la industria, exactamente igual que Torrecid o Esmalglass son para la cerámica. No hay flags anti-ICP: no es filial extranjera, no vende a pocas cuentas concentradas, no es distribuidora de recambios ni commodity.","Industrial Machinery Manufacturing: fabrica tecnología y maquinaria para acabado textil denim (láser, ozono, H2 ZERO) con misión de transformar la industria textil global | Exportación real confirmada: actividad internacional de importación/exportación verificada; mercado objetivo son fabricantes de denim en Asia, Turquía, Bangladesh, América Latina, Europa | Crecimiento de ventas del 13,64% entre 2023 y 2024 (eInforma 2026), rentabilidad económica del 12,57% en 2024 vs 9,07% en 2023 | Plantilla ~111-189 empleados (sweet spot ICP 80-150); sede en Paterna (Valencia) | Universo de compradores amplio: sus clientes son centenares de fabricantes de denim y marcas globales en todo el mundo, no concentrados en 5-25 cuentas | Venta de soluciones tecnológicas disruptivas (no commodities): tecnologías de eco-eficiencia con ticket alto y ciclo de venta consultivo largo | Patrón análogo al ICP de referencia en cerámica (Torrecid/Esmalglass): es PROVEEDOR de tecnología a fabricantes, no el fabricante de producto final de consumo",https://www.einforma.com/informacion-empresa/jeanologia | https://www.jeanologia.com/about-us/ | https://empresaexterior.com/art/98979/empresas-valencianas-se-lanzan-al-exterior-y-buscan-talento-internacional
Valencia,IPLA,C. Valenciana,122,Industrial Machinery Manufacturing,A,"IPLA encaja muy bien con el ICP de Neety. Es fabricante valenciano de maquinaria de paletizado y automatizacion de final de linea (bien de equipo industrial, ticket alto, ciclo largo por proyecto). Con mas de 1.000 instalaciones en todo el mundo y filial en Chile, tiene internacionalizacion real y un universo de compradores muy amplio — fabricantes de alimentos, bebidas e industria general en multiples paises. Tamano (122 empleados) en el rango ideal. La inversion de 4M euros en nuevas instalaciones y el ritmo de 1 robot cada 15 dias son senales de crecimiento activo. El unico matiz es que menciona integradores y socios como canal en algunos mercados, lo que podria reducir la necesidad de inteligencia de senales en esos territorios; sin embargo, la red propia es el canal primario declarado. En conjunto, es un perfil muy solido para una conversacion de Neety sobre senales de nuevos mercados, expansiones de clientes o country managers.","Mas de 1.000 paletizadores instalados en empresas lideres de todo el mundo — universo de compradores muy amplio (industria general + hortofruticola) | Filial en Chile y presencia en Tenerife — internacionalizacion real con estructura comercial propia | Inversion de +4M euros en nuevas instalaciones — expansion de capacidad productiva | Participa en Fruit Logistica 2024 — presencia activa en ferias internacionales de captacion | Ritmo de 1 robot instalado cada 15 dias — ciclo de proyectos constante, ticket medio-alto de bien de equipo | 122 empleados en el rango sweet spot del ICP (80-150) | Red comercial propia citada como canal principal, con integradores como canal complementario",https://iplapalletizers.com/en/about-us/ | https://iplapalletizers.com/en/home/ | https://es.linkedin.com/company/ipla-palletizing-engineering | https://packnet.es/grupalia-ipla/
Valencia,Innova Group Packaging Solutions,C. Valenciana,69,Machinery Manufacturing,A,"Innova Group Packaging Solutions es un fabricante valenciano de maquinaria industrial de embalaje de fin de linea — bien de equipo con ticket elevado y ciclo de venta largo. Exporta activamente con estructura propia en Mexico y presencia comercial en USA, Brasil, Colombia, Argelia y Marruecos. Su universo de compradores es amplio: fabricantes de quimicos, cementos, agroalimentarios, mineria en todo el mundo. Acaba de inaugurar nuevas instalaciones (mayo 2025) como señal clara de apuesta por crecimiento internacional. Encaja en el patron ICP de Neety (maquinaria industrial, exportacion directa, muchos clientes finales, ciclo proyecto). El unico matiz es el headcount de 69, ligeramente bajo, y la posible dependencia parcial de partners distribuidores en algunos mercados. Veredicto: ICP fuerte, prioridad A/B para outreach.","Fabricante de maquinaria de embalaje de fin de linea (stretch hood, flejadoras, envolvedoras) — bien de equipo industrial con ticket medio-alto y ciclo de venta largo | Presencia internacional consolidada: filial propia en Mexico, posicionamiento en Brasil, EEUU, Colombia, Argelia y Marruecos — exportacion de verdad con estructura comercial directa | Participacion en PACK EXPO International 2024 (Chicago) y EXPO EMPAQUE NORTE 2024 (Monterrey) — actividad de desarrollo de negocio internacional activa | Inauguracion de nuevas instalaciones en Almassora (mayo 2025) con mas de 11.000 m² — señal de crecimiento y mayor capacidad productiva para escalar mercados internacionales | Clientes en sectores quimico, agroalimentario, cementos, mineria, construccion — universo de compradores amplio y diversificado en multiples industrias mundiales | Sede en Castellon (Comunidad Valenciana), con presencia en ferias industriales de referencia europeas como Fachpack y Exposolidos | ~69 empleados segun LinkedIn — encaja en el sweet spot ICP (80-150); ligeramente por debajo pero con crecimiento activo",https://en.innovamaquinaria.com/ | https://www.innovamaquinaria.com/noticia/innova-estrena-nuevas-instalaciones-mas-sostenibles-e-innovadoras-y-con-mayor-capacidad-para-el-crecimiento-internacional/ | https://packexpo24.mapyourshow.com/8_0/exhibitor/exhibitor-details.cfm?exhid=12420211 | https://techsolids.com/en/a-member/innova-group-packaging-solutions/ | https://www.fachpack.de/en/exhibitors/innova-group-packaging-solutions-2492887
Valencia,Itaca,C. Valenciana,113,Chemical Manufacturing,A,"Itaca encaja de forma sólida en el ICP de Neety. Es fabricante industrial de pigmentos inorgánicos y tintas digitales para la decoración cerámica con 40 años de historia y clara presencia global: más de 1.800 impresoras corriendo en el mundo e imprimiendo 2.100 millones de m² de azulejo al año. El patrón es exactamente el descrito en el MATIZ del ICP: proveedor de insumos técnicos (tintas digitales) que vende a MUCHOS fabricantes de cerámica en todo el mundo, no el fabricante de azulejo que vende por showroom. Con 113 empleados está en el sweet spot (80-150). El producto es técnico y diferenciado (no commodity), lo que implica ciclo de venta largo y ticket medio-alto. La presencia en mercados globales (Asia, Europa, América) exige seguimiento de señales de expansión de clientes y apertura de nuevos países. Pequeño riesgo: puede tener vinculación con el grupo Esmalglass-Itaca, lo que podría implicar estructura más grande o de grupo; conviene confirmar autonomía comercial antes de la outreach.","Más de 1.800 impresoras con tintas Itaca corriendo en todo el mundo (dato ficha LinkedIn) | 2.100 millones de m² de azulejo cerámico impresos anualmente con sus tintas — escala global clara (ficha) | Pionero en conversión digital de decoración cerámica durante 20 años — liderazgo tecnológico diferenciado (ficha) | 40 años de trayectoria en fabricación de pigmentos inorgánicos — empresa establecida, no startup (ficha) | 113 empleados en Comunidad Valenciana — tamaño sweet spot ICP (80-150) (LinkedIn) | Sector cerámica digital en crecimiento global: mercado proyectado a crecer de 1,45 B$ (2024) a 2,87 B$ (2032) — oportunidad de expansión (WebSearch 2025)",https://www.linkedin.com/sales/company/69520904 (ficha LinkedIn Sales Navigator) | https://www.inkworldmagazine.com/the-2025-pigment-market/ (mercado pigmentos 2025) | https://www.24chemicalresearch.com/reports/244756/global-inorganic-ceramic-ink-forecast-market (mercado tintas cerámicas inorgánicas 2025-2032)
Valencia,FRITTA,C. Valenciana,160,Chemical Manufacturing,A,"FRITTA es el caso de libro del ICP en el sector cerámica castellonense: fabrica fritas y esmaltes (insumo técnico de alto valor) y los vende a fabricantes de azulejo en todo el mundo con más de 200 clientes globales y plantas propias en el exterior. El perfil encaja exactamente con el matiz explícito del ICP ('proveedores de fritas/esmaltes/maquinaria que venden a MUCHOS fabricantes de azulejo en el mundo'). Tamaño adecuado (160-188 empleados), exportación real, ticket técnico medio-alto. El único riesgo es la propiedad de un fondo de capital privado internacional (Investcorp) que puede centralizar decisiones de herramientas, y la incertidumbre sobre si el equipo comercial exterior es propio o vía agentes. Aun así, el fit estructural es fuerte y merece priorización.","Fundada en 1973 en Vila-real (Castellón): fabricante de fritas, esmaltes, tintas digitales y colores cerámicos — exactamente el perfil de proveedor técnico a la industria cerámica global mencionado como patrón ICP (como Torrecid, Esmalglass) | Más de 200 clientes en todo el mundo: universo de compradores amplio, vende a fabricantes de azulejo en múltiples países | Plantas productivas repartidas por el mundo: internacionalización real con presencia operativa exterior | 160-188 empleados (ficha LinkedIn 160, fuentes 2025 ~188): dentro del sweet spot 80-200 | EBITDA creció 30% en 2024, rentabilidad económica subió de 5,33% a 9,32%: empresa en expansión | Cambio de accionariado (Nazca Capital → Investcorp, fondo árabe): evento M&A que puede generar señal de revisión de herramientas y procesos comerciales",https://www.fritta.com/ | https://es.linkedin.com/company/fritta-s-l- | https://valenciaplaza.com/valenciaplaza/empresas1/la-castellonense-fritta-cambia-de-manos-y-pasa-a-nazca-capital | https://elcorreo.ae/el-fondo-arabe-investcorp-compra-el-proveedor-espanol-de-esmaltes-ceramicos-fritta | https://ranking-empresas.eleconomista.es/FRITTA.html
Valencia,"TORRECID, S.A.",C. Valenciana,472,Chemical Manufacturing,B,"Torrecid es el ejemplo textual del patrón ICP positivo descrito en el brief para el sector cerámica: proveedor de fritas/esmaltes que vende a muchos fabricantes de azulejo en el mundo, no el fabricante que vende por showroom. Industrial, exportador real (29 países, +130 mercados), venta directa vía filiales propias, universo de compradores amplísimo, producto técnico de ticket medio-alto. Sin embargo, el tamaño (647 empleados, ~458M€ consolidado) y la madurez internacional lo alejan del sweet spot de Neety: a este nivel es muy probable que ya dispongan de inteligencia comercial interna sofisticada. Se recomienda explorar pero priorizar por debajo de este tamaño. No es anti-ICP por patrón, sino por madurez y escala.","Proveedor de fritas, esmaltes, pigmentos y nanomateriales para cerámica y vidrio — industrial de manufactura técnica (no commodity puro) | Presencia en 29 países con filiales propias y clientes en +130 países (2025) — exportador masivo con venta directa local | Nueva filial constituida en Sudáfrica (2024) — señal de expansión a nuevos mercados | Adquisición de Reimbold & Strick (Alemania) — señal M&A de crecimiento internacional | 647 empleados, facturación grupo ~458M€ (2024) — empresa con escala y recursos | Universo de compradores amplísimo: fabricantes de azulejo, vidrio, plásticos, pinturas en todo el mundo — exactamente el patrón ICP descrito en el MATIZ del brief | Sede en Alcora (Castellón), Comunidad Valenciana — target geográfico correcto | Modelo de filiales locales propias (no distribuidores) confirmado por estructura en 29 países",https://valenciaplaza.com/valenciaplaza/Torrecidcreceun85yfacturaunterciodetodalaindustriaestataldefritasyesmaltes | https://www.eleconomista.es/industria/noticias/13570908/09/25/el-gigante-ceramico-torrecid-gana-un-10-mas-pese-al-freno-de-asia-en-su-negocio-global | https://castellonplaza.com/castellonplaza/torrecid-constituye-su-filial-en-sudafrica-pero-no-puede-evitar-que-caigan-las-ventas-y-los-beneficios | https://ceramicworldweb.com/en/news/torrecid-acquires-reimbold-strick | https://www.torrecid.com/
Valencia,COALZA SYSTEMS SL,C. Valenciana,70,Machinery Manufacturing,B,"Coalza Systems es un fabricante valenciano de maquinaria de envasado vertical con exportación real (55% ventas, +70 países) y modelo de venta directa con subsidiarias propias. El core del negocio — maquinaria de envasado a clientes industriales en múltiples sectores — encaja bien con el ICP de Neety: universo de compradores amplio, bien de equipo, ciclo largo. La señal M&A (compra de Irta Group) indica empresa en expansión. La reserva principal es que parte del portfolio incluye film rolls y consumibles/accesorios, elemento anti-ICP. No es disqualificante si el peso principal es la maquinaria, pero reduce la puntuación. Empresa elegible para prospección con mensaje centrado en apertura de nuevos mercados y gestión de señales de proyecto en clientes industriales.","Fabricante de maquinaria de envasado vertical desde 1963 — bien de equipo con ticket medio-alto y ciclo largo | Exportación real: 55% de ventas son exportación, presencia en +70 países | Subsidiarias propias en Francia y Argelia — modelo de venta directa, no puramente distribuidores | Adquisición de Irta Group Packaging (Almassora) — señal M&A de crecimiento e integración de capacidades | Universo de compradores amplio: sirve a agroalimentaria, pet food, ferretería, agroquímica, construcción en múltiples mercados | 70 empleados — dentro del rango ICP válido",https://coalza.com/en/ | https://exportadores.cesce.es/exportaciones-coalza-systems | https://castellonplaza.com/la-valenciana-coalza-systems-compra-la-empresa-de-maquinaria-envasadora-de-almassora-irta-group | https://coalza.com/en/coalza-company/
Valencia,ISTOBAL Group,C. Valenciana,540,Machinery Manufacturing,C,"ISTOBAL es un fabricante valenciano de maquinaria de lavado de vehículos —genuinamente industrial, exportador real y con universo de compradores amplio (gasolineras, concesionarios, flotas, logística en 80+ países)—, lo que encaja con el patrón ICP de Neety. Sin embargo, su tamaño (~1.200 empleados, ~200M€ facturación en 2025) supera claramente el sweet spot de Neety (80-150 empleados, máximo ~1.000). Además, el modelo comercial es mixto: tiene 17 filiales con comerciales directos en mercados clave, pero también apoya mercados secundarios con distribuidores. No es filial de multinacional extranjera —es empresa familiar que se ha internacionalizado desde L'Alcudia—, por lo que no activa el anti-ICP duro. En conjunto, cumple los criterios cualitativos pero el tamaño y la escala la sitúan fuera del rango óptimo donde Neety aporta más valor diferencial.","Fabricante de maquinaria industrial (Machinery Manufacturing) con 75+ años de historia y origen 100% valenciano (L'Alcudia) | Exportación real: 70% de la producción va al exterior, presencia en 80+ países (2024-2025) | 17 filiales internacionales propias con comerciales directos: Alemania, Francia, Polonia, Hungría, Países Bajos, Australia, Noruega entre otras (2023-2025) | Crecimiento internacional activo: aperturas de filiales en Alemania, Hungría y Países Bajos en 2024; Australia y Noruega en 2025 | Facturación récord: 175M€ en 2024 (+12% vs 2023) y 199M€ en 2025 (+14%) | Universo de compradores amplio: gasolineras, concesionarios, flotas, supermercados, logística —miles de cuentas potenciales en el mundo | Ticket medio-alto y ciclo largo: maquinaria instalada en proyecto, mantenimiento, química, conectividad",https://empresaexterior.com/art/102397/el-grupo-istobal-alcanza-una-facturacion-record-de-199-m-en-2025-impulsado-por-su-negocio-internacional | https://empresaexterior.com/art/97317/istobal-factura-175-millones-de-euros-en-2024-y-refuerza-su-expansion-internacional | https://istobal.com/int_es/blog/el-grupo-istobal-consolida-su-crecimiento-con-175-millones-de-euros-facturados-en-2024/ | https://istobal.com/es/about-us
Valencia,BVALVE FSC,C. Valenciana,65,Industrial Machinery Manufacturing,C,"BVALVE FSC encaja parcialmente en el ICP de Neety: es industrial, exporta de verdad a mas de 60 paises con producto tecnico de alto valor (valvulas criticas), y el universo de compradores es amplio (fabricantes, plantas, ingenieras EPC en multiples sectores y geografias). Sin embargo, el modelo de venta presenta dudas relevantes: nacio como distribuidor de una marca alemana y sigue combinando distribucion de terceros con fabricacion propia. En mercados internacionales usa distribuidores locales (caso Gulf), lo que debilita el criterio de venta directa. Ademas, con 65 empleados queda debajo del minimo optimo y los sectores agua/utilities pueden implicar cuentas concentradas en proyectos de infraestructura. El perfil es interesante pero la claridad sobre si tienen comerciales propios por paises/regiones es clave para decidir. Fit medio-bajo: merece exploracion rapida pero no es prioridad alta.","Exporta a mas de 60 paises (agua, energia, quimica, petroquimica, farmaceutica, alimentacion) | Fabricacion propia desde 2008 con producto tecnico de alto valor (valvulas criticas, materiales especiales Hastelloy/Inconel) | Sede central en El Puig (Valencia) con 8.000m2 de almacen y red de sucursales propias en Peninsula + Portugal | 65 empleados: plantilla compatible con empresa industrial de tamanyo medio | Sectores de aplicacion muy variados = universo de compradores amplio a nivel global (plantas industriales, ingenieras EPC, fabricantes)",https://bvalveglobal.com/ | https://www.bvalve.es/en | https://ibgulf.com/BVALVE-Flow-Systems-and-Controls.html | https://empresite.eleconomista.es/SCHUBERT-SALZER-IBERICA.html
Valencia,AGFRA Automation Intelligence,C. Valenciana,68,Automation Machinery Manufacturing,C,"AGFRA es una integradora de robotica industrial valenciana con exportacion real (60% proyectos, 5 continentes, filial EEUU en apertura), venta directa, ticket alto y ciclo largo. Cumple bien los criterios basicos ICP. Sin embargo, el freno critico es el universo de compradores: sus sectores declarados principales son Automocion y Energias Renovables, ambos con base de clientes global muy concentrada (pocos OEMs de automocion, pocas utilities/promotoras eolicas). Esto reproduce exactamente el patron anti-ICP de ""Tier-1 de automocion a pocos OEMs / utilities"". Si la mayor parte de su cartera son proyectos para 5-15 cuentas globales, la propuesta de valor de Neety (senales de nuevos mercados / momento de proyecto en un universo amplio) tiene recorrido muy limitado. Podria encajar si una parte relevante de su negocio es industria general con muchos fabricantes finales, pero los datos disponibles no lo confirman. Perfil a mantener en vigilancia pero no prioritario para el piloto.","60% de proyectos orientados a exportacion con presencia en 5 continentes (web agfra.es, 2025) | Apertura de filial propia en EEUU en curso (web agfra.es, 2025) | 68 empleados en la franja baja del sweet spot ICP | Maquinaria especial a medida (lineas robotizadas, estaciones de ensamblaje) — ticket alto y ciclo largo confirmado | Venta directa con ingenieria de proyecto propia, sin distribuidores | Empresa valenciana independiente, no filial de multinacional extranjera | Entrega de estaciones de ensamblaje a clientes en Europa del Norte (web agfra.es)",https://agfra.es/ | https://agfra.es/en/home/ | https://atlastecnologico.com/es/noticia/agfra-ingenieria-humana-para-las-nuevas-fronteras-de-la-ia-fisica-en-las-fabricas/ | https://agfra.es/adn | https://es.linkedin.com/company/agfra-s-l-
Valencia,Zumex Group,C. Valenciana,136,Machinery Manufacturing,C,"Zumex encaja en varios criterios ICP: empresa valenciana de maquinaria (bien de equipo), 136 empleados en rango óptimo, exportadora real al 90% con subsidiarias propias en 5 países. Sin embargo, el anti-ICP más importante es el modelo de go-to-market: su expansión internacional se ejecuta principalmente a través de una red de distribuidores e importadores exclusivos, no de comerciales o country managers propios en cada mercado. Esto es exactamente el patrón que Neety excluye. Adicionalmente, el comprador final es hostelería/retail (restaurantes, cadenas de supermercados), lo que aleja el perfil del ICP industrial B2B donde los compradores son fabricantes o integradores. La señal de inteligencia comercial por expansión a nuevos mercados tiene menos tracción cuando el canal es distribuidor. Fit medio-bajo: empresa sana e internacional, pero el canal hace que la propuesta de Neety encaje peor.","Exporta el 90% de su producción a más de 100 países (dato verificado 2024) | 136 empleados — dentro del rango ICP (sweet spot 80-150) | Subsidiarias propias en USA, México, UK, Francia y Alemania — presencia directa en mercados clave | Fabricante de maquinaria de extracción (bien de equipo, no commodity consumible) — ciclo de venta largo | Crecimiento de ventas 7,18% entre 2023 y 2024 | Industria: Machinery Manufacturing — encaja en el perfil industrial de Neety",https://www.cepyme500.com/empresa/zumex-group-sa | https://www.zumex.com/ae/company/about-us/ | https://www.zumex.com/us/where-to-buy/ | https://www.marcasrenombradas.com/de_cerca/entrevista-a-victor-bertolin-ceo-de-zumex/
Valencia,Órbita Ingeniería S.L.,C. Valenciana,117,Engineering Services,C,"Orbita Ingenieria es una empresa industrial valenciana de automatizacion con buen tamano (117 empleados) y proyectos de ticket alto y ciclo largo. Sin embargo, falla en dos criterios clave del ICP de Neety: la internacionalizacion real es muy debil (14% exportacion, principalmente UE, sin evidencia de red comercial propia en mercados lejanos) y el universo de compradores no es amplio — sus sectores incluyen automocion (pocos OEMs) y utilities/agua (compradores concentrados). Funciona mas como integrador/subcontratista de automatizacion que como fabricante de bien de equipo con marca propia exportada globalmente. No es un anti-ICP, pero el encaje con la propuesta de Neety (inteligencia por senales para desarrollar negocio internacional en mercados con muchos compradores finales) es limitado.","117 empleados, dentro del sweet spot ICP (80-150) | Ingenieria de automatizacion y sistemas industriales: proyectos llave en mano de alta complejidad (ticket alto y ciclo largo) | Venta directa a clientes industriales de primer nivel en varios sectores (automocion, farmaceutica, alimentacion) | Presencia con delegacion en Valladolid ademas de Valencia: cierta escala multilocal | Mas de 19 anos de experiencia en automatizacion industrial",https://orbitaingenieria.com/ | https://exportadores.cesce.es/exportaciones-orbita-ingenieria | https://es.linkedin.com/company/orbitaingenieria | https://orbitaingenieria.com/conocenos/
Valencia,BOMBAS IDEAL SA,C. Valenciana,81,Machinery Manufacturing,C,"Bombas Ideal es una empresa industrial valenciana exportadora con tamaño y antigüedad correctos, y opera en muchos países. Sin embargo, el modelo comercial es fundamentalmente de distribución (red de distribuidores, mayoristas y SAT propios), no de venta directa a clientes industriales finales. Su gama abarca productos de bajo ticket (bombas domésticas, grupos de presión, agrícola) junto con segmentos más industriales. El patrón ICP de Neety requiere venta directa con comerciales o country managers propios que trabajan ciclos largos y proyectos de alto valor; Bombas Ideal encaja mejor en el modelo de fabricante que vende vía canal. El amplio universo de países no compensa la debilidad en venta directa y ticket/ciclo. Descartable salvo que se identifique una línea de negocio específica (contraincendios industrial, bombeo de proceso) con venta directa a proyectos.","Fabricante industrial de bombas centrífugas desde 1902, con sede en Valencia | 81 empleados, dentro del sweet spot ICP (80-150) | Exporta a 72 países según noticia de Economía3 (junio 2026) — universo geográfico muy amplio | Sector Machinery Manufacturing — encaja en la categoría industrial",https://economia3.com/2026/06/23/755887-bombas-ideal-de-exportadora-valenciana-a-red-industrial-en-72-paises/ | https://economia3.com/2025/10/18/705358-bombas-ideal-mas-de-120-anos-de-innovacion-y-retos/ | https://pdf.directindustry.es/pdf/bombas-ideal/catalogo-distribucion/40807-188471.html | https://www.bombasideal.com/en/markets/
Valencia,DAS Audio Group,C. Valenciana,99,"Appliances, Electrical, and Electronics Manufacturing",C,"DAS Audio es un fabricante valenciano solido y exportador real (70+ paises, filial USA, expansion continua), pero su modelo comercial se apoya en una red de distribuidores e integradores AV, no en comerciales/country managers propios que cierran proyectos directamente con el cliente final. Esto lo aleja del patron ICP de Neety, cuya propuesta de valor (señales de momento de compra para venta directa) encaja peor en modelos de canal donde el intermediario filtra el acceso al cliente. El universo de compradores es de integradores y empresas de produccion de eventos, no de fabricantes industriales con muchos clientes finales en el mundo. Señales de expansion son positivas pero no cambian el modelo de distribucion subyacente. Fit debil.","Fabricante valenciano de altavoces y sistemas pro-audio con 99 empleados (sweet spot ICP) | Exporta a mas de 70 paises en todos los continentes | Filial propia en USA (DAS Audio of America) — presencia internacional estructurada | Expansion sede Valencia a 35.000 m2 con nuevo almacen de 2.000 m2 (2024-2025) | Ampliacion departamento de ingenieria: 15 nuevos puestos + camara anecóica para I+D de transductores | Road show internacional ARA 2025 con series LARA, MARA y SARA | Presencia en ISE (Integrated Systems Europe) como expositor",https://www.dasaudio.com/en/about-das/ | https://www.dasaudio.com/en/press/das-audio-expands-valencia-headquarters/ | https://www.dasaudio.com/actualidad/nuevos-reps-eeuu-das/ | https://www.siluj.net/blog/das-audio-y-siluj-distribucion-en-espana-y-portugal-n625 | https://xchange.avixa.org/users/das-audio-group-sl
Valencia,YUK (Industrias YUK S.A.),C. Valenciana,102,Industrial Machinery Manufacturing,C,"YUK fabrica cadenas de transporte y elementos de transmisión desde 1964 en Valencia (102 empleados). Exporta a más de 40 países con más de 1.500 clientes en 15 sectores industriales — universo de compradores amplio. Sin embargo, el modelo de negocio es de componente industrial de catálogo (cadenas, sprockets, recambios) con distribuidores y plataforma B2B e-commerce, no de bien de equipo/proyecto con ciclo largo y ticket alto. El nuevo almacén automatizado y la plataforma B2B refuerzan el perfil de distribución/reposición. La venta directa no está confirmada como canal principal — el modelo mixto distribuidor/catálogo es predominante. No encaja en el patrón Neety de comerciales propios cerrando proyectos singulares en cuentas nuevas en el exterior.","Exporta a +40 países con +1.500 clientes en 15 sectores industriales (fuente: Mecalux/yuk.es) | 102 empleados — dentro del rango sweet spot ICP (80-150) | Empresa española propia (no filial de multinacional extranjera), fundada 1964 en Riba-roja de Túria (Valencia) | Inversión en nuevo centro logístico de 10.200 m² en el Parque Logístico de Valencia (2018+) — señal de crecimiento | Catálogo de +20.000 referencias — amplitud de producto y cobertura sectorial",https://www.mecalux.es/casos-practicos/industrias-yuk-almacen-cadenas | https://yuk.es/nuevo-proyecto-logistico-de-industrias-yuk-en-valencia | https://www.cepyme500.com/empresa/industrias-yuk-sa-1 | https://es.kompass.com/c/industrias-yuk/es1016447/
Valencia,Aplicaciones Tecnológicas - Smart Earthing | Smart Lightning,C. Valenciana,211,Electrical Equipment Manufacturing,C,"Empresa industrial real, exportadora consolidada con producto técnico de alto valor y fabricación propia en Valencia. Sin embargo, su modelo comercial internacional se articula a través de distribuidores, instaladores y prescriptores (canal), no mediante comerciales o country managers propios que venden directamente al cliente final industrial. Este es el anti-ICP determinante para Neety: la inteligencia de señales comerciales tiene poco valor cuando el crecimiento depende de activar y gestionar red de canal, no de prospectar clientes finales directos. Adicionalmente, parte de su base de clientes finales (utilities, eólica, telecomunicaciones) corresponde a segmentos con compradores concentrados. Encaje débil.","Fabricante de equipos eléctricos de protección (pararrayos, puesta a tierra inteligente, protección contra sobretensiones) con R&D y producción propia en Valencia | Exporta a más de 100 países, presencia en 3 continentes (Europa, América del Sur, América del Norte) | ~211 empleados, dentro del rango 80-250 del ICP | Más de 35 años de actividad, empresa madura con innovación continua | Laboratorio AT Research Center obtuvo certificación UNE-EN ISO/IEC 17025 en 2025 (señal de expansión técnica)",https://at3w.com/en/about-us/ | https://pararrayos-at3w.com/profesionales/ | https://leadiq.com/c/aplicaciones-tecnol%C3%B3gicas---smart-earthing--smart-lightning/5a1d9c1423000053008ba96b | https://at3w.com/en/news/
Valencia,ARANCO,C. Valenciana,82,Packaging and Containers Manufacturing,C,"ARANCO es industrial valenciana, exportadora real con filiales propias en Europa y venta directa, lo que cumple varios criterios formales. Sin embargo, su modelo de negocio 'Wrapping as a Service' (maquina + film + mantenimiento facturado por palet) es esencialmente un servicio operativo recurrente de bajo ticket unitario, no la venta de bien de equipo industrial de alto valor con ciclo largo de proyecto. Sus compradores son directores de logistica y operaciones de empresas de cualquier sector, lo que no encaja con el perfil de comprador tecnico-industrial de nicho que Neety necesita para activar senales de inteligencia comercial (nuevo mercado, nueva planta, M&A). El parecido superficial con una empresa de maquinaria industrial no se sostiene al analizar el modelo comercial y el perfil de cliente final.","Expansion internacional activa: filial propia Aranco France abierta en 2023, filial Aranco Deutschland iniciada en 2025 | Mas de 2.300 maquinas instaladas en Europa y mas de 800 clientes activos (universe amplio) | Fabricacion propia de maquinaria en Espana con tecnologia conectada (AGV, IA, 5G) | Empresa familiar espanola fundada en 1988, no filial de multinacional extranjera | Venta directa con comerciales propios y filiales (sin modelo de distribuidores externos) | Presencia en ferias industriales europeas: Empack Dortmund 2026, Empack Spain 2025",https://www.aranco.com/en | https://www.aranco.com/en/aranco-deutschland-our-packaging-service-model-enters-the-German-market | https://www.diariodelpuerto.com/logistica/aranco-refuerza-su-estrategia-de-expansion-internacional-en-2025-NL23288764 | https://atlas.marcasrenombradas.com/marcas/aranco/?lang=en | https://www.alimarket.es/envase/noticia/421536/aranco-lleva-sus-ultimas-soluciones-a-empack-dortmund-2026
Valencia,Basor Electric,C. Valenciana,242,"Appliances, Electrical, and Electronics Manufacturing",C,"Basor Electric cumple los requisitos de tamaño (242 empleados), origen español, exportación real y universo de compradores amplio. Sin embargo, falla en los dos criterios más determinantes del ICP de Neety: (1) venta directa — su canal es el distribuidor de material eléctrico, no un equipo comercial propio que cierra proyectos con el cliente industrial final; (2) bien de equipo / ticket alto con ciclo largo — la bandeja portacables es un componente de instalación que se compra por catálogo a través de distribuidor, sin el proceso de venta consultiva y señales de expansión que Neety necesita detectar. El patrón de clientes de referencia (Danobat, Fagor Automation, ULMA Packaging) implica maquinaria/bienes de equipo vendidos directamente; Basor no encaja en ese modelo. Descartable para prospección activa.","Exporta a más de 30 países / 50 mercados en 5 continentes (web basor.com) | Filial productiva propia en México — Basor México SAPI de CV (LinkedIn showcase activo) | Inversión de 18M€ y duplicación de plantilla en Almansa (2018, clm24.es) | CEPYME500: reconocida entre las 500 pymes de mayor crecimiento de 2020 | Propietario BAFT INDUSTRIAL SL (española) — no es filial de multinacional extranjera (axesor/empresia 2025) | 242-286 empleados, dentro del rango ICP de tamaño",https://www.basor.com/historia/ | https://material-electrico.cdecomunicacion.es/noticias/proveedores/42217/basor-electric-reconocida-como-una-de-las-500-pymes-de-mayor-crecimiento-de-2020 | https://almansa.es/la-empresa-basor-duplicara-su-plantilla-en-almansa-con-una-inversion-de-18me | https://www.cepyme500.com/es/empresa/basor-electric-sa-1 | https://mx.linkedin.com/showcase/basor-mexico/ | https://www.empresia.es/empresa/basor-electric/
Valencia,Euroatomizado Grupo,C. Valenciana,67,"Glass, Ceramics and Concrete Manufacturing",C,"Euroatomizado Grupo es un fabricante industrial exportador de composiciones ceramicas (atomizado), con presencia internacional y venta directa B2B. Sin embargo, su producto es materia prima de proceso ceramico — insumo industrial cercano a commodity — no un bien de equipo, maquinaria o proyecto de ingenieria. El universo de compradores (fabricantes de azulejo) es estructuralmente concentrado: el grueso del mercado mundial se reparte entre unos pocos clusters (Castellon, Sassuolo, China, Brasil), lo que aleja el perfil del ICP de universo amplio que necesita Neety. El matiz ICP en ceramica aplica a proveedores de mayor valor tecnico (fritas, esmaltes, maquinaria ceramica) que venden a cientos de fabricantes en el mundo; el atomizado ocupa un escalon anterior en la cadena, con menor diferenciacion y menor necesidad de inteligencia comercial por señales. No se detectan señales positivas recientes (expansion, country managers, nuevos mercados). Descartable salvo nueva informacion que demuestre modelo de venta de alto valor tecnico a mercados muy diversos.","Lider nacional e internacional en composiciones ceramicas (web propia 2024) | Dos plantas con capacidad de 1.800.000 ton/año — escala industrial real | 212 empleados (mayo 2026) — tamaño dentro del sweet spot | Vocacion mundial: 'ser reconocidos mundialmente como empresa lideres en composiciones ceramicas' | Venta directa B2B a fabricantes de azulejo, sin distribuidor intermedio aparente",https://grupoeuroatomizado.com/sobre-nosotros | https://grupoeuroatomizado.com/liderazgo-2 | https://grupoeuroatomizado.com/alta-capacidad-productiva | https://www.einforma.com/informacion-empresa/nuevos-productos-ceramicos
Valencia,Sienz,C. Valenciana,104,Industrial Machinery Manufacturing,C,"Sienz fabrica y vende maquinaria postcosecha de clasificación de fruta fresca, lo cual es bien de equipo industrial con ticket alto y presencia internacional real. Sin embargo, presenta dos anti-ICP estructurales: (1) opera principalmente como integrador/agente exclusivo de Tomra-Compac en sus territorios (España, Portugal, Francia, Latam, etc.), lo que significa que no tiene una fuerza de venta directa autónoma buscando nuevos mercados sino que canaliza la demanda de una multinacional extranjera; (2) el universo de compradores es inherentemente estrecho — son instalaciones de envasado de fruta (packhouses), un segmento muy específico y numéricamente limitado en cada país, muy diferente de 'muchos fabricantes de azulejo en el mundo' o similares. No cumple el criterio de broad_buyer_universe ni de direct_sales autónoma. Descartable como ICP prioritario.","Maquinaria de clasificación postcosecha — bien de equipo industrial con ticket alto y ciclo largo | Presencia internacional confirmada: España, Portugal, Francia, Latinoamérica, Oriente Medio, Australia/NZ (partnership con Compac 2025) | Origen Compac/Fomesa con historial en 57 países | 104 empleados (ficha LinkedIn) — dentro del rango ICP | Tecnología propia Orbital AI para clasificación con IA (señal de innovación/producto nuevo) | Plantas de producción en Valencia y Uruguay — operativa multinacional real",https://sienz.com/en/nuestras-historia/ | https://www.freshplaza.com/north-america/article/2118254/compac-sorting-equipment-and-fomesa-to-join-forces/ | https://www.postharvest.biz/news/compac-and-sienz-announce-partnership-for-the-supply-of-produce-grading-solutions-in-australia-and-new-zealand-26551 | https://www.einforma.com/informacion-empresa/compac-fomesa-postharvest-solutions
Valencia,Guillén Group,C. Valenciana,80,Automation Machinery Manufacturing,C,"Guillén Group es un fabricante industrial valenciano con exportación real y tamaño adecuado, pero no encaja con el ICP de Neety por dos razones críticas: (1) el modelo de internacionalización se apoya en distribuidores (Grupo Cimar en Portugal, Manuel Rey en España, acuerdo con Wielton/TIP en 2022), no en comerciales propios o country managers que serían los usuarios naturales de una herramienta de señales comerciales; (2) el producto (semirremolques) tiene un ciclo de venta más transaccional y price-driven que los bienes de equipo industriales del patrón ICP (maquinaria, automatización, ingeniería). El universo de compradores es amplio (flotas de transporte en Europa y Oriente Medio) pero la inteligencia comercial por señales tiene poco valor diferencial en un mercado donde el precio y la disponibilidad dominan la decisión. No hay señales anti-ICP de filial extranjera ni compradores concentrados, pero el modelo de canal y el tipo de producto lo alejan suficientemente del perfil ideal.","Exporta a múltiples mercados: Escandinavia, Francia, Irlanda, Bálticos, Qatar, Golfo Pérsico, Norte de África (reportado 2016-2022) | Facturación consolidada >25M€ en 2016, empresa estable con 120+ años de historia | ~80 empleados, rango de tamaño encaja con ICP | Acuerdo con Wielton Group y TIP Group en 2022 — señal de expansión internacional | Fundada en 1895, sólida base industrial en C. Valenciana",https://www.guillen-group.com/es/guillen-group-distribuira-sus-semirremolques-en-portugal-traves-del-grupo-cimar/ | https://www.guillen-group.com/es/guillen-group-celebra-120-aniversario-una-facturacion-consolidada-superior-los-25-millones-euros-2016/ | https://transporteprofesional.es/reportajes-transporte/transporte/Grupo%20Guill%C3%A9n
Valencia,CITROSOL,C. Valenciana,141,Chemical Manufacturing,C,"CITROSOL encaja en tamaño (141 empleados) y tiene internacionalización real con presencia propia en 4+ países, pero falla en los criterios de producto y modelo comercial que definen el ICP de Neety. Su negocio es química de consumo postcosecha (fungicidas, ceras, recubrimientos para fruta) — exactamente el tipo de producto que el criterio ICP descarta como 'quimica a granel / commodity / ticket bajo'. No es un proveedor de bienes de equipo ni proyectos con ciclo largo: sus clientes compran insumos en ciclos cortos de reposición. Además usa distribuidores en mercados relevantes (Asia, Turquía), no fuerza de venta directa pura. La señal de expansión internacional es real pero el modelo de negocio no genera las señales de compra de inteligencia comercial por proyectos que busca Neety.","Presencia en más de 25 países con subsidiarias propias en Perú, Sudáfrica, Uruguay y Egipto (2024-2025) | 141 empleados — dentro del rango ICP (80-1000) | Reconstrucción y modernización de fábrica en 2025 (señal de expansión) | Presencia en Fruit Logistica 2026 reforzando liderazgo en postcosecha de aguacate — expansión activa de mercados | Empresa fundada en 1964, con I+D+i propio (>1.200 m² laboratorio/planta piloto)",https://valenciafruits.com/citrosol-refuerza-su-liderazgo-en-postcosecha-de-aguacate-en-fruit-logistica-2026/ | https://agroautentico.com/2025/03/citrosol-reconstruye-moderniza-su-fabrica-de-postcosecha-y-amplia-instalaciones/ | https://www.citrosol.com/en/empresa/ | https://es.linkedin.com/company/citrosol
Valencia,ITV-Ice Makers,C. Valenciana,85,Machinery Manufacturing,C,"ITV-Ice Makers cumple algunos criterios formales (C. Valenciana, 85 empleados, exportacion internacional real con filiales propias, Machinery Manufacturing), pero el modelo de negocio la descarta como ICP de Neety. Fabrica maquinas de hielo para el canal hosteleria y las distribuye a traves de una red de distribuidores especializados, no mediante venta directa a clientes industriales con ciclo largo y decision compleja. El ticket unitario es bajo, el comprador final es un bar o restaurante, y el proceso de venta no genera las senales de inteligencia comercial (nuevos mercados industriales, licitaciones, proyectos de planta) que Neety detecta. La internacionalizacion es real pero orientada a canal distribuidor en hosteleria global, no a desarrollo de negocio industrial directo. Descartada por modelo distribuidor + mercado hosteleria + ticket bajo.","Exporta a ~100 paises con presencia desde 1982 (fuente: itv.es/about-us) | Filial propia en EE.UU. (ITV Ice Makers USA, Orlando FL) y en Francia, mas delegacion en Portugal — señal de internacionalizacion directa (fuente: busqueda 2025) | 85 empleados en C. Valenciana, dentro del rango de tamaño ICP | Sector Machinery Manufacturing segun LinkedIn",https://itv.es/en/about-us/ | https://itvice.com/wordpress/about-us/ | https://www.coolvi.es/brand/itv/ | https://mabhostelero.com/2022/03/itv-ice-makers-eduardo-lopez-director-comercial/ | https://www.zoominfo.com/c/itv/372822427
Valencia,Extrusax,C. Valenciana,134,Fabricated Metal Products,C,"Extrusax encaja en tamaño (134 emp) y en exportación real (75% ventas Europa, +20 países), pero falla en los criterios de negocio más importantes para Neety: es un fabricante de perfiles de aluminio extruido, un semielaborado/commodity que se comercializa por tonelada a través de distribuidores, almacenistas y transformadores. El 45% de ingresos viene de construcción, donde el canal es distribuidor por definición. No hay evidencia de venta directa con comerciales propios por mercado ni de ciclos largos de proyecto. Las señales de inteligencia comercial que detecta Neety (nuevo país, nueva planta, M&A, country manager) no son accionables en este modelo de negocio de volumen y recurrencia. No es bien de equipo ni ingeniería de proyecto.","Exporta a +20 países con 75% de ventas en mercado europeo (2024) | Facturación ~73M€ con crecimiento del 20% impulsado por mercado europeo (2024) | 134 empleados en rango sweet spot ICP (80-150) | Presencia en Alemania, Francia, Italia, UK, Bélgica, Holanda, Portugal, Suecia, Dinamarca y Oriente Medio",https://alicanteplaza.es/extrusax-incrementa-sus-ventas-un-20-hasta-73-millones-gracias-al-mercado-europeo-del-aluminio | https://www.mejordealuminio.com/noticias/EXTRUSAX_servicio_global_extrusion | https://www.mejordealuminio.com/extrusax_gran_productor_aluminio | https://alicanteplaza.es/alicanteplaza/extrusax-dispara-su-facturacion-un-46-por-el-precio-del-aluminio-y-gana-4-3-millones
Valencia,Heligràfics Fotogrametría S.L.,C. Valenciana,81,Aviation and Aerospace Component Manufacturing,C,"Heligràfics es un prestador de servicios técnicos aerotransportados (fotogrametría, LiDAR, hiperspectral) con proyección internacional real: opera en 15+ países, 4 continentes, y ganó el Premio a la Internacionalización 2025 de Cámara Alcoy. Sin embargo, su universo de compradores es estrecho e institucional/público: contratos con el Ministerio de Transición Ecológica, CONAF (Chile), emergencias y protección civil. No es fabricante ni distribuidor de bienes de equipo industrial vendido a muchos clientes privados. El modelo es de servicio técnico por proyecto licitado (concursos públicos), no de desarrollo comercial B2B con country managers y pipeline privado. El patrón de señales de Neety (nuevos mercados industriales privados, ampliación de red comercial propia) no aplica a este tipo de empresa. Tamaño (81 empleados) e internacionalización correctos, pero buyer universe y modelo de negocio no encajan con el ICP.","Internacionalización real: proyectos en 15+ países, 4 continentes (web heligrafics.net) | Premio a la Internacionalización 2025 de Cámara de Comercio de Alcoy (Alicante Plaza, 2025) | 81 empleados según LinkedIn — en rango sweet spot del ICP | Tecnología diferencial: sensores LiDAR e hiperspectral aerotransportados propios | Proyectos en América, Asia, África y Europa — expansión geográfica activa",https://alicanteplaza.es/alicanteplaza/alcoy-el-comtat/heligrafics-ejemplo-de-innovacion-y-proyeccion-global-recibe-el-premio-a-la-internacionalizacion-2025-de-camara-alcoy | https://www.heligrafics.net/en/home/ | https://www.heligrafics.net/fotogrametria-lidar-heligrafics/
Valencia,Hidro Water,C. Valenciana,78,Industrial Machinery Manufacturing,C,"Hidro Water exporta y fabrica equipo técnico, lo que cumple dos criterios ICP. Sin embargo, el modelo comercial es predominantemente a través de distribuidores oficiales (confirmado por múltiples distribuidores identificados en web pública), no venta directa con comerciales propios en mercados exteriores. Además, la mezcla de divisiones (residencial, piscinas, industrial) y la venta de consumibles de bajo ticket alejan el perfil del ICP de Neety, que busca empresas con venta directa de bien de equipo a base amplia de clientes finales. No hay señales recientes de expansión directa internacional ni country managers. El tamaño es adecuado pero los otros vectores clave (direct_sales, broad_buyer_universe) no se cumplen.","Exporta a +30 países con apoyo ICEX (confirmado web oficial y registro mercantil 2026) | Fabricante de equipos de tratamiento de agua industrial (MBR, desalinización, ultrafiltración): sector técnico válido | 78 empleados en C. Valenciana, dentro del rango de tamaño ICP | División industrial activa con proyectos en África, Europa y Latinoamérica",https://hidro-water.com/company/?lang=en | https://hidro-water.com/?lang=en | https://aquadux.es/hidro-water/ | https://achedosol.com/hidro-water/ | https://www.aunadistribucion.com/proveedor/325/hidro-water | https://www.axesor.es/Informes-Empresas/1009154/HIDRO_WATER_SL.html
Valencia,Hidroten,C. Valenciana,66,Plastics Manufacturing,C,"Hidroten exporta de verdad y tiene escala industrial, pero su modelo de negocio es fabricacion y distribucion de componentes plasticos (valvuleria PVC, accesorios de fontaneria) que llegan al mercado via distribuidores, ferreterias y plataformas online. No hay venta directa de bien de equipo a clientes industriales finales con ciclo largo. El producto es accesorio/componente de ticket bajo-medio, no maquinaria ni ingenieria. No encaja en el patron ICP de Neety: falta venta directa, falta ciclo largo/ticket alto y el canal es distribucion. Las senales de exportacion son positivas pero insuficientes para compensar los anti-ICP estructurales.","Exportacion real: ~41% de ventas son exportaciones, ranked 6.377 nacional entre exportadoras (datos 2023/cesce.es) | Presencia internacional: comercializa en mercados mundiales segun web corporativa | Empresa familiar fundada 1995, sede Alicante, instalaciones >25.000 m2, escala industrial consolidada | 66 empleados segun LinkedIn ficha; fuentes mercantiles apuntan a 51-200 rango",https://exportadores.cesce.es/exportaciones-hidroten | https://hidroten.com/en/meet-hidroten | https://www.einforma.com/informacion-empresa/hidroten | https://achedosol.com/hidroten/ | https://grupopiscinas.com/proveedor/hidroten/
Valencia,RALOE,C. Valenciana,92,Industrial Machinery Manufacturing,C,"RALOE es una empresa de distribucion y comercializacion de aparatos elevadores y componentes para profesionales del sector (instaladoras de ascensores), con catalogo multimarca y recambios. Aunque tiene presencia internacional real en +60 paises y 92 empleados en C. Valenciana, su modelo de negocio es incompatible con el ICP de Neety: no es fabricante de bien de equipo con venta directa a clientes industriales finales, sino un mayorista/distribuidor de componentes y repuestos con ticket medio-bajo por referencia. El universo de compradores son instaladoras de elevadores, un segmento concentrado por mercado geografico y no el perfil de 'muchos compradores finales industriales en el mundo' que busca Neety. Descarte por modelo de distribuidor/recambios.","Presencia internacional en +60 paises (web RALOE) | 92 empleados en C. Valenciana, dentro del rango sweet spot | +50 anos de experiencia en sector industrial de elevacion",https://www.raloe.com/ | https://www.raloe.com/sobre-raloe/ | https://www.raloe.com/por-que-raloe/ | https://www.ascensorssales.com/es/visitamos-las-instalaciones-de-raloe-en-valencia/
Resto/Andalucía,AND & OR,Andalucía,118,Machinery Manufacturing,A,"AND & OR es un fabricante andaluz de maquinaria y sistemas de automatización industrial con producto propio, 118 empleados y 80% de ventas en mercados internacionales distribuidos en más de 90 países. Dispone de filiales comerciales propias (no distribuidores) en EEUU, China, Bélgica y México, lo que confirma venta directa con estructura de country managers. Sus clientes son fabricantes industriales en sectores de envasado, vidrio y embotellado —universo de compradores amplio con muchos clientes finales en el mundo—. El ticket es alto (proyectos de automatización a medida, ciclo largo). No es consultora, integradora IT ni filial extranjera. Encaja en el patrón de referencia tipo ULMA Packaging o Fagor Automation. Fit muy sólido en todas las dimensiones ICP de Neety.","80% de la facturación proviene de mercados internacionales (fuente: empresaexterior.com) | Presencia activa en más de 90 países con filiales propias en EEUU, China, Bélgica y México | 40 años de historia como fabricante de maquinaria industrial propia (fundada 1986) | 118 empleados — sweet spot ICP (80-150) | Premio a la Empresa Exportadora de Andalucía (fuente: andyor.com) | Nueva planta de producción en desarrollo (expansión activa) | Sectores cliente muy variados: plástico, vidrio, embotellado, intralogística — universo de compradores amplio | Inversión propia en I+D durante 10 años y desarrollo de vehículos autónomos (AGV/AMR)",https://empresaexterior.com/art/94554/and-or-se-consolida-como-lider-en-el-sector-de-maquinaria-industrial-con-presencia-en-tres-continentes | https://andyor.com/en/about-us/ | https://andyor.com/en/la-sevillana-and-or-premio-a-la-empresa-exportadora/ | https://andaluciaeconomica.com/and-or-celebra-40-anos-de-innovacion-y-liderazgo-en-automatizacion-industrial/
Resto/Castilla-La Mancha,SYMAGA,Castilla-La Mancha,73,Mechanical Or Industrial Engineering,A,"SYMAGA es un caso ICP sólido. Fabricante industrial español de producto propio (silos metálicos galvanizados), con exportación real a 150 países y más del 90% de la facturación en mercados internacionales. Su universo de compradores potenciales es amplísimo —cualquier instalación agrícola, cooperativa, puerto, planta industrial o de biomasa en el mundo puede ser cliente—, lo que hace especialmente valioso un software de inteligencia comercial por señales (nueva planta, ampliación de cooperativa, proyecto agroindustrial en país emergente). Vende directamente con equipo comercial propio y multilingual, no a través de distribuidores exclusivos. Ticket alto y ciclo largo (instalaciones de hasta 25.000 m³, proyectos de ingeniería complejos). Tamaño (73-150 empleados) y facturación (73M€) encajan en el sweet spot ICP. El único matiz es que el producto es relativamente estándar/catalog, lo que podría implicar algo más de dependencia de precio; pero la dimensión exportadora y la amplitud de mercados lo compensan con creces.","Exporta a 150 países con >90% de facturación internacional (dato web oficial 2025) | Facturación 73M€ en 2024 con objetivo de 100M€ en 2028 — expansión activa | Ganó cuota en Canadá gracias a aranceles a competidores (noticia sept 2025) — señal de apertura de nuevo mercado | Sustituyó mercado ucraniano (caída -15% facturación) reconvirtiendo en crecimiento en Polonia y Rumania — capacidad de pivote internacional | Equipo comercial multilingüe y departamento de ingeniería propio para proyectos llave en mano | Presencia activa en ferias internacionales (Agritechnica) — desarrollo de negocio propio | Universo de compradores amplísimo: cooperativas agrícolas, molinos, puertos, plantas de bioetanol, cervecerías, industria de piensos, biomasa... en todo el mundo | Empresa familiar española 100% — no filial extranjera",https://www.elcorreogallego.es/economia/2025/09/14/gracias-aranceles-hemos-ganado-cuota-canada-121554634.html | https://www.symaga.com/en/ | https://www.symaga.com/en/symaga-silos-continues-to-grow-in-ukraine/ | https://www.lanzadigital.com/provincia/villarta-de-san-juan/symaga-silos/
Resto/Madrid,EIIT - A Controlar company,Madrid,122,Mechanical Or Industrial Engineering,A,"EIIT es un fabricante español de equipos de automatización industrial y sistemas de test de producto propio, con 40 años de historia, 122 empleados y presencia real en 12 países. Encaja en el patrón ICP de Neety: industrial, exportador, venta directa a clientes finales en múltiples sectores (aeronáutica, defensa, electrónica, automoción, etc.), ticket alto y ciclo largo. El universo de compradores es amplio porque sus soluciones de test y automatización se aplican a prácticamente todos los sectores industriales del mundo, no a 5-25 cuentas. La señal de expansión internacional activa (partnership Rumanía, Productronica 2025, oficinas en USA/India/China) refuerza el fit. La única reserva es la exposición a Aerospace & Defense con Airbus, que introduce algo de concentración, pero no domina el perfil general. Grupo Controlar es español, no filial extranjera. Fit sólido.","Fabricante de equipos de automatización y sistemas de test: producto propio de alto valor (no consultora/servicios) | Presencia en 12 países con unidades de producción en España, Portugal, México y Malasia + oficinas en Alemania, China, USA e India (exportador real, 2024) | 122 empleados — sweet spot ICP (80-150) | Proyecto Airbus A400M FAL (Final Assembly Line): sistemas de test electrónico para aeronáutica/defensa, ticket muy alto y ciclo largo | Participación en Productronica 2025 (Munich) — feria internacional de fabricación electrónica, señal de prospección activa de nuevos mercados | Partnership con Alfa Test (Rumanía, diciembre 2025) — expansión activa de red internacional | Sector: Mechanical/Industrial Engineering + Aerospace & Defense; universo de compradores amplio (todos los sectores industriales) | 40 años de experiencia, marca consolidada con referencias en multinacionales como Airbus",https://controlar.com/en/eiit/ | https://www.eiit.com/en/news/cybersecurity-in-automation-test-engineering-and-critical-sectors-aerospace-defence/ | https://alfatest.ro/news/new-partnership-alfa-test-and-eiit-a-controlar-company/ | https://exhibitors.productronica.com/exhibitor-portal/2025/list-of-exhibitors/exhibitordetails/?elb=228.1100.2079.1.111 | https://www.airforce-technology.com/contractors/manufacturing/eiit/
Resto/Andalucía,KEYTER,Andalucía,237,Industrial Machinery Manufacturing,A,"KEYTER encaja bien con el ICP de Neety. Es un fabricante industrial español de equipos HVAC+R (bien de equipo, no servicio ni consultoría), con exportación real a más de 50 países y más del 50% de facturación fuera de España. Tiene estructura de venta directa con oficinas propias en mercados internacionales clave (Holanda, Turquía, Francia) y un universo de compradores amplio y diversificado (clientes industriales en alimentación, farmacia, data centers, proyectos de agua en 40-50 países). Capital 100% español, no es filial de multinacional extranjera. El plan de crecimiento hacia 100M€ y la apertura de nuevos mercados son señales activas de necesidad de inteligencia comercial. Las reservas menores son el tamaño consolidado del grupo (podría rozar el límite superior) y un posible canal mixto con distribuidores en mercados sin oficina propia.","Fabricante español de maquinaria industrial HVAC+R (chillers, climatización, producción de agua atmosférica) — bien de equipo de ticket alto, no commodity | Exporta a +50 países en 5 continentes; >50% de facturación en mercados internacionales (Europa, Norte África, Oriente Medio, América) | Oficinas propias de ventas y servicio en Holanda, Turquía y Francia — estructura de venta directa internacional con presencia local | Grupo 100% capital español fundado en Lucena (Córdoba); holding con marcas Keyter, Intarcon y Genaq — no es filial de multinacional extranjera | Plan de crecimiento ambicioso: de 60M€ (2021) a objetivo 100M€ y 800 empleos en 2025, con nuevas instalaciones de fabricación (primera piedra comunicada 2022) | 237 empleados en LinkedIn (ficha); grupo proyectaba >1.200 empleos directos totales con nueva planta — escala compatible con ICP sweet spot | Universo de compradores amplio: clientes industriales en múltiples sectores (alimentación, farmacia, hostelería, data centers, procesos industriales, proyectos de agua) en decenas de países",https://www.keyter.com/es/vision-internacional/ | https://www.eleconomista.es/andalucia/noticias/11672202/03/22/Keyter-Intarcon-Genaq-preve-alcanzar-los-100-millones-de-facturacion-en-2025.html | https://www.intarcon.com/se-coloca-la-primera-piedra-de-las-nuevas-instalaciones-del-grupo-keyter-intarcon-genaq/ | https://www.cepyme500.com/empresa/keyter-technologies | https://es.linkedin.com/company/keyter
Resto/Madrid,entrol simulators,Madrid,65,Aviation and Aerospace Component Manufacturing,A,"Entrol encaja bien con el ICP de Neety. Es fabricante español de producto propio (simuladores de vuelo certificados EASA/FAA) con exportación real a más de 35 países. Su modelo de negocio es venta directa al cliente final (academias, fuerzas armadas, operadores aéreos) con instalación y mantenimiento a lo largo de la vida útil del simulador — ticket alto y ciclo largo. El universo de compradores es amplio y global (multitud de operadores aéreos, escuelas de vuelo, defensa en todo el mundo), sin concentración en pocas cuentas. Señales recientes de expansión internacional activa (nuevos clientes en Australia, Luxemburgo, Túnez, Italia en 2024-2026) y nuevo modelo de producto en 2025. El único matiz es el tamaño (65 empleados), algo por debajo del sweet spot ideal, lo que baja ligeramente el score.","Simuladores certificados en más de 35 países (ficha LinkedIn) | Venta de 3 simuladores FNPT a World Aviation Group (Australia, 2025) | Entrega de simulador Air Tractor AT802 a Aquarius Aerial Firefighting (Luxemburgo, marzo 2026) | Instalación de simulador para Ministerio de Defensa de Túnez (2024) | Primer Full Flight Simulator Level B vendido a Air Corporate (Italia) | Nuevo modelo incorporado al portfolio (señal de expansión de producto, 2025) | Clientes en fuerzas armadas, academias de vuelo y operadores aéreos en múltiples continentes — universo amplio de compradores",https://entrol.net/ | https://entrol.net/entrol-expands-world-aviation-groups-training-capacity-with-three-simulators/ | https://entrol.net/entrol-installs-the-en-4000x-fnpt-ii-mcc-simulator-for-the-ministry-of-national-defense-of-tunisia/ | https://entrol.net/full-flight-simulator-for-air-corporate/ | https://aerialfiremag.com/2026/03/19/entrol-delivers-an-air-tractor-at802-simulator-to-aquarius-aerial-firefighting-to-enhance-aerial-firefighting-capabilities/ | https://entrol.net/new-simulator-model-for-the-portfolio/
Resto/Madrid,"FISAIR, Air Humidity Control",Madrid,145,Industrial Machinery Manufacturing,A,"FISAIR encaja sólidamente en el ICP de Neety. Es un fabricante industrial de producto propio (maquinaria de control de humedad) con más de 55 años de historia, 145 empleados (justo en el sweet spot) y un perfil exportador muy marcado: el 78% de sus ventas son exportaciones. Tiene filiales propias en México, lo que indica venta directa en mercados internacionales clave, y opera en sectores con compradores amplios y dispersos (energía, farma, alimentación, data centers) en todo el mundo. La apertura de una nueva planta en Madrid para baterías de litio es una señal activa de expansión de producto y mercado. El único matiz es que parte de la red internacional parece apoyarse en representantes/agentes externos además de estructuras propias, lo que podría hacer que la necesidad de inteligencia de señales por mercado sea aún mayor. En conjunto, el perfil es muy similar a clientes de referencia como Fagor Automation o ULMA Packaging.","Fabricante industrial de producto propio (humidificadores, deshumidificadores, enfriadores evaporativos) con más de 55 años de historia | 78% de las ventas corresponden a exportaciones, principalmente UE — alta dependencia del negocio internacional | Red internacional de representantes/especialistas técnicos en múltiples regiones (EMEA y más) | Filiales propias en México (FISAIR MEXICO S.A.P.I. de C.V. y FISAIR AMERICAN MANUFACTURING SAPI de C.V.) — indica presencia directa en mercados clave | Nueva planta en Madrid (2023) ampliando capacidad EMEA para fabricar deshumidificadores para baterías de litio — señal de expansión activa de producto y mercado | 145 empleados — tamaño en el sweet spot del ICP (80-150) | Sectores de cliente muy amplios: energía, alimentación, farmacéutica, data centers — universo de compradores amplio y diversificado globalmente",https://fisair.com/ | https://exportadores.cesce.es/exportaciones-fisair | https://www.veritradecorp.com/es/mexico/importaciones-y-exportaciones-fisair-mexico-s-a-p-i-de-cv/rfc-e170721he0 | https://www.linkedin.com/company/fisair
Resto/Murcia,Elifab,Murcia,61,Industrial Machinery Manufacturing,A,"Elifab es fabricante de maquinaria de calibrado/clasificacion para fruta blanda (grading machines), fundada en 2016 en Murcia con tecnologia Ellips. Opera en mas de 25 paises con el 99% de sus ventas correspondiendo a exportacion. Sus clientes son packhouses de distintos tamaños alrededor del mundo (universo amplio, no concentrado en pocas cuentas). Vende directamente e instala las maquinas en destino (instalaciones propias en Sudafrica, Marruecos, EEUU, etc.). El bien de equipo tiene ticket medio-alto y ciclo de proyecto largo. Crecimiento fuerte: +10.79% ventas y +107.76% beneficio neto entre 2023-2024. Acuerdo global con Fruitist (California) en 2024-2025 como señal de expansion internacional activa. El unico punto a vigilar es la plantilla (61-80 empleados), en el limite inferior del sweet spot, aunque con crecimiento claro. Patron muy similar a ULMA Packaging o Kerajet en terminos de fabricante industrial exportador con clientes finales dispersos globalmente.","Opera en mas de 25 paises, 99% de ventas son exportacion (CESCE/axesor 2024-2025) | Acuerdo global con Fruitist (California) para despliegue de tecnologia de clasificacion en multiples paises (Fruitnet 2024) | Instalacion en Sudafrica (agosto 2025) y Marruecos/Agadir (enero 2026) - expansion activa de mercados | Crecimiento ventas +10.79% y beneficio neto +107.76% entre 2023 y 2024 | Universo de compradores amplio: packhouses de distintos tamaños en todo el mundo | Bien de equipo de maquinaria industrial con ticket medio-alto y ciclo de proyecto (instalacion incluida)",https://elifab.com/ | https://ellips.com/elifab/ | https://www.fruitnet.com/eurofruit/elifab-solutions-secures-global-partnership-with-berry-brand-fruitist/269614.article | https://exportadores.cesce.es/exportaciones-elifab-solutions | https://www.axesor.es/Informes-Empresas/8749763/ELIFAB_SOLUTIONS_SL.html | https://www.iberinform.es/empresa/7207786/elifab-solutions
Resto/Murcia,PUERTAS PADILLA SL,Murcia,94,Fabricated Metal Products,A,"Fabricante espanol de producto industrial exportable (puertas cortafuego y de seguridad) con expansion internacional consolidada desde 1996 y marca propia Padilla Fire Doors. Tamano en sweet spot (94 empleados), universo de compradores amplio y diversificado geograficamente (aeropuertos, hoteles, museos, estadios en Europa, Asia, America), ticket medio-alto por certificacion y proyecto singular, y ciclo de venta largo tipico de obra. No es filial extranjera, no es consultora, no es distribuidor. El unico matiz es que la venta directa al cliente final puede estar mediada por prescriptores (arquitectos) o distribuidores locales en mercados lejanos, lo que reduce ligeramente el fit frente al patron ideal de comerciales propios/country managers. En conjunto es un perfil ICP solido.","Exportacion internacional activa desde 1996 bajo marca propia Padilla Fire Doors | Proyectos singulares en multiples paises: Vaticano, aeropuertos de Moscu y Paris, Trump Tower Panama, Tower 101 Taiwan, estadios Eurocopa 2012 | 94 empleados (sweet spot 80-150 del ICP) | Presencia en Europages y catalogo BIM: indicios de relacion directa con arquitectos y promotores en proyectos de construccion | Fabricante de producto certificado (puertas cortafuego, acusticas, seguridad) con 25+ anos de especializacion tecnica | Amplio universo de compradores: aeropuertos, hoteles, museos, estadios, torres de oficinas en distintos paises y sectores",https://www.europages.es/PUERTAS-PADILLA-SL/ESP087036-00101.html | https://ppadilla.es/en/ | https://murciaplaza.com/murciaplaza/empresas-murcia/la-cartagenera-puertas-padilla-hara-mas-seguras-las-salas-de-el-vaticano | https://bimsupport.info/es/fabricantes/puertas-padilla-bim/ | https://es.linkedin.com/company/puertas-padilla-sl
Resto/Madrid,EQUIPOS INDUSTRIALES DE MANUTENCIÓN S.A. (EINSA),Madrid,102,Aviation and Aerospace Component Manufacturing,B,"EINSA es fabricante español de producto propio (equipos de apoyo en tierra para aviación civil y militar, vehículos tácticos de defensa) con ~102 empleados en Madrid. Exporta a más de 53 países con 107 clientes internacionales — aeropuertos, bases aéreas y fuerzas aéreas de todo el mundo, incluyendo contrato con el Ministerio de Defensa italiano para F-35 y suministro a Lockheed Martin. Tiene filial propia en Reino Unido (venta directa). Los contratos son de alto valor (26M€ con el Ejército del Aire español) y ciclo largo. No es consultora, no es distribuidor, no es filial de multinacional extranjera. El único matiz es que el universo de compradores (fuerzas aéreas y grandes aeropuertos) es más institucional y acotado que un fabricante de maquinaria horizontal, pero con 107 clientes en 53 países el universo es suficientemente amplio para Neety. Encaja bien en el patrón ICP.","Presencia en más de 53 países con 107 clientes internacionales (web EINSA / búsqueda 2025) | Contrato con el Ministerio de Defensa italiano para suministro de posicionadores de armamento para F-35 (búsqueda 2025) | Proveedor de Lockheed Martin para contratos de exportación del F-35 (búsqueda 2025) | Contratos con el Ejército del Aire español por 26M€ para renovación de vehículos de apoyo (Infodefensa, 2024) | Filial propia en Reino Unido — indicativo de venta directa internacional (búsqueda 2025) | ~102 empleados, un tercio ingenieros y técnicos — perfil de empresa de producto de alta tecnología (LinkedIn) | Más de 475 equipos y vehículos diferentes desarrollados — cartera de producto propia amplia (web EINSA)",https://es.linkedin.com/company/equipos-industriales-de-manutencion-einsa | https://delta13news.com/david-ayala-einsa-aglutinar-empresas-de-defensa-puede-ser-muy-positivo-para-competir-siempre-que-aporten-valor/ | https://www.infodefensa.com/texto-diario/mostrar/4201928/ejercito-aire-cierra-einsa-contratos-26-millones-renovar-vehiculos-apoyo-aeronaves | https://tedae.org/en/asociado/einsa/
Resto/Madrid,Seppelec,Madrid,77,Engineering Services,B,"Seppelec encaja en la mayoria de criterios estructurales del ICP: fabricante espanol de maquinaria de proceso (no consultora ni distribuidor), 77 empleados, exporta de verdad a +30 paises en 4 continentes con filiales propias en Alemania y Mexico, venta directa, ticket alto y ciclo largo (proyectos llave en mano). El universo de compradores es razonablemente amplio: la industria de alimentacion y bebidas incluye miles de fabricantes en el mundo y tienen +200 proyectos completados. Sin embargo, los clientes destacados son Coca-Cola y Pepsi, grandes corporaciones que sugieren cierta orientacion a cuentas grandes tipo enterprise, lo que puede indicar un universo mas estrecho de lo ideal. Ademas, el sector industria de la ficha se clasifica como 'Engineering Services', lo que puede reflejar la componente de ingenieria de proyecto que tiene su modelo (soluciones turnkey), difuminando ligeramente el perfil puro de fabricante de producto. En conjunto es un candidato medio-alto: industrial real con exportacion propia y venta directa, pero con duda sobre concentracion de clientes y posible componente de servicios de ingenieria.","Fabricante de maquinaria de proceso para industria alimentaria y bebidas — bien de equipo de ticket alto y ciclo largo (proyectos llave en mano / turnkey) | Exporta a mas de 30 paises en 4 continentes con mas de 200 proyectos completados — exportador real consolidado | Filiales propias en Alemania y Mexico, mas agentes comerciales en 4 continentes — estructura de venta directa sin dependencia exclusiva de distribuidores | 77 empleados — dentro del sweet spot 80-150 del ICP de Neety | Sede en Espana (Madrid/Alcorcon) — empresa espanola, no filial de multinacional extranjera | Universo de compradores potencialmente amplio: industria food & beverage global tiene miles de fabricantes (refrescos, lacteos, bebidas)",https://seppelec.com/es/company/ | https://seppelec.com/company/ | https://revistaalimentaria.es/agricultura/bebidas/seppelec-presento-su-gama-de-productos-en-la-reunion-mundial-de-tecnologia-de-proceso-y-embotellado | https://es.kompass.com/c/seppelec/es1215006/ | https://www.zoominfo.com/c/seppelec-sl/372619040
Resto/Andalucía,Airzone Control,Andalucía,414,"Appliances, Electrical, and Electronics Manufacturing",B,"Airzone Control es un fabricante espanol de producto propio (sistemas de control HVAC con zoning y conectividad) con internacionalizacion muy real: >70% de facturacion en el exterior, presencia en ~20 paises y crecimiento sostenido >20% anual. El universo de compradores es amplio (miles de instaladores y gestores de edificios en el mundo), lo que aleja el riesgo de concentracion en pocas cuentas. Sin embargo, el modelo go-to-market es principalmente indirecto (distribuidores e instaladores como canal principal), lo que diverge del patron ICP de Neety donde los comerciales propios van a por el cliente final industrial directamente. Tiene canal OEM con estructura propia, lo que matiza positivamente. El ticket del producto (control HVAC) es mas bajo y el ciclo menos estrategico que bienes de equipo industriales pesados. En conjunto, encaja en industrial + exportador + universo amplio, pero falla en venta directa y ticket alto, quedando en fit medio.","Facturacion ~92M EUR en 2023, crecimiento >20% anual sostenido desde pandemia (fuente: elmercantil.com, sep 2024) | Opera en ~20 mercados internacionales; >70% de facturacion procede del exterior (Francia, Italia, Alemania, Polonia, UK, Benelux, Norteamerica, Norte de Africa) | 414 empleados, empresa espanola fundada en 1997 en Malaga con producto propio (sistemas de control HVAC, zoning, conectividad) | Canal OEM activo con director OEM dedicado, indicando desarrollo de negocio B2B directo ademas del canal instalador | Universo de compradores amplio: instaladores HVAC, gestores de edificios residenciales/comerciales/industriales en multiples paises",https://elmercantil.com/2024/09/27/airzone-refuerza-su-presencia-internacional-con-un-notable-crecimiento-en-su-facturacion/ | https://empresaexterior.com/art/94155/airzone-incrementa-su-facturacion-en-mas-de-un-20-y-fortalece-su-presencia-internacional-en-mas-de-20-mercados | https://www.elespanol.com/malaga/economia/20240927/exito-cohete-malagueno-airzone-factura-millones-empleados-mundo/889161336_0.html | https://www.airzonecontrol.com/na/en/contact/partners/
Resto/Andalucía,SOTRAFA - Agricultura y Geosintéticos,Andalucía,112,Plastics Manufacturing,B,"SOTRAFA cumple los criterios estructurales del ICP: fabricante industrial de producto exportable (geomembranas y plásticos agrícolas), presencia real en 60-70 países, comerciales propios, 112 empleados y universo de compradores amplio. El segmento geosintéticos/geomembranas para minería, vertederos y grandes obras encaja bien con el perfil de venta directa, ticket alto y ciclo largo. Sin embargo, hay dos fricciones relevantes: (1) es filial de Grupo Armando Álvarez, grupo grande español que puede centralizar decisiones de compra de software, reduciendo la autonomía de SOTRAFA; (2) el negocio agrícola (parte importante de su volumen) es más commodity y de ciclo corto. El fit es medio: merece prospección pero es necesario verificar si el equipo comercial de SOTRAFA tiene autonomía presupuestaria real y si el área de geosintéticos lidera el negocio internacional.","Exporta a 60-70 países con más de 40 millones de kg/año y ~48% de facturación en el exterior (datos Revista Mercados / La Voz de Almería) | Tiene comerciales internacionales propios: ofertas activas de 'Comercial Internacional Senior' confirman venta directa sin dependencia exclusiva de distribuidores | 112 empleados propios en El Ejido — en el sweet spot ICP (80-150 empleados) | Universo de compradores amplio y disperso: agricultores, minería, vertederos, embalses, municipios, constructores en >60 países | Segmento geosintéticos/geomembranas para minería, vertederos y grandes obras: ticket medio-alto y ciclo de proyecto largo",https://revistamercados.com/sotrafa-expide-mas-de-40-millones-de-kilos-de-plastico-60-paises/ | https://www.lavozdealmeria.com/noticia/20/economia/58669/sotrafa-comercializa-ya-mas-de-40-000-toneladas-de-plastico-la-mitad-en-el-exterior | https://sotrafa.com/en/who-we-are/ | https://es.trabajo.org/oferta-3065-d6e8131c40ffd1162c7cb2344a28f252 | https://armandoalvarez.com/
Resto/Andalucía,alfran,Andalucía,390,"Glass, Ceramics and Concrete Manufacturing",C,"Alfran es fabricante industrial espanol exportador con producto propio (refractarios) y venta directa via filiales propias en 8+ paises — senales positivas claras. Sin embargo, su universo de compradores es estrecho: las plantas de cemento, acero y petroquimica son activos concentrados, con pocas decenas de clientes potenciales por mercado. Esto lo aleja del patron ICP de Neety (maquinaria de envase, automatizacion, componentes con cientos de compradores finales en el mundo). Adicionalmente, el modelo llave en mano incluye servicio de instalacion como parte nuclear del negocio, difuminando la linea de fabricante puro de bien de equipo. Fit medio: encaja en varios criterios (industrial, exportador, directa, ticket alto) pero falla en amplitud de universo comprador.","Exportador real con filiales propias en Mexico, Arabia Saudi, EAU, India, Peru, EEUU, Marruecos — expansion internacional sostenida desde 2004 | Producto propio: materiales refractarios, aislamiento termico y proteccion pasiva fabricados internamente | Venta directa mediante filiales comerciales propias en cada pais (no distribuidores externos) | Ticket alto y ciclo largo: proyectos llave en mano para cementeras, acereras, refinerias | 390 empleados, dentro del rango sweet spot; holding GRUPO ALDOMER espanol (no filial de extranjera) | Expansion reciente: filial EAU 2022, India 2022 — senales de crecimiento internacional activo",https://alfran.com/en/the-company/ | https://www.aldomer.com/en/the-group/ | https://alfran.com/alfran-mexico/
Resto/Madrid,SANZ Clima,Madrid,128,Motor Vehicle Parts Manufacturing,C,"SANZ Clima es un fabricante industrial real con internacionalización genuina (5 países, M&A en EE.UU.) y tamaño en sweet spot. Cumple los criterios de industrial, exportador y venta directa. Sin embargo, el elemento crítico que lo descarta del ICP de Neety es el universo de compradores: vende sistemas HVAC customizados a fabricantes OEM de autobuses, camiones y trenes, un mercado global con decenas —no cientos— de cuentas relevantes. Esto es estructuralmente similar al patrón Tier-1 de automoción (pocas cuentas grandes), que es anti-ICP explícito. Adicionalmente, el canal de recambios online sugiere un modelo mixto que se aleja de la venta directa de bien de equipo a cliente final. La inteligencia comercial por señales de Neety aporta poco valor cuando el universo de prospectos es tan reducido y estable.","Fabricante propio de sistemas HVAC para vehículos (on-road y off-road) con más de 60 años de historia | Plantas de fabricación en 5 países: España (HQ), EE.UU. (Minnesota), Alemania, Brasil (Caxias do Sul) y Polonia | Adquisición de Kenway Engineering Inc. (EE.UU.) — señal de expansión internacional activa | Oficinas comerciales propias en México y Rusia — venta directa internacional | 128 empleados: dentro del sweet spot ICP (80-150) | Producto customizado de alta ingeniería (sistemas HVAC a medida por tipo de vehículo) — ticket medio-alto plausible",https://sanzclima.com/about-us/group-history/?lang=en | https://sanzclima.com/products/ | https://shop.sanzclima.com/en/ | https://www.linkedin.com/company/sanzclima | https://panjiva.com/Sanz-Clima-Sl/29636717
Resto/Madrid,Cryospain,Madrid,77,Industrial Machinery Manufacturing,C,"Cryospain es un fabricante real de equipos criogénicos con exportación sólida (70%+ de ventas), presencia en +20 países y señales de expansión activas. Cumple industrial, exportador, tamaño y ticket alto. Sin embargo, el universo de compradores es inherentemente concentrado: los clientes de infraestructura criogénica a escala de proyecto son un grupo reducido de grandes gasistas globales (Linde, Air Liquide, Air Products) y grandes EPC. No es un negocio de perseguir muchos clientes finales en el mundo con señales comerciales — es un negocio de relación con pocas cuentas enormes. Este anti-ICP estructural hace que la propuesta de Neety (inteligencia comercial por señales para abrir nuevos mercados con muchos prospectos) tenga poco encaje: el pipeline de Cryospain no se gestiona con señales de mercado sino con licitaciones y relaciones de largo plazo con un oligopolio. Fit débil.","Más del 70% de actividad es exportación (2023, facturación >15M€) | Opera en +20 países en 4 continentes (México, Marruecos, Rotterdam, proyectos marítimos) | Nueva planta de producción en Pinto — ampliación de capacidad (2024) | Proyecto en Rotterdam para tuberías de hidrógeno líquido — nuevo mercado emergente (2024-2025) | 77-80 empleados, tamaño en sweet spot ICP | Fabricante de bien de equipo industrial (tanques criogénicos, tuberías, sistemas LNG/LH2) con diseño y manufactura propios",https://cryospain.com/new-cryogenic-production-plant-cryospains-capacity-increases | https://cryospain.com/two-new-flat-bottom-cryogenic-tanks-international-projects | https://cryospain.com/company | https://www.linkedin.com/company/cryospain
Resto/Madrid,KROWN,Madrid,69,Machinery Manufacturing,C,"KROWN es un fabricante industrial de producto propio (maquinaria para fundición de aluminio) con exportación real a +25 países y universo de compradores amplio — cumple varios criterios ICP. Sin embargo, su modelo de internacionalización se basa explícitamente en una red de distribuidores y representantes autorizados por país (Europa, Asia, LATAM), no en comerciales/country managers propios. Este es el anti-ICP definitivo de Neety: sin equipo de ventas directas propio que desarrolle nuevos mercados, la propuesta de valor de inteligencia de señales pierde encaje. Además, con 69 empleados la estructura comercial interna es probablemente muy reducida. Queda como weak por el buen perfil de producto e internacionalización, pero el canal de distribución descarta el fit real.","Fabricante de maquinaria para fundición de aluminio — producto propio exportable de ticket alto | Presencia en más de 25 países: Europa, Asia, Latinoamérica, India | Oficina propia en Querétaro (México, desde 2016) y almacenes logísticos en Trieste, Budapest, Praga, Pune, Estambul | Universo de compradores amplio: fundiciones de aluminio en todo el mundo | 69 empleados — tamaño en rango bajo pero dentro del umbral mínimo",https://www.krownsa.com/machinery-aluminium-casting | https://www.krownsa.com/authorized-representatives | https://www.krownsa.com/machinery-company-aluminium-casting/ | https://www.europages.co.uk/KROWN-SERVICIOS-INTEGRALES-DE-FUNDICION-SA/ESP073624-00101.html
Resto/Andalucía,Toscano (Toscano Línea Electrónica),Andalucía,92,"Appliances, Electrical, and Electronics Manufacturing",C,"Toscano es fabricante industrial de producto electrónico propio (Vigilec, Vigivolt, tControl, tSensor, DUMO) con presencia en 56 países y exportación real a más de 30 mercados — hasta aquí encajaría. Sin embargo, el modelo de internacionalización es fundamentalmente por RED DE DISTRIBUIDORES, no venta directa con comerciales propios prospectando señales. Los productos son componentes/accesorios de protección eléctrica y control de bombas: ticket medio-bajo, venta repetitiva por catálogo, ciclo corto — lejos del bien de equipo de proyecto con ciclo largo que es el sweet spot de Neety. Con 92 empleados el tamaño es correcto, pero la combinación de canal distribuidor + ticket bajo + producto componente lo aleja del patrón ICP (Danobat, CMZ, ULMA Packaging). Fit débil.","Fabricante de producto industrial electrónico propio desde 1971 (Vigilec, Vigivolt, tControl, tSensor, DUMO) | Exporta a más de 30 países y opera en 56 mercados internacionales | 92 empleados — dentro del sweet spot 80-150 | Sectores agua/medioambiente, energía e industria — perfil industrial real | Catálogo de exportación específico publicado en DirectIndustry",https://es.linkedin.com/company/toscano-linea-electronica | https://www.directindustry.com/soc/toscano-linea-electronica-18204.html | https://toscano.es/en/company/ | https://pdf.directindustry.es/pdf/toscano-linea-electronica/catalogo-export-espanol/18204-425559.html
Resto/Murcia,FG Group,Murcia,61,Machinery Manufacturing,C,"FG Group es un fabricante real de maquinaria con presencia internacional genuina en 17+ países, lo que cumple los criterios de industrial y exportador. Sin embargo, el modelo comercial se apoya en distribuidores como 'pilar fundamental', lo que lo excluye del criterio de venta directa que define el ICP de Neety. Además, el universo de compradores son agricultores (no empresas industriales B2B), el ticket de un pulverizador agrícola estándar es bajo-medio frente a bienes de equipo industriales, y la plantilla de 61 empleados está en el límite inferior. No encaja por ausencia de venta directa propia al cliente final industrial.","Fabricante de maquinaria agrícola (pulverizadores fitosanitarios) — producto propio, no servicios | Presente en más de 17 países en los 5 continentes — exportación real confirmada | Líder nacional en España en maquinaria fitosanitaria según registro ROMA | 5 plantas de producción en Murcia con +23.000 m² | Plan de internacionalización activo y participación en ferias internacionales (Verona)",https://fggroup.es/nosotros.php | https://es.linkedin.com/company/fg-group-sprayers | https://interempresas.net/Agricola/Articulos/265905-Grupo-FG-unidad-familiar-en-el-sector-fitosanitario.html
Resto/Andalucía,INTARCON,Andalucía,179,Industrial Machinery Manufacturing,C,"INTARCON es un fabricante espanol real con exportacion solida a 50+ paises y producto propio — cumple los criterios industriales y exportadores basicos del ICP. Sin embargo, su modelo de go-to-market es explicitamente indirecto: vende a traves de instaladores, distribuidores e ingenierias, no directamente al cliente final. Esto es un anti-ICP fundamental segun los criterios de Neety, ya que la inteligencia de senales de Neety sirve para que comerciales propios identifiquen el momento de proyecto en clientes finales, no para gestionar canales de distribucion. Ademas, el producto (unidades compactas de refrigeracion comercial) tiene ciclo de venta relativamente corto y ticket unitario moderado comparado con los patrones de referencia (maquinaria de produccion, automatizacion, bienes de equipo). Encaja en industrial y exportador pero falla en direct_sales y high_ticket_long_cycle, lo que lo deja fuera del patron ICP Neety.","Fabricante espanol lider de unidades de refrigeracion compactas (packaged refrigeration units) con producto propio y planta de 75,000 m2 en Lucena (Cordoba) | Presencia en mas de 50 paises con mas de 50,000 unidades instaladas y delegaciones en mas de 10 paises (2025) | Catalogo comercial 2026 disponible en 5 idiomas (ES/EN/FR/IT/DE) — senyal clara de mercados internacionales activos | Expansion reciente de capacidad productiva industrial — nueva planta ampliada (2024-2025) | 179 empleados en LinkedIn / ~320 segun fuentes web 2026 — dentro del rango ICP | Ferias internacionales en Francia y Colombia (2024-2025) para reforzar presencia internacional | Parte del KEYTER Group (empresa espanola, no filial extranjera)",https://www.intarcon.com/en/about-us/ | https://www.intarcon.com/en/strengthens-its-international-presence/ | https://www.intarcon.com/en/expansion-of-production-capacity-in-industrial-refrigeration/ | https://www.intarcon.com/en/2026-commercial-catalogue/ | https://www.linkedin.com/company/intarcon/
Resto/Andalucía,Hispacold (Internacional Hispacold S.A.),Andalucía,175,Mechanical Or Industrial Engineering,C,"Hispacold es fabricante industrial de producto propio (sistemas HVAC para autobuses y ferroviario) con exportación real (+50% de ventas, presencia en +50 países, filiales en México y Francia). Cumple varios criterios ICP. Sin embargo, el universo de compradores es críticamente concentrado: sus clientes son los grandes OEMs fabricantes de autobuses (Irizar, CAF, Stadler, Almston) — un puñado de cuentas globales, no cientos de clientes finales dispersos. Este patrón Tier-1 a pocos OEMs es anti-ICP para Neety. La inteligencia comercial por señales tiene poco valor cuando el target es un universo de 5-20 fabricantes mundiales de autobuses con ciclos de aprobación de proveedor de años. Adicionalmente, la facturación de 75M€ indica una empresa consolidada con estructura comercial propia robusta, menos receptiva a herramientas de prospección masiva.","Fabricante de producto propio con I+D: sistemas HVAC para autobús urbano, interurbano, híbrido y 100% eléctrico (ficha LinkedIn 2025) | Exportación real: +50% de ventas son internacionales, presencia en +50 países (nota de prensa Hispacold, 2024-2025) | Crecimiento activo: +60% facturación entre 2021-2024; objetivo 77,5M€ en 2025 con expansión internacional explícita (elconciso.es, 2025) | Nuevos mercados en 2024: expansión en Australia, Bélgica, UK, Turquía, Tailandia (revistaviajeros.com, 2024) | División ferroviaria y electromovilidad en crecimiento — señal de nuevo producto/segmento (CTA, 2024) | 175-200 empleados — dentro del rango de tamaño ICP | Director General de Internacional nombrado explícitamente (FEDEME entrevista) — hay figura comercial internacional",https://www.hispacold.es/es/autobuses-y-autocares/noticias/148/hispacold-cierra-2024-con-mas-de-75-millones-de-eu | https://www.elconciso.es/empresas/hispacold-impulsara-negocio-mercado-internacional-elevar-facturacion-2025_0_2003657709.html | https://www.corporaciontecnologica.com/noticias/hispacold-proyecta-un-crecimiento-internacional-para-alcanzar-mas-de-77-millones-de-euros-en-facturacion-en-2025/ | https://revistaviajeros.com/noticia/17951-hispacold-cierra-2024-con-mas-de-75-millones-de-euros-en-ventas/
Resto/Castilla-La Mancha,Technology & Security Developments (TSD),Castilla-La Mancha,104,Motor Vehicle Manufacturing,C,"TSD es fabricante español de vehículos blindados y especiales para Defensa y Seguridad, con 104 empleados en Herencia (Ciudad Real) y exportación real a +80 países. Cumple varios criterios formales (fabricante industrial, exportador, ticket alto, ciclo largo, venta directa a cliente final). Sin embargo, el universo de compradores es fundamentalmente estrecho: sus clientes son ministerios de defensa, fuerzas armadas y cuerpos de seguridad del Estado — pocas decenas de cuentas target reales en el mundo. El proceso de compra en defensa es por licitación pública regulada, no por señales de mercado comercial que Neety pueda interceptar. Este patrón de ""pocas cuentas concentradas gubernamentales"" es anti-ICP explícito para Neety, que necesita empresas con muchos clientes finales industriales en el mundo. No se descarta por ser de defensa per se, sino porque el buyer universe es concentrado y el canal de venta es licitación pública, no desarrollo comercial proactivo.","Fabricante industrial de producto propio (vehículos blindados, cabinas tácticas) — no consultora ni distribuidor | Exportación real a +80 países en Europa, África, Oriente Medio y América (fuente: web TSD) | 104 empleados — dentro del rango sweet spot de Neety | Instalaciones productivas propias de +325.000 m² en Herencia (Ciudad Real) | Contrato con Ejército Portugués para cabinas blindadas en camiones tácticos (infodefensa.com, 2024-2025) — señal de nuevo cliente internacional | Miembro de TEDAE (asociación española de defensa, aeronáutica y espacio) | Ticket alto y ciclo largo — proyectos de vehículos militares a medida",https://www.tsdinternational.com/en/about-us/ | https://tedae.org/en/asociado/technology-security-developments/ | https://www.infodefensa.com/texto-diario/mostrar/5919967/espanola-tsd-apuesta-cabina-blindada-camiones-tacticos-fabrica-modelos-todas-marcas | https://www.industrialclm.com/en/company/tsd/
Resto/Andalucía,DHV Technology,Andalucía,256,Aviation and Aerospace Component Manufacturing,C,"DHV Technology es un fabricante industrial real con exportación genuina y ticket alto, lo que cumple varios criterios ICP. Sin embargo, el universo de compradores es el problema clave: el mercado global de paneles solares para satélites (CubeSats, SmallSats) tiene un número estructuralmente limitado de clientes — fabricantes de constelaciones, agencias espaciales e instituciones académicas con programa espacial. Esto lo aleja del patrón Neety donde la inteligencia por señales aporta valor en mercados con amplitud de compradores (cientos o miles de clientes potenciales dispersos por el mundo). Además, la prospección en aeroespacial/espacio sigue lógica de licitaciones y relaciones institucionales, no de señales de expansión comercial abierta. Es un caso de ticket alto + exportación real + nicho demasiado concentrado y especializado = fit débil.","Fabricante de hardware espacial (paneles solares y subsistemas de potencia para satélites), no consultora | Clientes en más de 40 países y 5 continentes — exportación real contrastada | Premio International Development en Andalucía TRADE Awards 2025 | Contrato 7 años con UARX Space para paneles solares, SADA, PCDU y baterías (2024-2025) | Subsidiaria en EE.UU., presencia en conferencias internacionales (Satellite Innovation, SmallSat Symposium) | 256 empleados — dentro del rango ICP | Ticket alto y ciclo largo confirmados por la naturaleza del producto y contrato plurianual",https://dhvtechnology.com/ | https://dhvtechnology.com/news/dhv-technology-to-provide-uarx-space/ | https://www.nanosats.eu/org/dhv-technology | https://www.cubesatshop.com/vendor-information/dhv-technology/
Resto/Madrid,"ARQUIMEA Space, Science and Defense",Madrid,182,Defense and Space Manufacturing,C,"ARQUIMEA Space es fabricante de producto tecnologico de alta complejidad (componentes espaciales, microelectronica, satelites) con exportacion real y ticket alto — varios indicadores formales se alinean con el ICP. Sin embargo, el patron de comprador es radicalmente distinto al cliente ideal de Neety: el universo de cuentas se limita a un puñado de agencias espaciales (ESA, NASA), grandes primes aeroespaciales (Airbus, Lockheed Martin) y ministerios de defensa a nivel mundial. No hay cientos de compradores finales en mercados abiertos que descubrir mediante señales comerciales. La expansion internacional no ocurre por prospeccion activa de nuevos clientes sino por participacion en programas y licitaciones institucionales. El software de inteligencia comercial por señales de Neety no aporta ventaja diferencial en este modelo de negocio. Descarte por universo de compradores concentrado y dinamica de negocio gubernamental/institucional.","Filial de ARQUIMEA Group SA, holding espanol de capital familiar (no filial de multinacional extranjera) | 182 empleados, rango sweet spot (80-1000) | Fabricante de producto tecnologico: mecanismos, actuadores, microelectronica rad-hard, payloads opticos, pequenos satelites | Presencia comercial en mas de 40 paises — exportacion real e internacional | Facturacion grupo ~100M euros (2025), margen EBITDA 23.8% — ticket alto confirmado | Venta directa a clientes institucionales internacionales (ESA, NASA, Airbus, Lockheed Martin) | Ciclo de proyecto largo tipico del sector espacio/defensa",https://www.arquimea.com/about-us/ | https://www.arquimea.com/sectors/space/ | https://www.arquimea.com/news/arquimea-20-years-global-growth-record-results/ | https://www.bolsasymercados.es/bme-exchange/docs/docsSubidos/Markets/MARF/Incorporacion-Pagares/DOCUMENTO-2-1-DBI-ARQUIMEA-GROUP-WEB.pdf
Resto/Andalucía,Clue Technologies,Andalucía,131,Aviation & Aerospace,C,"Clue Technologies cumple varios criterios formales del ICP: fabrica producto propio de alto ticket, exporta, tiene el tamano correcto y ciclos largos. Sin embargo, el anti-ICP critico es el universo de compradores: el mercado avionico OEM mundial cuenta con decenas de clientes potenciales, no cientos. El modelo de negocio se asemeja al patron Tier-1 aeronautico con pocos cuentas grandes, lo opuesto al universo amplio que necesita Neety para que su software de senales comerciales genere valor. Las senales de inteligencia comercial (nuevos paises, nuevas industrias, expansion de fuerza de ventas) tienen muy poco recorrido en un mercado tan concentrado y de relaciones tan largas. Descartable por universo estrecho, aunque el resto del perfil es solido.","Fabricante de producto avionico propio exportable: familia WittyBox (ordenadores de vuelo y mision embarcados), no consultora de servicios | 131 empleados — dentro del sweet spot ICP (80-150) | Certificacion EASA POA (uno de 17 en Espana) — indicio de producto de alto valor y ciclo de certificacion largo | Presencia internacional confirmada: WittyBox en uso por 'major world aircraft developers' segun web corporativa | Colaboracion con Airbus Group desde 2014 y participacion en proyectos R+D europeos — senales de apertura de nuevos mercados | 90% de recursos dedicados a I+D — senales de lanzamiento de nuevos productos (Avionic GPGPU+)",https://www.clue.aero/ | https://www.pta.es/en/noticias/one-hundred-per-cent-andalusian-technology-in-a-new-system-that-will-revolutionise-avionics/ | https://www.linkedin.com/company/clue-tech | https://tedae.org/en/asociado/clue-technologies/
Resto/Andalucía,LDA Audio Tech,Andalucía,77,"Appliances, Electrical, and Electronics Manufacturing",C,"LDA Audio Tech cumple los requisitos básicos de ser fabricante español con producto propio y exportación real a más de 60 países. Sin embargo, el modelo comercial es indirecto (canal de instaladores e integradores), lo que es un anti-ICP claro para Neety: la inteligencia de señales que vende Neety sirve para que comerciales propios identifiquen el momento de proyecto en clientes finales, pero LDA no tiene esa fuerza de ventas directa — su negocio internacional depende de socios distribuidores locales que hacen la prospección. Adicionalmente, el sector (electrónica de megafonía y evacuación) es periférico al core industrial de Neety (maquinaria, bienes de equipo, automatización). Descartable salvo que en una segunda vuelta se confirme que tienen country managers propios en algún mercado.","Exporta a más de 60 países con más de 2.000 proyectos instalados (web 2024) | Fabricante propio con I+D y producción en Málaga TechPark — no es distribuidor ni filial extranjera | 77 empleados en la franja baja del sweet spot ICP | Participa en ferias internacionales (ISE 2024, Intersec Dubai, SICUR) — señal de internacionalización activa | Programa ICEX-Next de iniciación a la exportación — empresa que apuesta por mercados internacionales",https://lda-audiotech.com/en/ | https://icexnext.es/experiencias-next/lda-audio-tech | https://www.prosoundweb.com/lda-audio-tech-to-highlight-new-neo-pa-voice-evacuation-system-at-2024-ise-show/
Resto/Madrid,BeGas,Madrid,78,Motor Vehicle Manufacturing,C,"BeGas es un fabricante de producto industrial de nicho (motores autogas para flotas) con ticket alto y venta directa, lo que son señales positivas. Sin embargo, presenta dos flags anti-ICP criticos: (1) el universo de compradores es extremadamente concentrado — ayuntamientos y operadores de transporte publico, que son pocas cuentas grandes y muy visibles, no el universo amplio de clientes finales industriales privados que define el ICP de Neety; (2) la exportacion real es incipiente o inexistente segun datos mercantiles, pese a tener demanda internacional registrada. Ademas, su go-to-market depende de licitaciones publicas y subvenciones, no de inteligencia comercial por señales de mercado privado. No encaja en el patron de referencia (Fagor Automation, Danobat, CMZ, ULMA Packaging).","Fabricante de producto fisico: motores 100% autogas/bioautogas EURO VI E para camiones y autobuses, con homologacion propia | Ticket alto y ciclo largo: remotorizacion de flotas, contratos con ayuntamientos y operadores de transporte | Demanda internacional registrada: solicitudes de Chile, Mexico, Australia, EEUU, Polonia, Turquia (antes de 2024) | Colaboracion con Cepsa para bioautogas (2023-2024), señal de alianza comercial con potencial internacional | Presentacion en IAA (feria internacional de movilidad), visibilidad sectorial | Inversion de Easo Ventures, señal de crecimiento activo | 78 empleados, planta en Ortuella (Bizkaia) y sede en Madrid",https://begasmotor.com/about-us-2/ | https://easoventures.es/en/begas-motor-propulsion-a-todo-autogas-para-ciudades-sostenibles/ | https://www.moeveglobal.com/en/press/cepsa-and-begas-will-promote-bioautogas | https://www.latribunadeautomocion.es/2020/12/begas-glp/ | https://infonif.economia3.com/ficha-empresa/begas-motor-sl
Resto/Andalucía,Silos Spain Group,Andalucía,60,Industrial Machinery Manufacturing,C,"Silos Spain es fabricante exportador con presencia en 45+ países y producto de ticket medio-alto (plantas llave en mano), lo que cumple algunos criterios formales del ICP. Sin embargo, hay dos bloqueadores importantes: (1) el modelo de go-to-market es vía distribuidores locales en cada mercado, no venta directa con comerciales propios, que es el perfil al que Neety aporta valor con inteligencia de señales; (2) el sector es almacenamiento agrícola de grano, muy alejado del patrón de clientes de referencia de Neety (maquinaria industrial de proceso, automatización, bienes de equipo para industria). El tamaño (~60 empleados o menos) también está en el límite inferior. No es anti-ICP absoluto, pero el encaje es débil por modelo de canal y verticalidad sectorial.","Exporta a más de 45 países con proyectos en Europa, Latam, Oriente Medio, África y Asia (web corporativa 2025) | Fabricante de bien de equipo (silos metálicos, plantas llave en mano) con ciclo de proyecto largo y ticket medio-alto | Crecimiento de ventas del 99% entre 2023 y 2024 (Axesor/Infonif 2024) | Proyectos internacionales recientes: planta en Bolivia (2024), almacén en Rumanía (2025) | Universo de compradores amplio: cooperativas agrícolas, traders de grano, empresas agroalimentarias en decenas de países",https://silosspain.com/silos-spain/about-us/ | https://www.agriexpo.online/soc/silos-spain-170244.html | https://gandariaspain.com/es/sala-de-prensa/silos-cordoba-empresa-familiar-almacenar-exito-mercados-internacionales/ | https://es.linkedin.com/company/silos-spain-cordoba
Resto/Andalucía,DSA Grupo,Andalucía,101,Industrial Machinery Manufacturing,C,"DSA Grupo es un fabricante de maquinaria especial con presencia internacional real y tamano ideal, lo que lo acerca al perfil ICP en varios ejes. Sin embargo, el factor descalificador clave es la concentracion del universo de compradores: su negocio se concentra en automocion (OEMs y Tier-1) y aeronautica, sectores donde el numero de clientes potenciales en el mundo es de pocas decenas. Neety aporta valor cuando hay un universo amplio de compradores desconocidos a prospectar via senales; en automocion/aeronautica los clientes ya son conocidos y las relaciones son por proyecto recurrente. No es integrador IT ni consultora de servicios — es fabricante real — pero el patron de comprador concentrado lo aleja del ICP de forma determinante.","Fabricante de maquinaria especial y sistemas de automatizacion con mas de 35 anos de experiencia, producto propio (no consultora) | Presencia internacional real: hubs operativos en Mexico, USA, Polonia y China | 101-140 empleados, dentro del sweet spot 80-150 | Proyectos llave en mano desde ingenieria conceptual hasta puesta en marcha: ticket alto y ciclo largo | Certificaciones ISO 9001, ISO 14001 e ISO 9100 (aeronautica)",https://www.dsagrupo.com/en/home/ | https://www.dsagrupo.com/grupo-dsa/ | https://www.importyeti.com/supplier/dsa-grupo | https://rocketreach.co/dsa-grupo-profile_b44258ddfa3359a6
Resto/Madrid,Managing Composites,Madrid,98,Engineering Services,C,"Managing Composites fabrica piezas de composite de alto rendimiento para hypercars, aviación, submarinos y motocicletas, con cliente internacional confirmado (Zenvo, Dinamarca). Tiene tamaño adecuado (98 emp), ticket alto y ciclo largo. Sin embargo, el anti-ICP determinante es el universo de compradores CONCENTRADO: el mercado mundial de fabricantes de hypercar son literalmente una decena de empresas, y aviación/defensa también opera con muy pocas cuentas. El software de señales comerciales de Neety aporta valor cuando hay muchos prospectos potenciales que monitorizar — aquí el universo objetivo de Managing Composites es tan pequeño que sus comerciales ya conocen a todos sus posibles clientes sin necesidad de inteligencia de señales. No encaja con el patrón ICP de exportador industrial con universo amplio (tipo ULMA Packaging, Fagor Automation o Danobat).","Fabricante real de piezas físicas en material compuesto (no consultora pura): diseñan, ingenian y fabrican | Cliente internacional confirmado: Zenvo Automotive (Dinamarca) para el hypercar Aurora — venta directa fuera de España | Sectores de alto valor: hypercar, aviación, submarinos — ticket elevado y ciclo largo de proyecto | 98 empleados, en rango sweet spot del ICP (80-150) | Presencia en Madrid con actividad internacional documentada",https://www.cbinsights.com/company/managing-composites | https://pitchbook.com/profiles/company/496011-61 | LinkedIn Sales Navigator ficha id:36142992
Resto/Madrid,KD,Madrid,401,Semiconductor Manufacturing,C,"KD es un fabricante espanol de semiconductores opticos con producto propio, exportacion real y crecimiento activo — cumple los requisitos de industrial, exportador y venta directa. Sin embargo, cae en el anti-ICP mas critico del brief: universo de compradores CONCENTRADO. Sus clientes son OEMs de automocion (Mercedes-Benz, grandes Tier-1, fabricantes de vehiculos electricos chinos), es decir, un puñado de cuentas globales de enorme tamaño. La plataforma de señales de Neety aporta maximo valor cuando hay cientos de clientes finales potenciales en el mundo a los que priorizar; con 20-50 OEMs globales como universo total, el caso de uso es marginal. Descartado por concentracion de compradores, no por falta de producto o internacionalizacion.","Fabricante de semiconductores (ASICs + IP) de fotonica optica para automocion — producto propio exportable | Presencia comercial en +10 paises; clientes internacionales confirmados (Mercedes-Benz, OEMs China) | Expansion: nueva planta de ensamblaje de microchips en Tres Cantos (Madrid), inversion ~50 M EUR (2024) | Partnership estrategico con Hinge Technology (China) para vehiculos electricos (2025) | Financiacion IPCEI europea para planta de empaquetado optoelectronico — senyal de crecimiento",https://www.kd.tech/ | https://kd.tech/company/ | https://kd.tech/kd-promotes-the-adoption-of-fiber-optics-in-the-automotive-industry-through-new-strategic-partnerships/ | https://kd.tech/ipcei-funds-for-kdpof-optoelectronics-packaging-plant-in-spain/ | https://www.all-about-industries.com/building-its-own-semiconductor-manufacturing-kdpof-becomes-kd-a-a640dc976fb79b6a4a820efc1911e310/
Resto/Madrid,Mtech Group,Madrid,254,Electrical Equipment Manufacturing,C,"Mtech Group fabrica cuadros eléctricos a medida con presencia internacional real y tamaño adecuado, lo que cubre los requisitos de industrial + exportador. Sin embargo, sus sectores principales — Renewables (eólica/solar) y Railways — tienen compradores estructuralmente concentrados: utilities, promotores de energía y operadores ferroviarios. Esto activa el anti-ICP más crítico de Neety: universo de compradores estrecho (pocas cuentas grandes, no muchos clientes finales dispersos). La diversidad de +200 clientes en el histórico total no compensa que el modelo de negocio actual está orientado a proyectos de infraestructura energética con pocos decisores por segmento. Fit débil.","Presencia internacional real: +250 proyectos en 5 continentes y +200 clientes en su trayectoria | 254 empleados en rango ICP (sweet spot 80-250) | Fabricante de producto propio (cuadros eléctricos a medida), no consultora pura | Expansión activa: incorporó Alentronic (2019) y Mtech Energy Consulting (2020), crecimiento por M&A | Tres sedes (Madrid + Bilbao) con 9.500 m² de instalaciones automatizadas",https://mtechgroup.com/en/ | https://mtechgroup.com/en/history/ | https://material-electrico.cdecomunicacion.es/noticias/distribucion/51589/grupo-mtech-crea-unidad-negocio-servicios-de-ingenieria | https://es.linkedin.com/company/mtechgroup
Resto/Andalucía,Meltio,Andalucía,98,Industrial Machinery Manufacturing,C,"Meltio cumple los criterios de industrial, exportador y tamaño (~98 empleados, 60+ países, 95% exportación), y tiene señales de crecimiento sólidas. Sin embargo, tiene dos bloqueos anti-ICP críticos: (1) el modelo de distribución es enteramente a través de una red de socios/resellers por territorios, sin venta directa al cliente final industrial — exactamente el patrón anti-ICP de Neety; (2) los clientes emblemáticos son navales/defensa (US Navy, Marine Nationale, Ejército español), lo que implica un universo de compradores concentrado en grandes instituciones, no un mercado fragmentado con muchos clientes finales. Aunque el producto es de alto ticket y ciclo largo, el go-to-market vía canal descarta la utilidad de la inteligencia de señales de Neety, que requiere equipos comerciales directos activos en prospección.","Fabricante español de maquinaria industrial (impresoras 3D de metal DED/wire-laser), sector Industrial Machinery Manufacturing | Exporta el 95% de su producción a más de 60 países (dato 2024) | 500+ impresoras vendidas a nivel mundial con +50% de crecimiento de ingresos en 2024 | 98 empleados, tamaño dentro del rango ICP | Lanzamiento de nuevos productos en 2024: Meltio M600 y Meltio Engine Blue | Primera empresa española de impresión 3D de metal reconocida internacionalmente (Premio 3DPI 2024)",https://www.metal-am.com/meltio-reports-on-2024-anticipates-a-strong-2025-for-its-ded-technology/ | https://3dprintingindustry.com/news/meltio-surpasses-500-3d-printer-sales-amid-50-revenue-growth-236315/ | https://meltio3d.com/meltio-expands-its-worldwide-partner-network/ | https://www.voxelmatters.com/meltio-signs-contracts-with-four-new-distribution-partners/ | https://meltio3d.com/meltio-consolidates-its-position-as-the-metal-am-industrys-trusted-partner/
Resto/Madrid,SepsaMedha,Madrid,97,Railroad Equipment Manufacturing,C,"SepsaMedha cumple varios criterios formales del ICP (fabricante industrial espanol, producto propio exportable, tamano adecuado, ticket alto, ciclo largo, crecimiento internacional), pero falla en el criterio mas critico: universo de compradores concentrado. Su mercado natural son los 15-25 grandes OEMs ferroviarios globales (CAF, Alstom, Siemens, Stadler, Talgo, Hitachi Rail, CRRC...), no cientos de clientes finales dispersos en el mundo. Este patron es identico al anti-ICP explicito de Tier-1 de automocion vendiendo a pocos OEMs. La inteligencia comercial por senales de Neety aporta maximo valor cuando hay un universo amplio de cuentas a prospectar; en ferroviario de componentes criticos la gestion es de cuentas estrategicas de largo plazo, no de prospecting por senales. Veredicto: weak, no descartar del todo pero muy lejos del sweet spot.","Fabricante de producto propio (conversores de potencia auxiliares y sistemas embarcados) para ferroviario, no consultora ni distribuidor | 64% de ventas son exportacion, posicion 7.219 en ranking nacional exportadores CESCE (2023) | 97 empleados (LinkedIn), rango sweet 80-150 del ICP | Resultados financieros positivos segundo ano consecutivo en 2024 — empresa en crecimiento | Expansion internacional consolidada en 2025 segun su web (nuevas sedes, enfoque mas internacional) | Producto de ticket alto y ciclo largo (proyectos ferroviarios de gran envergadura)",https://exportadores.cesce.es/exportaciones-sepsamedha | https://sepsamedha.com/en/resultados-consolidados-2024/ | https://sepsamedha.com/en/sobre-nosotros/ | https://www.linkedin.com/company/sepsamedha
Resto/Andalucía,Codimar (Rodillos Codimar S.L.),Andalucía,74,Industrial Machinery Manufacturing,C,"Codimar es fabricante industrial de rodillos y componentes de transportador en Puente Genil (Córdoba), con más de 30 años de historia y exportaciones reales (~22,3% de facturación) a Europa, Norte de África, Oriente Medio y América. Tiene señales de crecimiento (nueva sede de 9,35M€ con incentivo regional). Sin embargo, su producto son componentes estandarizados de bajo-medio ticket (rodillos, estaciones, transportadores) que se venden por catálogo y tienda online, lo que implica ciclos de venta cortos y ticket unitario bajo — el perfil opuesto al bien de equipo complejo de ticket alto que busca Neety. Además, tiene distribuidores externos (trans-roll.com revende su catálogo), lo que debilita el encaje en venta directa. El universo de compradores es amplio (minería, logística, manufactura global), pero la propuesta de valor de Neety (señales de inteligencia comercial para ciclos largos de prospección) tiene poca tracción en modelos de componente/catálogo donde la recompra es transaccional.","Exportación real: presencia en Europa, Norte África, Oriente Medio y América (22,3% facturación internacional confirmado en web) | Inversión de crecimiento: nueva sede con inversión subvencionable de 9,35M€ aprobada por Andalucía TRADE (señal de expansión reciente) | Fabricante de producto propio (no consultora ni integrador): rodillos y sistemas de manutención diseñados internamente | Tamaño adecuado: ~74-140 empleados, dentro del rango ICP",https://www.rodilloscodimar.com/ | https://www.rodilloscodimar.com/empresa/ | https://es.linkedin.com/company/codimar-rodillos-y-maquinaria | https://trans-roll.com/product-category/codimar | https://andaluciaorienta.net/andalucia-trade-proyectos-empresariales
Resto/Andalucía,HIDRAL S.A.,Andalucía,133,Industrial Machinery Manufacturing,C,"HIDRAL es fabricante industrial real con exportacion solida (81 paises, 70% produccion al exterior) y tamano adecuado, pero tiene dos disqualifiers criticos para el ICP de Neety: (1) su universo de compradores es exclusivamente el gremio instalador de ascensores — un nicho muy concentrado y vertical, no el universo amplio de clientes finales industriales que busca Neety; (2) la expansion internacional se articula via red de agentes y distribuidores locales, no mediante comerciales o country managers propios que vendan directamente al cliente final. El modelo de negocio se asemeja mas al de un fabricante de componentes para canal que al de un fabricante de bienes de equipo con venta directa a industria diversificada. No encaja en el patron ICP aunque cumpla los criterios industriales y exportadores superficiales.","Fabricante de soluciones de elevacion y accesibilidad con mas de 50 anos de experiencia (2024) | Exporta a mas de 81 paises; 70% de la produccion va a mercados internacionales | Presencia propia en Brasil, USA, Russia, Francia, UK y Oriente Medio — senyal de internacionalizacion activa | 133 empleados (LinkedIn), otras fuentes apuntan a 250-300 — en rango sweet spot | Crecimiento de facturacion del 8.16% en 2024 | Lanzamiento de MIA, asistente virtual basado en IA, 2025 — empresa con apetito de innovacion",https://hidral.com/en/hidral-cumple-50-anos-de-empresa-familiar-a-referente-global-en-elevacion/ | https://hidral.com/en/sobre-nosotros/ | https://www.interempresas.net/ascensores-montacargas/604614-Hidral-lanza-MIA-su-nuevo-asistente-virtual-basado-en-inteligencia-artificial.html | https://www.ugt-andalucia.com/comunicados/-/asset_publisher/nR7O/content/la-empresa-de-ascensores-hidral-financia-su-expansion-internacional-reduciendo-el-salario-de-los-trabajadores
Resto/Castilla-La Mancha,Inael Electrical Systems,Castilla-La Mancha,65,Electrical Equipment Manufacturing,C,"Inael es fabricante espanol de producto industrial real (equipos electricos MV/HV) con presencia internacional genuina y tamano adecuado — cumple los criterios basicos de industrial + exportador + capital espanol. Sin embargo, el patron de negocio falla en dos criterios criticos del ICP de Neety: (1) el universo de compradores es estrecho y concentrado — clientes son utilities, distribuidoras electricas y grandes contratistas EPC de renovables, no miles de empresas industriales en el mundo; (2) el modelo de internacionalizacion con presencia en 100 paises con solo 18% de exportaciones apunta a distribucion via agentes/mayoristas locales, no a equipo comercial directo con country managers cazando cuentas nuevas. El perfil se aleja del patron de referencia (Fagor Automation, Danobat, CMZ) que venden maquinaria/automatizacion a fabricantes industriales con universo amplisimo de clientes potenciales. Inael vende a un oligopolio de utilities y grandes proyectos — Neety no aporta valor diferencial en ese contexto.","Fabricante espanol de producto propio (fusibles, interruptores, kioscos prefabricados MV/HV) con 45+ anos de manufactura | Presencia en mas de 100 paises: Europa, Africa, LATAM, Brasil, Oriente Medio, Asia | Nuevos mercados en 2024: Australia, Oman y Chile | 142 empleados (2024) — dentro del sweet spot 80-150 | Capital 100% espanol, no es filial de multinacional extranjera | Crecimiento financiero: facturacion +2.97% y EBIT +17.5% entre 2023-2024",https://www.inael.com/ | https://www.industrialclm.com/en/company/inael-electrical-systems-s-a/ | https://exportadores.cesce.es/exportaciones-inael-electrical-systems | https://www.energynews.es/inael-proyectos-destacados-en-2024/ | https://www.iberinform.es/empresa/44582/inael-electrical-systems
Resto/Madrid,AEQ,Madrid,86,"Appliances, Electrical, and Electronics Manufacturing",C,"AEQ fabrica producto propio de alta tecnología y exporta activamente, lo que la acerca al ICP. Sin embargo, falla en los dos criterios más críticos de Neety: (1) el universo de compradores es estrecho — los clientes de broadcasting (cadenas de radio y TV) son pocos por mercado, nada comparable al universo amplio de compradores que Neety necesita para que su plataforma de señales sea útil; (2) la internacionalización se apoya en una red de 135 distribuidores locales, no en fuerza de venta directa propia desarrollando nuevos mercados. Además, el sector broadcasting/media queda fuera del perfil industrial (maquinaria, bienes de equipo, automatización de proceso) que define el patrón de clientes de referencia de Neety. Fit débil.","Fabricante propio de hardware y software de broadcast (consolas de audio, intercom, sistemas de automatización para radio/TV) con más de 35 años de trayectoria | Exporta a más de 100 países con oficinas propias en Miami, Portugal, México y Nueva Delhi (dato web corporativa 2025) | Crecimiento interanual en ventas del 12% en 2024, señal de expansión activa | 86 empleados — dentro del rango sweet spot del ICP de Neety | 25% de recursos humanos dedicados a I+D, lanzamiento de nuevos productos cada año durante 12 años consecutivos | Presencia en grandes eventos internacionales (Juegos Olímpicos, Mundial de Fútbol) desde 1992",https://aeq.eu/ | https://www.thebroadcastbridge.com/companies/entry/1151/aeq | https://www.gorkazumeta.com/2024/01/aeq-continua-su-expansion-con-un.html | https://www.pctleganes.org/noticias/246-los-equipos-de-nuestro-socio-aeq-triunfan-dentro-y-fuera-de-nuestras-fronteras-sumando-nuevos-clientes
Resto/Andalucía,CEN Solutions,Andalucía,139,Electrical Equipment Manufacturing,C,"CEN Solutions es un fabricante industrial real con exportacion solida (80%+ a 25+ paises) y tamanio adecuado. Sin embargo, su modelo de negocio es tipicamente EPC/proyecto de infraestructura energetica: pocos clientes grandes (GE, utilities, Oil&Gas, plantas fotovoltaicas) con contratos de alto valor unitario. Esto implica un universo de compradores CONCENTRADO, que es el anti-ICP mas critico de Neety. La inteligencia comercial por senales de Neety aporta valor cuando hay muchos clientes potenciales que monitorizar; en un modelo de 10-30 cuentas globales clave, el producto no encaja. Ademas tiene rol de distribuidor (Elsteel), lo que indica que parte del go-to-market no es venta directa pura. El perfil es mas cercano a una empresa de proyectos energeticos especializados que a un fabricante de maquinaria industrial con cientos de clientes finales como ULMA Packaging o Danobat.","Exporta mas del 80% de produccion a mas de 25 paises (USA, Chile, Arabia Saudi, Malasia, Taiwan, Mexico, Belgica, Irlanda) | Fabricante de producto propio: cuadros electricos BT/MT, salas modulares, sistemas de almacenamiento de energia | 139-250 empleados — rango sweet spot de Neety | Nuevas instalaciones en Dos Hermanas (32.000 m2, inversion 9,5M euros, 2021) — senal de crecimiento | Candidata a Premios ALAS de internacionalizacion de empresa andaluza | Presencia en sectores estrategicos: energia, Oil&Gas, aeroespacial, petroquimica",https://andaluciaeconomica.com/cen-solutions-exporta-a-mas-de-25-paises-desde-sus-instalaciones-en-la-zona-franca-de-sevilla/ | https://www.tribunadeandalucia.es/jose-manuel-gomez-cen-solutions-exportamos-desde-sevilla-algo-mas-del-80-de-nuestra-produccion-principalmente-a-estados-unidos/ | https://andaluciaeconomica.com/cen-solutions-consolida-su-actividad-con-nuevos-contratos-en-el-mercado-internacional/ | https://andaluciaeconomica.com/cen-solutions-proyecta-nuevas-instalaciones-para-hacer-frente-al-reto-de-la-transicion-energetica/ | https://www.censolutions.es/en/company/
Resto/Madrid,Molecor,Madrid,195,Plastics Manufacturing,C,"Molecor es un fabricante español genuino con tecnología propia y exportación real a más de 30 países, lo que cumple los requisitos de industrial y exportador. Sin embargo, el negocio principal —tuberías PVC-O para redes de agua a presión— se dirige a un universo de compradores muy concentrado: concesionarias de agua, municipios y grandes constructoras EPC que ejecutan proyectos de infraestructura hídrica. Estos son pocos clientes por mercado, con ciclos de compra ligados a licitación pública, no al patrón de 'muchos clientes finales industriales privados' que define el ICP de Neety. Adicionalmente, en varios mercados internacionales operan con socios distribuidores locales (joint venture en Sudáfrica), no con fuerza de venta directa propia. La rama Molecor TECH (venta de maquinaria/tecnología de orientación molecular) sí encajaría mejor en ICP, pero es una parte secundaria del negocio. En conjunto, el perfil es demasiado parecido al de proveedor de utilities/infraestructura pública para ser un fit claro con Neety.","Exporta a más de 30 países, con el 90% de la producción destinada a exportación (dato estructural) | Plantas propias en Paraguay (inaugurada nov 2024), Sudáfrica y Malasia — expansión internacional activa | Inversión de US$ 3 millones para ampliar planta de Villeta (Paraguay) en nov 2024 | Tecnología propia (PVC-O) que licencian a otros fabricantes vía Molecor TECH — venta directa B2B de maquinaria/tecnología de ticket alto y ciclo largo | Tamaño 195 empleados (LinkedIn) dentro del rango ICP (80-1000)",https://infonegocios.com.py/infoconstruccion/molecor-apuesta-por-paraguay-la-planta-de-villeta-ya-exporta-a-seis-paises-y-proyecta-duplicar-su-produccion | https://revistaplus.com.py/2024/11/22/molecor-invierte-us-3-millones-para-ampliar-la-produccion-de-su-planta-industrial-de-villeta/ | https://molecor.com/en/about-us/molecor-world | https://molecor.com/en/pvc-o-pipe-factory | https://www.retema.es/actualidad/internacionalizacion-exportacion-claves-del-exito-molecor
Resto/Madrid,SEDECAL,Madrid,476,Medical Device,C,"SEDECAL es un fabricante español de equipos electromédicos (generadores de rayos X) con exportación real a más de 160 países y 87% de ingresos internacionales. Sin embargo, su modelo de negocio principal es OEM: suministra generadores a las grandes multinacionales de imagen médica (GE, Siemens, Philips, Canon, Fujifilm). Esto implica un universo de compradores extremadamente concentrado —pocas cuentas globales de gran tamaño— que es el patrón anti-ICP más claro para Neety. Además, para la distribución internacional en las divisiones de radiología médica y veterinaria trabaja con distribuidores locales, no venta directa a usuario final. El tamaño (476 empleados) está en el límite superior aceptable. La internacionalización es impresionante (Premio Club Exportadores 2024) pero el tipo de cliente —pocas multinacionales OEM— hace que las señales de inteligencia comercial por eventos sean poco accionables: no hay una larga lista de compradores finales que prospectar. Descartado principalmente por universo de compradores concentrado y modelo OEM/distribuidor.","Exporta a más de 160 países con 87% de ingresos internacionales (2024) | Premio a la Internacionalización 2024 del Club de Exportadores (categoría gran empresa) | Subsidiarias propias en EEUU, Francia, Italia, Hungría, China, Turquía y Brasil — presencia directa internacional | Fundada 1994, capital español, fabricante de producto propio (generadores RX de alta frecuencia) | 476 empleados — tamaño dentro del rango ICP",https://clubexportadores.org/el-club-de-exportadores-otorga-a-sedecal-su-premio-a-la-internacionalizacion-2024-en-la-categoria-de-gran-empresa/ | https://clubexportadores.org/entrevista-a-manuel-martinez-ceo-de-sedecal-premio-a-empresa-espanola-de-gran-tamano-con-una-destacable-proyeccion-internacional/ | https://empresaexterior.com/art/28518/sedecal-la-empresa-que-exporta-sus-generadores-de-rayos-x-por-los-hospitales-de-todo-el-mundo | https://old.sedecal.com/en/oem-division/
Resto/Andalucía,Skylife Engineering,Andalucía,70,Aviation and Aerospace Component Manufacturing,C,"Skylife Engineering es una spin-off universitaria de Sevilla especializada en electrónica embebida y sistemas de posicionamiento para aeroespacial y defensa. Tiene productos propios con patentes (SILEME) y exporta a Francia, Alemania y Reino Unido. Sin embargo, su universo de compradores es extremadamente concentrado: Airbus, Boeing y Navantia son sus clientes principales, el patrón exacto de Tier-1 a pocos OEMs que el ICP de Neety excluye. Adicionalmente, parte relevante de su actividad es desarrollo de ingeniería por encargo para estos grandes integradores, lo que la acerca a la ingeniería de servicios más que a un fabricante de producto con muchos clientes finales en el mundo. Para comercializar SILEME en nuevos sectores se han aliado con el distribuidor Iturri, lo que también penaliza el criterio de venta directa. No encaja en el patrón de fabricante industrial con universo amplio de compradores.","Exportador real: mercados principales Francia, Alemania y UK; declaran 'nuestros clientes son básicamente clientes internacionales' (YouTube, 2024) | Producto propio patentado: tecnología SILEME para localización en entornos metálicos, industrializada via Silemelife S.L. (2023) | 70 empleados en Sevilla, rango ICP cumplido | Referente en exportaciones en Andalucía segun elmercantil.com (diciembre 2024) | Alta tecnología, ticket alto, ciclos largos propios de proyectos aeroespaciales y navales",https://skylife-eng.com/en/about-skylife | https://elmercantil.com/2024/12/18/skylife-se-posiciona-como-referente-en-innovacion-tecnologica-y-exportaciones-en-andalucia/ | https://www.tribunadeandalucia.es/skylife-aplica-su-tecnologia-aeroespacial-a-otros-sectores-y-se-alia-con-iturri-para-comercializar-sistemas-de-localizacion-de-equipos-en-entorno-metalicos/ | https://www.youtube.com/watch?v=DQHtbGD0-BE | https://andaluciaaerospace.com/en/full_partners/skylife-engineering/
Resto/Andalucía,ATARFIL Geomembranes,Andalucía,97,Plastics Manufacturing,C,"ATARFIL es fabricante industrial real (geomembranas HDPE/LLDPE/PP) con 97 empleados y presencia en +60 países — tamaño e internacionalización encajan. Sin embargo, falla en los criterios clave del ICP de Neety: (1) universo de compradores NO es amplio — sus clientes son grandes mineras, utilities, gestoras de vertederos y EPCs de infraestructura; son proyectos puntuales de gran escala, no miles de clientes finales industriales dispersos; (2) el modelo de venta incluye distribuidores e instaladores certificados, no venta directa comercial a cliente final con ciclo de prospección activa; (3) el producto es un material de construcción/ingeniería civil (commodity de ingeniería por metros), no un bien de equipo con alto componente tecnológico y largo ciclo de adopción; (4) la empresa ya cuenta con infraestructura comercial multinacional propia (filial ATARFIL USA, oficinas en 8 países), lo que indica madurez comercial que reduce la necesidad de inteligencia de señales externa. El sector de geomembranas para infraestructura no encaja con el patrón de cliente de referencia (Betsaide, Fagor Automation, Ojmar, CMZ, Danobat).","Fabricante industrial real de producto propio (geomembranas poliolefínicas HDPE/LLDPE/PP) con proceso flat-die propio | 97 empleados — dentro del rango sweet spot 80-150 | Presencia activa en +60 países con plantas en Europa, Medio Oriente y USA (2025) | Oficinas comerciales en 8 países: España, UAE, USA, México, Turquía, India, Sudáfrica y Australia (2025) | Capacidad productiva >65.000 t/año, top-5 mundial en su segmento",https://www.atarfil.com/en/ | https://www.linkedin.com/company/atarfilgeomembranes | https://www.linkedin.com/company/atarfil-usa-geomembranes | https://www.atarfil.com/en/atarfil-2025-year-in-review/ | https://www.alibaba.com/atarfil-geomembrane-suppliers.html
Resto/Andalucía,MP Lifts - Ascensores,Andalucía,425,Industrial Machinery Manufacturing,C,"MP Lifts es un fabricante industrial espanol genuino con exportacion muy solida (+85% ingresos, +100 paises) y señales de expansion activa via M&A. Sin embargo, acumula varios anti-ICP relevantes: su tamaño real supera los 1.200 empleados (la ficha de 425 es obsoleta), opera con red de distribuidores ademas de presencia directa, y su universo de compradores —promotores, constructoras y administraciones— es estructuralmente mas acotado que el mercado industrial open-market de Neety. El modelo de negocio se parece mas a Schindler o Kone (servicio post-venta + mantenimiento como pilar de ingresos) que a un fabricante de maquinaria de produccion con miles de cuentas potenciales en todo el mundo. Descarte por tamaño excesivo, modelo parcialmente distribuidor y universo de compradores concentrado.","Exportacion del 85%+ de ingresos, presencia en +100 paises y 5 continentes | M&A activo: integracion empresa rumana (300 nuevas unidades), adquisicion Europa Lift Belgica (2023) | Expansion en India via alianza con YugX para segmento premium | Plan estrategico 2025-2027 con financiacion de 60M euros de 5 entidades bancarias | Ticket alto y ciclo largo: instalacion de ascensores es proyecto de ingenieria, no commodity",https://redaccion.camarazaragoza.com/mp-ascensores-la-exportacion-clave-en-el-mantenimiento-de-la-cifra-de-negocio-de-2020/ | https://www.elconciso.es/empresas/mp-ascensores-cartera-rumana_0_2006268369.html | https://www.cesur.org.es/mp-ascensores-logra-60-millones-de-financiacion-y-crecera-con-la-compra-de-empresas | https://www.interempresas.net/ascensores-montacargas/590041-Calendario-MP-Lifts-School-2025-en-MP-Ascensores.html
Resto/Madrid,Marsi Bionics,Madrid,66,Medical Equipment Manufacturing,C,"Marsi Bionics es un fabricante de producto propio con exportacion real y ticket alto, lo que cumple algunas condiciones ICP. Sin embargo, opera en MedTech con compradores concentrados en hospitales publicos que compran via licitacion, no via prospectacion comercial por senales. El universo de clientes potenciales es muy reducido (decenas de hospitales cualificados por pais, no cientos o miles), y el proceso de compra esta gobernado por regulacion sanitaria y presupuesto publico, no por triggers comerciales como nuevos mercados, plantas o country managers. No encaja en el patron industrial (maquinaria, automatizacion, bienes de equipo) que define al cliente de Neety, y la herramienta de inteligencia comercial por senales no aporta valor diferencial en este modelo de venta.","Exportacion activa confirmada: presencia en Francia, Mexico, Polonia, Italia, Irlanda y expansion hacia EEUU (2024-2025) | Ronda de 4,5M€ cerrada para expansion internacional e industrializacion de produccion (2023-2024) | Premio DHL Atlas a la pyme exportadora mas innovadora | Fabricante de producto propio (exoesqueletos roboticos ATLAS 2030 y MAK) con tecnologia disruptiva | 66 empleados, dentro del rango ICP",https://www.csic.es/es/actualidad-del-csic/marsi-bionics-la-empresa-que-ha-desarrollado-junto-al-csic-el-primer-exoesqueleto-pediatrico-del-mundo-cierra-una-ronda-de-inversion-de-45-millones-de-euros | https://elreferente.es/inversiones/marsi-bionics-obtiene-4m-expandir-comercializacion-primer-exoesqueleto-pediatrico/ | https://www.cadenadesuministro.es/logistica/dhl-reconoce-pymes-exportadoras-mas-innovadoras-en-ix-edicion-premios-atlas_1506152_102.html | https://marsibionics.com/?lang=en
Resto/Andalucía,"Daplast, S.L.",Andalucía,63,Furniture and Home Furnishings Manufacturing,C,"Daplast es fabricante exportador real de producto propio con presencia en 40+ países, lo que cumpliría los requisitos de industrial y exportador. Sin embargo, su mercado de destino son estadios, arenas y recintos deportivos — un universo de compradores muy concentrado y de nicho (clubs de fútbol, administraciones públicas, promotores). El proceso de compra es por licitación o concurso de proyecto, no por prospección comercial activa donde las señales de negocio (nuevo producto, expansión, M&A) tengan valor diferencial claro. No encaja en el patrón ICP de Neety de empresa industrial con muchos clientes finales en mercados abiertos internacionales que necesita inteligencia de señales para priorizar y activar cuentas. La venta directa existe pero en formato de project sales, no de fuerza comercial con territory managers buscando cuentas. Descartable para el piloto.","Exporta a más de 40 países en los 5 continentes (presencia confirmada en Qatar, Francia, Bélgica, Noruega, México, Panamá, Hong Kong, Arabia Saudí, Gabon, Argelia — fuente: daplast.com 2023) | Proyecto reciente en Dublín (Tallaght Stadium, mayo 2024): expansión europea activa | Fabricante de producto propio (asientos y tribunas de plástico inyectado) desde 1971 | Ticket alto y ciclo largo por la naturaleza de proyectos de estadios | Plantilla ~63-90 empleados, dentro del rango de tamaño ICP",https://daplast.com/en/2023/06/02/50-anos-de-daplast-referente-internacional-en-asientos-para-instalaciones-deportivas/ | https://daplast.com/en/ | https://www.einforma.com/informacion-empresa/daplast | https://empresite.eleconomista.es/DAPLAST.html
Resto/Madrid,MEDISA (Medical Iberica S.A.),Madrid,66,Medical Equipment Manufacturing,C,"MEDISA es fabricante español real con exportacion activa y producto propio de ticket medio-alto, lo que cumple criterios basicos. Sin embargo, su mercado son hospitales y clinicas — un universo de compradores estructuralmente concentrado en cada pais (licitaciones publicas, pocos decisores por mercado). Esto es el opuesto del patron ICP de Neety, que requiere empresas con cientos o miles de clientes finales industriales en el mundo. Ademas, el canal internacional en equipamiento hospitalario suele apoyarse en distribuidores/agentes locales y procesos de licitacion, no en equipos comerciales directos cazando señales de compra en cuentas objetivo. El encaje con la propuesta de valor de inteligencia comercial por señales es bajo.","Fabricante de producto propio: camas hospitalarias y mobiliario clinico de alta tecnologia (>30 años) | Exportacion real: presente en +60 paises con soporte ICEX y financiacion FEDER para internacionalizacion | Export Manager dedicado incorporado recientemente (Juan Mestre Marco, señal de apuesta por internacional) | Participa en Arab Health (Dubai) desde 2014 — expansión activa a Oriente Medio y Africa | Ticket medio-alto y ciclo de venta largo (licitaciones hospitalarias)",https://medisa.tech/juan-mestre-marco-se-suma-a-medisa-como-nuevo-export-manager/ | https://medisa.tech/en/about-us/ | https://medisa.tech/en/customer-service-export/ | https://www.alimarket.es/sanidad/noticia/82298/los-especialistas-de-mobiliario-clinico-buscan-negocio-en-el-exterior
Resto/Madrid,Afarvi Sistemas,Madrid,80,Mechanical Or Industrial Engineering,C,"Afarvi Sistemas fabrica equipos industriales de proceso (agua purificada, WFI, vapor) con ciclo largo y ticket alto, lo que encaja en la forma del ICP. Sin embargo, el modelo de negocio es fundamentalmente de ingenieria de proyectos/integracion de instalaciones in situ en plantas farmaceuticas espanolas, no el de un fabricante que exporta maquinaria propia a clientes finales en multiples paises. No hay evidencia de exportacion real al extranjero ni de universo amplio de compradores internacionales. El mercado objetivo (laboratorios farma en Espana) es un universo moderado y relativamente concentrado. Sin señales de internacionalizacion activa. Patron mas cercano a EPC/ingenieria de servicios tecnico-industriales que a fabricante exportador tipo Danobat o ULMA Packaging.","Fabricante de equipos e instalaciones industriales (PW, WFI, vapor puro) con diseno y fabricacion propios — bien de equipo de ciclo largo y ticket medio-alto | Crecimiento anual >30% en ultimos 5 anos segun fuentes publicas | 80-250 empleados, dentro del rango sweet spot; dos sedes (Madrid y Barcelona) | Modelo de venta directa a cliente final farmaceutico (no distribuidor) | Premiada en Farmaforum como mejor empresa de servicios para industria farmaceutica",https://www.afarvi.com/ | https://www.cepyme500.com/empresa/afarvi-sistemas | https://mirai.investments/portfolio/afarvi/ | https://www.pharmatech.es/empresas/afarvi | https://www.asebio.com/en/members/directory/afarvi-sistemas
Resto/Madrid,Solintal LRD,Madrid,99,Industrial Machinery Manufacturing,C,"Solintal LRD es un fabricante industrial real que exporta fuertemente (82% ventas), pero su modelo de negocio es proveedor de implementos y equipos de alta capacidad a grandes OEMs de mineria y construccion (Caterpillar, Komatsu, Liebherr y similares) y a grandes contratistas internacionales. Esto implica un universo de compradores muy concentrado — un punado de cuentas globales de altisimo volumen — que es exactamente el patron anti-ICP de Neety (similar a un Tier-1 de automocion). La herramienta de inteligencia comercial por señales de Neety esta diseñada para empresas que tienen MUCHOS clientes finales en el mundo y necesitan priorizar cual atacar; Solintal gestiona relaciones con muy pocos clientes clave donde la inteligencia de señales añade poco valor frente a la gestion de cuenta clave tradicional. Ademas, la caida del 21% en facturacion indica contraccion, no expansion a nuevos mercados.","Fabricante de maquinaria industrial (cubos, implementos, equipos de alta capacidad) para mineria, construccion, ferroviario, energia y defensa — industrial puro | 82% de ventas son exportaciones segun datos de CESCE/exportadores | ~99-200 empleados, dentro del rango ICP (80-1000) | Presencia en sectores de ticket alto y ciclo largo (mineria, defensa, ferroviario) | Mas de 60 años de experiencia en diseño y fabricacion propia",https://solintal.es/en/ | https://exportadores.cesce.es/exportaciones-solintal-lrd | https://www.iberinform.es/empresa/368426/solintal-lrd | https://www.axesor.es/Informes-Empresas/317442/SOLINTAL_LRD_SA.html | https://es.linkedin.com/company/solintal-lrd
Resto/Murcia,Hidroconta,Murcia,68,Mechanical Or Industrial Engineering,C,"Hidroconta es fabricante industrial espanol real con exportacion genuina (70% facturacion internacional) y producto tecnico propio (valvulas hidraulicas, contadores, telecontrol IoT), lo que cumple los criterios de base del ICP. Sin embargo, tiene dos bloqueos estructurales criticos: (1) su universo de compradores es inherentemente estrecho — vende a utilities, concesionarias de agua, municipios y gestoras de red hidrica, que son pocas cuentas grandes por pais, exactamente el patron concentrado que el ICP de Neety descarta (equiparable a utilities/eolica); (2) su modelo de go-to-market internacional se apoya parcialmente en distribuidores exclusivos (Mexico) y grandes partners (Hydralians/Francia), no en comerciales directos propios capturando señales de mercado de muchos clientes finales. La señal de inteligencia comercial que ofrece Neety tiene menor valor cuando el pipeline internacional se gestiona a traves de 3-4 distribuidores regionales en lugar de decenas de clientes directos. Empresa descartable como ICP primario; podria revisarse si amplia hacia sector agro-industria o industrial privado con universo mas amplio.","70% de facturacion y 50% de proyectos de origen internacional, presencia en +25 paises | Filiales propias en Marruecos e Italia — inversion real en comercializacion exterior | Expansion a Asia-Pacifico con ampliacion de red comercial (senalado en noticias recientes) | Fabricante propio de producto industrial: contadores de agua, valvulas hidraulicas, sistemas de telecontrol IoT (IRIS) | 68 empleados en sector tecnico industrial — perfil de empresa mediana",https://exportadores.cesce.es/exportaciones-hidroconta-sau | https://hidroconta.com/noticias/hidroconta-hydralians-francia/ | https://hidroconta.com/noticias/hidroconta-amplia-su-red-comercial/ | https://www.iagua.es/noticias/hidroconta/ana-valverde-productos-hidroconta-son-percibidos-como-productos-alta-calidad | https://agritechmurcia.com/en/empresa/hidroconta-3/
Resto/Andalucía,Infrico,Andalucía,197,Commercial and Service Industry Machinery Manufacturing,C,"Infrico es un fabricante industrial espanol con exportacion real y fuerte presencia internacional, lo que satisface los criterios de industrial y exportador. Sin embargo, el modelo de negocio HORECA/equipamiento de hosteleria opera predominantemente a traves de distribuidores e importadores especializados por mercado, no con fuerza comercial directa visitando clientes finales. El universo de compradores es muy atomizado (miles de restaurantes y hoteles) pero el acceso se produce via canal intermediario, no venta directa. El ticket por equipo y el ciclo de decision son significativamente mas cortos y simples que los de los clientes de referencia de Neety (maquinaria de proceso, bienes de equipo, automatizacion). No encaja con el patron ICP de Neety.","Fabricante industrial de equipamiento de frio comercial con sede en Lucena (Cordoba), grupo con 3 plantas y 160.000 m2 de instalaciones | Exportacion representa el 48% de ventas totales, presencia activa en 80 paises | 17 delegaciones comerciales internacionales, incluyendo almacenes propios en Francia y EEUU | Lider espanol en su categoria segun su web corporativa y fuentes sectoriales",https://infrico.com/en/company/ | https://infricosupermarket.com/en/company/ | https://www.linkedin.com/company/infrico
Resto/Madrid,ORBIS TECNOLOGÍA ELÉCTRICA S.A.,Madrid,80,Computers and Electronics Manufacturing,C,"ORBIS es fabricante real con exportación genuina en 60+ países, lo que cumple dos criterios ICP. Sin embargo, su modelo de negocio es incompatible con el ICP de Neety: vende pequeño material eléctrico de catálogo (temporizadores, detectores, interruptores horarios) a través de distribuidores eléctricos y mayoristas, no mediante fuerza de ventas directa a clientes industriales finales. El ticket unitario es bajo y el ciclo es transaccional/de catálogo, no de proyecto. La inteligencia comercial por señales (nuevos mercados, nuevas plantas, M&A) no es accionable para un go-to-market basado en canal de distribución. Se descarta por anti-ICP: distribuidor/canal + ticket bajo.","Fabricante español con 75 años de historia, 4 centros productivos en la UE | Presencia en más de 60 países — exportación real certificada por CESCE | ~80-140 empleados, en la franja de tamaño ICP | Producto propio (temporizadores, detectores, interruptores horarios, termostatos) — no consultora",https://orbis.es/ | https://exportadores.cesce.es/exportaciones-orbis-tecnologia-electrica | https://www.dnb.com/business-directory/company-profiles.orbis_tecnologia_electrica_sa.6aab3962a354d41648ab45a8719f0e26.html | https://www.sumidelec.com/25_orbis | https://groupsumi.es/electricidad/pequeno-material-electrico/detector-de-movimiento-orbis
Resto/Madrid,INTRAME,Madrid,86,Machinery Manufacturing,C,"INTRAME es fabricante real de maquinaria pesada con exportación activa y tamaño adecuado, lo que cumple varios requisitos del ICP. Sin embargo, el mercado de plantas asfálticas es un mercado de infraestructura pública con compradores muy concentrados (pocas constructoras y gobiernos por país), lo opuesto al universo amplio de clientes finales que busca Neety. Además, la expansión internacional se apoya en distribuidores locales, no en comerciales directos propios. El producto es de alto ticket y ciclo largo, pero el contexto competitivo (licitaciones públicas, pocas cuentas) hace que las señales de inteligencia comercial de Neety sean menos accionables aquí. No encaja con el patrón de referencia (Fagor Automation, Danobat, ULMA Packaging, Kerajet).","Fabricante de maquinaria industrial (plantas asfálticas) desde 1965, producto propio de alto ticket | Presencia en más de 60 países con más de 1.000 plantas instaladas en Europa, América, África, Asia y Oceanía | ~86-99 empleados — dentro del sweet spot de tamaño ICP | Exportaciones recientes a EE.UU. (Texas), Ghana, Francia, Polonia, Hungría, Ucrania",https://intrame.com/en/ | https://www.zoominfo.com/c/intrame/346616411 | https://www.axesor.es/Informes-Empresas/913660/INTRAME_REPUESTOS_Y_SERVICIOS_SL.html
Resto/Madrid,"Pemsa Cable Management, S.A.",Madrid,132,"Appliances, Electrical, and Electronics Manufacturing",C,"Pemsa es fabricante industrial español con 132 empleados y exportación activa confirmada (Latam, Oriente Medio, Europa). Sin embargo, su producto —bandejas portacables metálicas y tubos conduit— es un componente de instalación eléctrica estandarizado de ticket bajo, comprado por volumen. El go-to-market es vía distribuidores mayoristas eléctricos (aparece como proveedor en redes de distribución como Auna), no venta directa a cliente final. No tiene el patrón de bienes de equipo de alto ticket con ciclo de venta largo ni comerciales/country managers propios que prospectan nuevas cuentas. El universo de clientes finales es amplio en teoría, pero al ir mediado por distribución el problema de señales comerciales no aplica de la misma manera que en el ICP de Neety.","Fabricante propio desde 1969, sede en Alcalá de Henares, 132 empleados (sweet spot) | Exportación activa confirmada: ExpoSolar Bogotá 2025, FISE 2025, Middle East Energy Dubai, Data Centre World London | Crecimiento de ventas +8.31% entre 2023 y 2024 | Certificaciones internacionales: ISO 9001, AENOR, UL, E90",https://www.pemsa-rejiband.com/pemsa-lleva-su-innovacion-en-sistemas-de-conduccion-de-cables-a-exposolar-bogota-2025/ | https://www.pemsa-rejiband.com/pemsa-mostrara-sus-soluciones-para-una-infraestructura-mas-eficiente-en-fise-2025/ | https://www.aunadistribucion.com/proveedor/68/pemsa | https://www.axesor.es/Informes-Empresas/378516/PEMSA_CABLE_MANAGEMENT_SA.html
Resto/Andalucía,FRIZONIA,Andalucía,74,Shipbuilding,C,"FRIZONIA exporta y tiene proyectos internacionales, lo que suma puntos, pero su modelo de negocio es fundamentalmente el de una ingeniería/integradora de sistemas HVAC para la industria naval. No fabrica un producto propietario en serie que pueda vender a un universo amplio de clientes. Sus compradores son astilleros y armadores, un mercado global con un número muy reducido de cuentas relevantes — el anti-patrón exacto del ICP de Neety, que requiere universo amplio. Además, opera con red de agentes en el exterior en lugar de comerciales directos propios. El alto ticket y ciclo largo son positivos, pero no compensan los tres anti-ICP estructurales: modelo de servicio/proyecto sin producto, compradores concentrados y canal indirecto.","Exporta activamente: contratos con astillero gallego Armón y con el Instituto Nacional de Oceanografía (mencionados en su web) | Apertura de nuevo mercado: entrada en Arabia Saudí con apoyo de Extenda-Andalucía (noticia en empresaexterior.com, sin fecha exacta pero reciente) | Ticket alto y ciclo largo: proyectos de ingeniería naval a medida con más de 100 buques entregados | 74 empleados, dentro del rango de tamaño relevante para Neety",https://frizonia.com/en/about-us/ | https://empresaexterior.com/art/86353/la-gaditana-frizonia-se-abre-paso-en-el-mercado-de-arabia-saudi | https://www.clusternavalcadiz.es/empresa/frizonia/
Resto/Castilla-La Mancha,Prilux Lighting,Castilla-La Mancha,138,"Appliances, Electrical, and Electronics Manufacturing",C,"Prilux fabrica luminarias LED en España y exporta a varios continentes, lo que cumple los requisitos de industrial y exportador. Sin embargo, su modelo comercial se apoya fundamentalmente en el canal instalador/distribuidor eléctrico, no en venta directa a clientes finales industriales. Además actúa parcialmente como distribuidor de marcas externas. El sector iluminación LED tiene un componente de catálogo estándar y recambio que aleja el ticket y el ciclo de compra del patrón bienes-de-equipo que busca Neety. El universo de compradores no es amplio en el sentido ICP: los clientes directos son instaladores y mayoristas (canal concentrado), no cientos de directores de planta o facility managers a los que impactar con señales de intención. Fit débil.","Fabricante propio de luminarias LED con planta de 20.000 m² en Toledo (líneas SMD + salas limpias LED) | Más de 40 años de historia; empresa familiar española con ~138 empleados (rango sweet spot) | Presencia internacional en EMEA, LATAM y Brasil; proceso activo de internacionalización (LeadIQ 2025) | Gama profesional (industria, municipios, aeropuertos, logística) con componente de proyecto a medida",https://leadiq.com/c/prilux-lighting/5a1d8ed05400005a0074e735 | https://prilux.es/en/business/ | https://qmadis.com/124-prilux | https://www.matmax.es/marcas/prilux | https://smart-lighting.es/carlos-pretel-ceo-prilux-nunca-los-equipos-de-ventas-han-sido-tan-importantes-precisamente-en-un-mundo-digital-creciente/
Resto/Andalucía,CEARA (Cuadros Eléctricos Araujo S.L.),Andalucía,165,"Appliances, Electrical, and Electronics Manufacturing",C,"CEARA fabrica cuadros eléctricos industriales, subestaciones y equipos para sectores ferroviario, naval, nuclear, petroquímico y nuevas energías. Es fabricante de producto físico con 165 empleados y cierta presencia internacional. Sin embargo, su modelo encaja en el patrón de ""proveedor de proyecto"": sus clientes declarados son empresas instaladoras, constructoras y de ingeniería (no clientes finales globales). Los sectores en que opera (ferroviario/metro, astilleros navales, utilities energéticas, nuclear) tienen universos de compradores muy concentrados: pocas cuentas grandes a nivel mundial. No se detectan señales de fuerza de venta directa internacional propia ni country managers. El modelo se parece más a un subcontratista de EPC que a un fabricante de bien de equipo con venta directa a mercado amplio, lo que lo aleja del patrón ICP de Neety.","Fabricante de producto físico propio: cuadros eléctricos industriales, subestaciones, armarios de control | 165 empleados — dentro del rango ICP (80-1000) | Presencia en proyectos internacionales: metro/ferroviario y astilleros navales en varios países (web ceara.es, 2024) | Sectores de alto ticket y ciclo largo: nuclear (ISO 19443), petroquímica, ferroviario | 40 años de experiencia manufacturera, 6.000 m² de planta productiva en Alcalá de Guadaíra",https://ceara.es/en/about-us/ | https://ceara.es/en/sectors/ | https://sueloindustrial.prodetur.es/empresa/ceara | https://hidrogenoandalucia.org/team/ceara
Resto/Murcia,MECANICAS BOLEA,Murcia,163,Industrial Machinery Manufacturing,C,"Mecanicas Bolea es un fabricante industrial legitimo con ticket alto y algo de actividad internacional, pero su modelo es de taller a medida por proyecto (caldereria, recipientes a presion, equipos proceso) para un numero reducido de grandes clientes industriales. El universo de compradores es estructuralmente estrecho — plantas quimicas, petroquimicas, farmaceuticas y aeronauticas que encargan equipos singulares. No tiene el patron de fabricante de producto estandarizado con pipeline comercial amplio y necesidad de detectar senales de nuevos proyectos en centenares de cuentas. La inteligencia comercial por senales de Neety aporta poco valor en un modelo donde los clientes son conocidos y los proyectos se negocian directamente. Fit debil.","Fabricante de bienes de equipo industrial (recipientes a presion, equipos proceso, depositos) para sectores quimico, petroquimico, farmaceutico y alimentacion | 163 empleados — dentro del rango de tamano ICP | Actividad internacional declarada con apoyo ICEX y proyectos en territorio nacional e internacional | Miembro de AESMIDE y CDTI — perfil exportador reconocido institucionalmente | Ticket alto y ciclo largo: proyectos llave en mano a medida",https://mecanicasbolea.com/ | https://mecanicasbolea.com/compania/ | https://aesmide.es/asociado/mecanicas-bolea/ | https://catalogogics.cdti.es/en/node/523
Resto/Madrid,FALKEN,Madrid,105,Defense and Space Manufacturing,C,"FALKEN fabrica producto propio y exporta activamente a +25 países, lo que cumple los requisitos básicos de industrial y exportador. Sin embargo, falla en el criterio más crítico del ICP de Neety: universo de compradores amplio. Sus clientes son exclusivamente entidades gubernamentales (ejércitos, policías, fuerzas de seguridad) en cada país, lo que implica un número muy reducido y concentrado de cuentas objetivo a nivel global. La inteligencia comercial por señales de Neety está diseñada para empresas con cientos o miles de clientes finales potenciales en el mundo; el modelo de licitación pública de defensa no se beneficia de ese tipo de señales. No es anti-ICP total (no es filial extranjera, consultora ni distribuidor), pero el universo de compradores concentrado lo convierte en un encaje débil.","Exporta a más de 25 países, con 74% de ventas en exportación (dato Axesor/CESCE) | Fabricante de producto propio (pirotecnia no letal) con más de 40 años de experiencia | Presencia industrial en España y LATAM | Venta directa a clientes institucionales sin distribuidores aparentes | Sector defensa con ticket alto y ciclo largo (licitaciones gubernamentales)",https://falken.es/ | https://exportadores.cesce.es/exportaciones-falken | https://www.axesor.es/Informes-Empresas/98560/FALKEN_SA.html | https://wri-irg.org/en/story/2020/war-profiteer-month-falken-sa
Resto/Madrid,S.A. de Construcciones Industriales - SACI,Madrid,86,Electrical Equipment Manufacturing,C,"SACI es fabricante industrial español con presencia en más de 80 países y tamaño adecuado, lo que cumple dos criterios ICP importantes. Sin embargo, el modelo go-to-market internacional es fundamentalmente de distribuidores (canal indirecto), no de comerciales propios prospectando clientes finales en el mundo. Neety está diseñada para equipos de ventas directas que necesitan señales para abrir nuevas cuentas; un modelo de distribución no genera la misma necesidad de inteligencia de prospectos. Adicionalmente, el producto (instrumentación eléctrica de catálogo) tiene ticket unitario bajo y ciclo de venta corto, alejado del patrón de bienes de equipo o maquinaria de alta complejidad. La pertenencia al grupo COFME añade una capa de complejidad organizativa. No es anti-ICP absoluto (es fabricante real que exporta), pero el modelo de canal lo aleja significativamente del perfil ideal.","Fabricante propio de equipos de medida y eficiencia energética eléctrica (analizadores, contadores, transformadores de medida, instrumentación) | Exporta a más de 80 países con catálogo de más de 3.000 referencias (dato web saci.es 2026) | 86 empleados, dentro del rango sweet spot ICP (80-150) | En 2026 integró equipos de exportación de COFME, señal de expansión internacional activa",https://www.saci.es/en/company/ | https://www.saci.es/en/saci-brings-together-cofmes-export-teams-for-2026/ | https://saci.es/distribuidores/ | https://afme.es/portfolio/s-a-de-construcciones-industriales-saci/
Resto/Andalucía,H2B2 Electrolysis Technologies,Andalucía,65,Mechanical Or Industrial Engineering,C,"H2B2 fabrica electrolizadores PEM y exporta activamente (Alemania, EEUU, Colombia, Noruega), lo que cumple el criterio de fabricante industrial exportador con ticket alto y ciclo largo. Sin embargo, el patrón de negocio es crítico: sus compradores son grandes proyectos de infraestructura de hidrógeno — utilities, productores de renovables, operadores de movilidad pesada — un universo muy concentrado de pocas cuentas singulares, exactamente el patrón anti-ICP descartado (similar a eólica/utilities). No venden maquinaria a cientos de clientes industriales finales; cada venta es una planta de hidrógeno, un proyecto EPC de gran envergadura. El software de señales de Neety está diseñado para equipos comerciales que prospectán mercados amplios con muchas cuentas objetivo; el modelo de H2B2 no genera ese tipo de demanda de inteligencia comercial. Adicionalmente, su tamaño (65 empleados) y fase (SPAC intent, startup de energía limpia) los alejan del perfil de fabricante industrial maduro con canal comercial propio desarrollando múltiples mercados.","Fabricante de electrolizadores PEM propietarios con capacidad hasta 200MW/año — bien de equipo industrial de alto ticket | Presencia comercial internacional confirmada: California, Alemania, India, Colombia, Noruega (proyecto GP JOULE 18MW, 2024-2025) | Premio Electrolyzer Manufacturer of the Year RENMAD H2 2025 — reconocimiento sectorial internacional | 65 empleados — estructura compacta compatible con equipo comercial propio",https://www.h2b2.es/the-company/ | https://www.h2b2.es/our-products/ | https://www.h2b2.es/h2b2-electrolyzers-will-expand-gp-joules-green-hydrogen-production/ | https://www.h2b2.es/letter-of-intent-for-h2b2-electrolysis-technologies-a-leading-developer-and-operator-of-green-hydrogen-production-systems/
Resto/Andalucía,SOLAR MEMS Technologies,Andalucía,63,Aviation and Aerospace Component Manufacturing,C,"Solar MEMS es un fabricante industrial de producto propio de alta tecnologia que exporta globalmente — en eso encaja con el perfil ICP. Sin embargo, falla en los dos criterios mas criticos: el universo de compradores es extremadamente concentrado (fabricantes de satelites y agencias espaciales en el mundo son pocas decenas de cuentas) y el modelo de go-to-market en los principales mercados se apoya en distribuidores locales, no en comerciales directos propios. La propuesta de valor de Neety — detectar senales de intencion entre cientos de prospectos para que los comerciales prioricen — no aplica cuando la empresa ya conoce a sus 20-30 clientes potenciales mundiales por nombre. Ademas, con menos de 35 empleados reales, es una empresa demasiado pequena para tener un equipo comercial que necesite inteligencia de señales.","Exporta a mas de 40 paises con clientes en mas de 50 paises (heritage desde 2009) | Fabricante de producto propio de alta tecnologia (sun sensors MEMS para satelites y aplicaciones aeroespaciales) | Clientes internacionales de primer nivel: Airbus D&S, Thales Alenia Space, NASA, Northrop Grumman, OHB, OneWeb | Crecimiento de ingresos del 114% interanual segun datos de 2025 | Miembro IAF (International Astronautical Federation), producto incluido en ESA Technology Harmonization",https://solar-mems.com/about/ | https://satsearch.co/suppliers/solarmems | https://www.iafastro.org/membership/all-members/solar-mems-technologies-sl.html | https://www.zoominfo.com/c/solar-mems-technologies-sl/347661472
Resto/Andalucía,Infrico Supermarket,Andalucía,65,Machinery Manufacturing,C,"Infrico Supermarket SL es fabricante de maquinaria de refrigeración comercial (mobiliario frío) para el sector retail/supermercado, con sede en Lucena (Córdoba) y perteneciente al Grupo Infrico. Aunque cumple el criterio de fabricante industrial con presencia internacional (Grupo Infrico tiene 16 delegaciones en el exterior), falla en los criterios clave del ICP de Neety: (1) UNIVERSO DE COMPRADORES CONCENTRADO — sus clientes son cadenas de supermercados y retail (Mercadona, Carrefour, Lidl y similares), un universo corto de cuentas grandes, no muchos clientes industriales finales en el mundo; (2) SECTOR RETAIL, no industrial B2B — el producto es equipamiento para tiendas, no bienes de equipo para procesos industriales; (3) VENTA PROBABLEMENTE MIXTA con distribuidores internacionales más que comerciales directos propios; (4) Es filial/línea de producto de Grupo Infrico SL (empresa madre con ~419 empleados), lo que limita la autonomía comercial. El ticket por unidad de mueble frigorífico es medio-bajo y el ciclo de compra es corto comparado con maquinaria industrial de proceso. No encaja con el perfil de referencia (Danobat, ULMA Packaging, Fagor Automation).","Fabricante de maquinaria de refrigeración (CNAE 2825) con planta propia en Lucena, Córdoba — manufactura real, no distribución | Grupo Infrico tiene 16 delegaciones internacionales (Francia, EEUU y otros) — presencia exportadora contrastada | Expansión de planta en curso (segunda fase ampliación fábrica Infrico Supermarket, ref. infrico.com) | Facturación creció +29,86% en el último ejercicio — empresa en crecimiento activo | 65-170 empleados — tamaño dentro del rango ICP (aunque en el límite inferior)",https://infricosupermarket.com/en/company/ | https://grupoinfrico.com/en/our-history/ | https://infrico.com/en/grupo-infrico-finalizing-the-second-expansion-phase-of-infrico-supermarket-factory/ | https://www.axesor.es/Informes-Empresas/9022965/INFRICO_SUPERMARKET_SL.html | https://www.empresia.es/empresa/infrico-supermarket/
Resto/Madrid,ARIES (Aries Industrias del Plastico SA / Aries IPSA),Madrid,472,Plastics Manufacturing,C,"Aries IPSA es un fabricante industrial de piezas tecnicas de precision por inyeccion de termoplastico con 472 empleados y dos plantas en Fuenlabrada (Madrid), con mas de 50 anos de experiencia y actividad exportadora confirmada. Sin embargo, su modelo de negocio es subcontratacion industrial (contract manufacturer): fabrica piezas a medida para terceros en sectores como automocion, farmaceutico, ferroviario y climatizacion. Esto implica que su universo de compradores esta concentrado en un puñado de grandes OEMs o Tier-1 (patron tipico automocion), no en centenares de clientes finales en el mundo. No tiene producto propio exportable con marca propia ni equipo comercial buscando activamente nuevos mercados. El modelo responde a RFQs entrantes, no a venta directa outbound. No encaja con el patron ICP de Neety de fabricante de bien de equipo con comerciales/country managers propios y universo amplio de clientes finales.","Fabricante industrial real (inyeccion de termoplastico, piezas tecnicas de precision), no consultora ni distribuidor | 472 empleados — dentro del rango ICP (80-1000) | Exportador activo confirmado (figura en CESCE exportadores, presencia en directorios internacionales como Techpilot y MFG.com) | Mas de 50 anos de experiencia y dos plantas productivas en Madrid con >7.000m2 y maquinaria hasta 1.300T | Multiples sectores industriales exigentes (automocion, farmaceutico, ferroviario, climatizacion)",https://aries-ipsa.com/en/about/ | https://exportadores.cesce.es/exportaciones-aries-industrias-plastico | https://www.advancedmanufacturingmadrid.com/en/exhibitor/aries-industrias-del-plastico-s-a/ | https://www.techpilot.com/en/profiles/aries-industrias-del-plastico-sa
Resto/Murcia,Grúas Sáez SL,Murcia,81,Industrial Machinery Manufacturing,C,"Grúas Sáez fabrica producto propio y exporta a más de 30 países, lo que en superficie parece encajar. Sin embargo, presenta dos anti-ICP determinantes: (1) la internacionalización se articula íntegramente a través de distribuidores locales, sin comerciales ni country managers propios que desarrollen negocio directo en cada mercado — exactamente el modelo que Neety no puede activar con señales; (2) el sector es equipamiento de construcción, donde los compradores son constructoras y alquiladores de maquinaria, un universo relativamente concentrado y con dinámica de proyecto/obra muy diferente al patrón ICP (fabricante industrial que vende a muchos clientes finales en el mundo). El tamaño (81 empleados) y el ticket alto no compensan estos bloqueos estructurales.","Fabricante de producto propio (grúas torre, automontantes, encofrados) con más de 40 años de historia | 81 empleados — dentro del rango sweet ICP (80-150) | Presencia comercial confirmada en más de 30 países: Europa, Norte de África, Latinoamérica | Sector Industrial Machinery Manufacturing en LinkedIn | Ticket alto y ciclo largo propios de maquinaria de construcción pesada",https://gruassaez.com/en/saez-group/ | https://www.cepyme500.com/empresa/gruas-saez | https://es.linkedin.com/company/gruas-saez-sl
Resto/Andalucía,PREMO Group,Andalucía,451,"Appliances, Electrical, and Electronics Manufacturing",C,"PREMO Group es un fabricante español de componentes magnéticos pasivos (antenas RFID, inductores, sensores VR/AR, filtros EMC) con fuerte presencia exportadora y tecnología propia. Sin embargo, falla en los criterios ICP más determinantes: (1) su universo de compradores es concentrado — vende a grandes OEMs de automoción (EV/HEV), fabricantes de electrónica y Tier-1, no a centenares de clientes finales industriales variados en el mundo; (2) su canal de venta incluye distribuidores electrónicos especializados (DigiKey, representantes en 35 países), no comerciales propios de venta directa al cliente final; (3) el ticket unitario de componentes electrónicos es bajo, sin el ciclo largo de proyecto que caracteriza bienes de equipo. La señal de crecimiento internacional existe (Mumtalakat, plantas globales, nuevos mercados EV/AR-VR), pero el modelo de negocio no encaja con el patrón de cliente Neety.","Exportador real con plantas en China, Vietnam y Marruecos, y representantes en +35 países (2024) | Inversión de Mumtalakat (fondo soberano de Bahréin) para financiar expansión global en EV y AR/VR — señal de crecimiento internacional activo | 451 empleados, tamaño dentro del rango ICP | R&D en 5 países (España, Francia, Corea del Sur, China, EE.UU.) — empresa tecnológica con producto propio exportable",https://grupopremo.com/ | https://www.lincolninternational.com/transactions/premo-has-received-a-significant-minority-investment-from-mumtalakat/ | https://us.metoree.com/companies/4085/ | https://tracxn.com/d/legal-entities/india/innovating-magnetics-premo-india-private-limited/__XOe_WDUrjdkIy_SpQefhG6NW9I7ooBBEwuhxxVz_QNw
Resto/Andalucía,FENIKS,Andalucía,134,Machinery Manufacturing,C,"FENIKS es fabricante industrial de producto propio (vehículos especiales) con 134 empleados, lo que en tamaño encaja con el ICP. Sin embargo, su mercado es B2G: vende a ayuntamientos y concesionarias de limpieza municipal mediante licitaciones públicas. Esto genera un universo de compradores muy concentrado (pocas decenas de municipios relevantes y 4-5 grandes concesionarias en España) — patrón anti-ICP análogo a utilities o Tier-1 de automoción. La venta no la dirige un equipo comercial que necesite inteligencia de señales; la activa el calendario de concursos públicos. La exportación existe pero es muy incipiente y geograficamente estrecha. No hay evidencia de equipo comercial internacional ni country managers. En conjunto, no hay fit operativo para el producto de Neety aunque el sector (maquinaria) sea industrial.","Fabricante de vehículos especiales (limpieza viaria, RSU, contraincendios, plantas solares) — producto propio, no consultora | 134 empleados — dentro del rango sweet spot 80-150 | Mencion de exportaciones a Sudafrica, Argelia y Marruecos (escala limitada) | Ticket alto: flotas de vehiculos especiales (contrato Madrid: 121 vehiculos + 313 carros electricos a PreZero) | Innovacion en vehiculos 100% electricos para mantenimiento urbano",https://feniks.es/ | https://es.linkedin.com/company/feniks-cleaning-&-safety-s-l- | https://empresite.eleconomista.es/FENIKS-CLEANING-SAFETY.html | https://www.eysmunicipales.es/actualidad/feniks-aliado-en-la-limpieza-de-la-ciudad-de-madrid
Resto/Andalucía,RODAMA,Andalucía,62,Industrial Machinery Manufacturing,C,"RODAMA es una ingenieria/taller industrial de servicios (mecanizado, utillaje, robotica aplicada, calibres de control) con sede en Granada. Aunque opera en el sector industrial y tiene el tamano correcto, no fabrica ni exporta un producto propio: su modelo es la subcontratacion de servicios tecnicos a clientes industriales locales o nacionales. No consta exportacion en registros mercantiles, no hay evidencia de comerciales internacionales ni expansion a nuevos paises. Encaja en el patron anti-ICP de consultora/ingenieria de servicios sin producto exportable. El ICP de Neety requiere fabricante con producto propio, exportacion real y universo amplio de clientes finales en el mundo: RODAMA no cumple ninguno de estos tres criterios clave.","Sector industrial (maquinaria y automatizacion) con capacidades en robotica, mecanizado e ingenieria de producto | Tamano adecuado: ~62 empleados segun LinkedIn | Web corporativa en ingles, sugiere interes en mercado internacional",https://www.rodama.com/home | https://aspromec.org/Mecanizadores/rodama-maquinaria/ | https://empresite.eleconomista.es/RODRIGUEZ-ARENAS-MATRICERIA.html | https://www.axesor.es/Informes-Empresas/891101/RODAMA_MAQUINARIA_SOCIEDAD_LIMITADA.html | https://www.empresia.es/empresa/rodama-maquinaria/
Resto/Madrid,ISDE,Madrid,64,"Appliances, Electrical, and Electronics Manufacturing",C,"ISDE fabrica equipos electrónicos de domótica, inmótica y urbótica desde 1994 — es fabricante de producto real, no consultora. Sin embargo, acumula varios anti-ICP: (1) la internacionalización es aspiracional y se canaliza a través de distribuidores/gestores externos en Perú y Colombia, sin comerciales propios ni country managers; (2) el canal de venta en España es también indirecto (red de instaladores y distribuidores autorizados, no venta directa al cliente final industrial); (3) el universo de compradores son instaladores/integradores/promotores inmobiliarios, no clientes industriales finales en múltiples países — universo estrecho y de canal; (4) el producto apunta a automatización de viviendas y edificios (building automation residencial/terciario), no a bienes de equipo industriales de ticket alto y ciclo largo; (5) con 64 empleados está por debajo del mínimo recomendado (80). En conjunto, el perfil no encaja con el patrón ICP de Neety (exportador industrial con venta directa, universo amplio de compradores finales, bienes de equipo de alto ticket).","Fabricante de producto propio (equipos electrónicos de control) desde 1994, no puro integrador ni consultora de servicios | Industria clasificada como Appliances, Electrical and Electronics Manufacturing — componente de fabricación real | Presencia documentada de exportación a Ecuador (registros ImportGenius)",https://www.isde-ing.com/company/ | https://www.eoi.es/sites/default/files/savia/documents/componente48582.pdf | https://www.importgenius.com/ecuador/suppliers/isde-ing | https://es.linkedin.com/company/isde-sl
Resto/Andalucía,Ximenez Group,Andalucía,125,Electric Lighting Equipment Manufacturing,C,"Ximenez Group es la mayor instaladora europea de iluminación festiva y decorativa, con clientes principalmente municipios y administraciones públicas (+200 ciudades en España). Aunque exporta a +50 países y tiene presencia internacional real, su modelo es de proyectos de instalación para sector público vía licitación, no venta directa B2B a empresas industriales privadas. El universo de compradores es institucional y concentrado (ayuntamientos), opuesto al perfil ICP de Neety que requiere muchos clientes finales privados en mercados globales. No es fabricante industrial de producto exportable en el sentido de maquinaria/bienes de equipo/automatización. Perfil más cercano a instaladora/constructora especializada que a empresa industrial exportadora.","Internacionalización activa: presencia en +50 países y 5 continentes, subsidiaria en Francia, expansión declarada a USA, México, UK y Oriente Medio (2024) | 125 empleados — en el rango sweet spot ICP (80-150) | Herramienta tecnológica propia (Xmart Analytics, 2025) — señal de innovación de producto | Exportaciones representan 20-25% de facturación, con objetivo de crecimiento anual",https://www.prnewswire.com/news-releases/ximenez-aims-to-increase-international-business-with-focus-on-us-mexico-other-markets-302048093.html | https://grupoximenez.com/decorative-lighting-company/about-ximenez-group/group-of-companies | https://www.cordobabn.com/articulo/economia/ximenez-group-desarrolla-herramienta-inteligente-medir-impacto-iluminacion-decorativa/20250523101639225790.html | https://ximenez.com/lighting-company/ximenez-group
Resto/Madrid,Global Hybrid Orthodontics (Geniova),Madrid,66,Medical Equipment Manufacturing,C,"Fabricante de dispositivos médicos dentales (alineadores híbridos con patente propia), no empresa industrial en el sentido del ICP de Neety. El sector dental/MedTech B2B a clínicas no es el patrón objetivo (maquinaria, bienes de equipo, automatización, componentes industriales). La internacionalización es aspiracional: el rebrand a 'Global Hybrid Orthodontics' se produjo en marzo 2026 y la expansión a USA estaba pendiente de FDA, sin evidencia de ventas consolidadas en múltiples mercados. El canal de venta en dental suele ser a través de distribuidores de material dental, no fuerza de ventas directa propia. El universo de compradores (clínicas dentales) podría ser amplio en teoría, pero sin confirmación de modelo directo ni de que tengan equipo comercial internacional propio. Con 66 empleados y producto centrado en España, no encaja en el patrón de exportador industrial consolidado que busca Neety.","Fabricante de producto con patente propia (tecnología híbrida + impresión 3D), no consultora ni integrador | Rebrand internacional a Global Hybrid Orthodontics (marzo 2026) señala vocación de expansión | 66 empleados dentro del rango de tamaño del ICP | Sector MedTech de dispositivos con cierta barrera tecnológica",https://www.eleconomista.es/branded-content/noticias/13815987/03/26/global-hybrid-orthodontics-el-grupo-geniova-reorganiza-su-oferta-y-estrena-marca-internacional.html | https://www.ciobulletin.com/magazine/geniova-innovator-with-patented-dental-solutions | https://www.medicaltechoutlook.com/geniova | https://www.crunchbase.com/organization/geniova
Oculta/Logistica,AR Racking | Storage Solutions,España,274,"Transportation, Logistics, Supply Chain and Storage",A,"AR Racking es un FABRICANTE puro de sistemas de almacenamiento y estanterías industriales, con planta de producción automatizada de +35.000 m² en Zamudio (Bizkaia). Pertenece a Grupo Arania (acero desde 1940, +800 empleados). Exporta más del 85-90% de su producción con presencia comercial en +65 países. El universo de compradores es amplísimo (cualquier empresa con almacén: industria, distribución, logística, retail, automoción, etc.). Venta directa con proyectos a medida, cálculo estructural incluido y ciclo largo. Está citada explícitamente como empresa del perfil ICP en el brief de Neety. Encaje casi perfecto en la categoría INTRALOGISTICA/MANUTENCION.","FABRICANTE con planta de producción automatizada de +35.000 m² en Zamudio, Bizkaia (fuente: ar-racking.com, 2026) | Tasa de exportación superior al 85-90% con presencia comercial en más de 65 países (fuente: LinkedIn company summary + ar-racking.com, 2026) | Pertenece a Grupo Arania, +800 empleados en el grupo, con más de 80 años fabricando acero (fuente: grupoarania.com, 2026) | 274 empleados en LinkedIn, tamaño dentro del rango ICP 80-1000 | Universo de compradores amplísimo: cualquier empresa con necesidades de almacenamiento industrial (logística, industria, distribución, automoción, farmacia, alimentación, etc.) | Productos de ticket alto y ciclo largo: estanterías a medida, sistemas de almacenamiento automatizado, requieren cálculo estructural e instalación | Centro de I+D+i y laboratorio propio de investigación y ensayos (fuente: ar-racking.com, 2026) | Citada explícitamente como empresa tipo ICP en el brief de verificación de Neety",https://www.ar-racking.com/us/ar-racking/enterprise/ | https://www.grupoarania.com/grupo | https://www.linkedin.com/company/ar-racking | https://www.europages.es/AR-RACKING-STORAGE-SOLUTIONS/00000005427307-764551001.html
Oculta/Logistica,ATOX | Sistemas de Almacenaje,España,70,"Transportation, Logistics, Supply Chain and Storage",A,"ATOX es FABRICANTE de estanterias metalicas y sistemas de almacenaje automatizado (transelevadores, miniload, radio shuttle, pick-to-light, conveyors) con producto propio — no operador ni 3PL. Con 50+ anos de historia y sede en Gijon, exporta activamente a mas de 10 paises en Europa y Latinoamerica desde hace 25+ anos. Universo de compradores amplio: cualquier empresa industrial, retailer o e-commerce con necesidad de almacen mediano-grande es cliente potencial. Ticket alto y ciclo largo por naturaleza del producto (almacenes automaticos/autoportantes de hasta 30 m). Venta directa con red propia por paises. Encaja perfectamente en el perfil ICP de Neety: industrial fabricante, exportador, compradores amplios, venta directa, ticket alto.","FABRICANTE de estanterias metalicas y almacenes automaticos (transelevadores, miniload, radio shuttle, pick-to-light) — producto propio confirmado en web corporativa atoxgrupo.com (2025) | Exportacion activa a Francia, Portugal, Paises Bajos, Costa Rica, Peru, Panama, Guatemala, El Salvador, Nicaragua, Republica Dominicana, Costa de Marfil — mas de 25 anos de presencia internacional (atoxgrupo.com) | Sello PYME Innovadora por su linea ATOX Technological Solutions de automatizacion avanzada (atoxgrupo.com, 2024) | ~70 empleados segun LinkedIn — tamano PYME industrial tipico ICP | Clientes en sectores muy diversos (distribucion, manufactura, e-commerce, logistica urbana) — universo de compradores amplio | Almacenes autoportantes hasta 30 m de altura: proyecto de alto ticket y ciclo largo implicito",https://atoxgrupo.com | http://www.atoxgrupo.com/website/noticias/estanterias-metalicas-desarrollo-internacional | https://es.linkedin.com/company/atox-sistemas-de-almacenaje-s-a- | https://www.idepa.es/detalle-empresa/-/asset_publisher/UA8FfgPWaKlm/content/atox-sistemas-de-almacenaje-s-a-
Oculta/Telecom,ACORDE Technologies,España,62,Telecommunications,A,"ACORDE Technologies es exactamente el tipo de fabricante que busca Neety: diseña y fabrica subsistemas y componentes de RF (BUCs, SSPAs, LNBs, transceptores, convertidores de frecuencia) para comunicaciones satelitales y microondas, tanto en segmento espacial (ground segment) como defensa y telecomunicaciones. No es operadora ni carrier: es fabricante de hardware de alta complejidad tecnológica. El 70% de sus ingresos proviene del exterior, opera con clientes en los 5 continentes y cuenta con representantes locales en todo el mundo. Con 62-65 empleados y facturación superior a 11 millones de euros, encaja en el rango de PYME industrial exportadora. El universo de compradores es amplio (operadores satelitales, agencias espaciales, defensa, telecomunicaciones, científico), el ticket es alto y el ciclo de venta es largo dado el componente tecnológico y regulatorio del sector. Premiada como PYME del Año 2025 de Cantabria y finalista al premio nacional, lo que confirma trayectoria sólida de crecimiento e innovación.","FABRICANTE confirmado: 'designer & manufacturer of subsystems and components for Satellite and Microwave Communications' (LinkedIn summary, 2025) | 70% de ingresos procedentes del exterior — exportadora real (Cámara de Comercio Cantabria / acorde.com, 2025) | Clientes en los 5 continentes y presencia en USA y Europa (acorde.com, 2025) | Producto de alto valor tecnológico: BUCs, SSPAs, LNBs, Transceivers, Frequency Converters, Synthesizers en bandas C/X/Ku/Ka (acorde.com) | Sectores destino: Space (ground segment), Defensa, Telecom comercial — universo de compradores amplio y diverso | 62-65 empleados, facturación >11M€ — PYME industrial en rango ICP (Cámara Cantabria, 2025) | Premio PYME del Año 2025 de Cantabria + finalista Premio Nacional PYME del Año 2025 (SODERCAN / Cámara Cantabria, 2025) | Fundada en 1999, 25 años de historia — negocio consolidado con ciclo de venta largo implícito en defensa/espacio",https://www.acorde.com/acorde-technologies-recibe-el-premio-pyme-del-ano-2025-de-cantabria-por-su-apuesta-por-la-innovacion-y-el-empleo-de-calidad/ | https://camaracantabria.com/notas-de-prensa/acorde-technologies-pyme-del-ano-2025-de-cantabria/ | https://camaracantabria.com/institucional/acorde-finalista-al-premio-nacional-pyme-del-ano-2025/ | https://www.acorde.com | https://es.linkedin.com/company/acorde-technologies
Oculta/Logistica,ULMA Handling Systems,España,345,"Transportation, Logistics, Supply Chain and Storage",A,"ULMA Handling Systems es fabricante propio de sistemas de intralogística automatizada (transelevadores para palets/Unit Load, conveyors, AGV/LGV, STV) bajo el Grupo ULMA cooperativa vasca. No es operador/3PL: diseña, fabrica e instala equipos propios. Exporta activamente a Francia, Portugal, Italia, Brasil, Argentina, Chile, Colombia, Israel, India, Indonesia y otros. Sus clientes son distribuidores y fabricantes que necesitan almacenes automáticos — universo de compradores amplio. Ticket alto (proyectos de automatización de almacén) y ciclo de venta largo. 345 empleados, 30+ años de experiencia, 400+ instalaciones. Colaboración estratégica con DAIFUKU (líder mundial). Es exactamente el perfil mencionado como ejemplo positivo en el brief ICP de Neety.","Fabricante propio de transelevadores (Unit Load), conveyors, AGV/LGV y STV — líneas de producto propias publicadas en web (2024) | Más de 400 instalaciones en España, Portugal, Francia, Israel, Brasil, Argentina y Latam — exportación activa documentada | 345 empleados (LinkedIn 2024) — tamaño dentro del rango ICP ~80-1000 | Parte del Grupo ULMA cooperativa vasca — empresa industrial de capital propio, no filial de multinacional extranjera | Colaboración estratégica con DAIFUKU (líder mundial sector) para intercambio de equipos y sistemas (diariodelpuerto.com, 2024) | Clientes en sectores Distribución y Fabricación Automática — universo de compradores amplio, no concentrado | El propio brief ICP de Neety cita ULMA Handling como ejemplo de empresa que SÍ buscan",https://www.ulmahandling.com/en/discover-ulma-handling | https://www.ulmahandling.com/en/automated-intralogistics | https://www.ulmahandling.com/en/automated-intralogistics/system-unit-load | https://www.ulmahandling.com/en/automated-intralogistics/system-agv-lgv | https://www.daifuku.com/es/solution/intralogistics/sales-network/ulma-handling-systems/ | https://www.diariodelpuerto.com/logistica/ulma-handling-systems-constata-el-intenso-crecimiento-de-la-intralogistica-robotizada-ID21552831
Oculta/Logistica,POLYPAL Storage Systems,España,108,"Transportation, Logistics, Supply Chain and Storage",A,"POLYPAL es fabricante industrial puro: diseña, manufactura e instala sistemas de almacenaje (racking, estanterías, almacenes automáticos AS/RS, entreplantas, taquillas). Tiene planta de producción propia en Iurreta (Bizkaia) y filiales en Alemania, Bélgica, Francia y Países Bajos, exportando a más de 30 países. Con 108 empleados y más de 115 años de historia, encaja en el tramo de tamaño ICP. Su universo de compradores es amplio (cualquier empresa industrial con necesidad de almacenaje), la venta es directa B2B con proyectos a medida de ticket alto y ciclo largo (diseño + ingeniería + instalación). Es exactamente el perfil de fabricante de sistemas/equipos industriales que busca Neety. De hecho figura como ejemplo explícito en la lista de referencia ICP (POLYPAL mencionado junto a Mecalux, AR Racking, ULMA Handling). La única reserva menor es que pertenece al Whittan Group (UK), lo que podría limitar autonomía en la decisión de compra de herramientas corporativas, aunque opera con marca y equipo comercial propios en España.","FABRICANTE con planta de producción propia en Iurreta (Bizkaia) — diseño, manufactura e instalación propios (LinkedIn summary, 2024) | Presencia internacional activa: filiales en Alemania, Bélgica, Francia y Países Bajos; clientes en +30 países (polypal.com, 2024) | Catálogo de producto amplio: racking paletizado, estanterías, almacenes automáticos AS/RS, entreplantas, taquillas — sistemas de alto valor de proyecto | 108 empleados — encaja en tramo 80-1000 del ICP | +115 años de actividad industrial; ISO 9001-2015 certificado 20 años; miembro SEMA y European Racking Federation | Mencionado explícitamente como empresa de referencia ICP en el brief de Neety (misma categoría que Mecalux, AR Racking, ULMA Handling)",https://www.linkedin.com/company/polypal | https://www.polypal.com/en/about-polypal/ | https://www.dnb.com/business-directory/company-profiles.polypal_storage_systems_sa.efd34c7cb5e34fc02f06da4f52b35512.html
Oculta/Logistica,DTA The Smart Move,España,230,"Transportation, Logistics, Supply Chain and Storage",A,"DTA The Smart Move es fabricante español de transportadores industriales pesados a medida (5-1000 t) y AGV/AMR para uso intralogístico en planta, con más de 45 años de historia. El 64% de sus ventas son exportación, principalmente a la UE, y ocupa el puesto 35 en el ranking nacional de exportadores de maquinaria específica. Sirve sectores como automoción, aeronáutica, siderurgia y astilleros con soluciones de ticket alto y ciclo largo de venta. El universo de compradores es amplio (cualquier industria pesada que mueva cargas en planta a nivel global). Encaja de lleno en el patrón ICP de Neety: fabricante de equipo/sistemas industrial, exportador activo, venta directa a cliente final, ticket alto, ciclo largo.","FABRICANTE confirmado: diseña y fabrica transportadores autopropulsados a medida y AGV para uso industrial (dta.es, 2025) | 64% de ventas son exportaciones, principalmente UE; posición 35 en ranking nacional de exportadores de maquinaria específica (cesce.es/iberinform.es, 2024) | Empleados: ~67-230 (LinkedIn: 230; Iberinform: 67 en último filing 2024) — rango compatible con empresa mediana industrial | Más de 45 años de historia fabricando maquinaria pesada para sectores automoción, aeronáutica, siderurgia, astilleros — ticket alto y ciclo largo estructural | Presencia en DirectIndustry con productos AGV de 30t y transportadores eléctricos multidireccionales — señal de marketing internacional activo | Actividad CNAE principal: fabricación de otra maquinaria para usos específicos (Iberinform, 2024)",https://www.dta.es/ | https://exportadores.cesce.es/exportaciones-dta-the-smart-move | https://www.iberinform.es/empresa/40014/dta-the-smart-move | https://www.directindustry.com/prod/dta/product-37720-2078943.html | https://www.agvnetwork.com/agv-producers/spain-agv-and-autonomous-mobile-robots-manufacturers
Oculta/Oil&Gas,ULMA Forged Solutions,España,186,Oil and Gas,A,"ULMA Forged Solutions es un fabricante puro de componentes forjados de alta especificacion (bridas, fittings, piezas OEM) en acero al carbono, inoxidable, duplex, Inconel y titanio. Fundada en 1962, con 186 empleados y sede en Oñati (Pais Vasco). Exporta el 98% de su produccion a mas de 80 paises en cinco continentes, con facturacion superior a 120 M EUR. Tiene oficinas comerciales en EEUU, Corea y Dubai. Sus clientes son constructores de plantas, EPCs, OEMs y operadores en oil&gas, petroquimica, aeronautica, nuclear y generacion de energia — universo de compradores amplio y diversificado. Los productos son de alto ticket (materiales especiales, certificaciones ASME/API, bridas a medida) con ciclo de venta largo. Encaja perfectamente con el patron ICP de Neety: fabricante industrial exportador con necesidad real de inteligencia comercial por senales de proyecto (proyectos de plantas, licitaciones EPC, expansiones industriales).","FABRICANTE de bridas y componentes forjados de alta especificacion — no operador ni servicio (web 2025) | Exporta 98% de produccion a mas de 80 paises en 5 continentes (SPRI / ulmaforge.com) | Facturacion superior a 120 M EUR anuales (ulmaforge.com) | 186 empleados segun LinkedIn Sales Navigator (pool_gap.json) | Dos plantas productivas en Pais Vasco (Oñati y Lazkao) con capacidad de 100.000 t de forja (ulmaforge.com) | Oficinas comerciales propias en EEUU, Corea y Dubai — venta directa internacional (ulmaforge.com) | Clientes en oil&gas, petroquimica, aeronautica, naval y nuclear — universo de compradores amplio (ulmaforge.com) | Productos certificados ASME/ASTM/API — ticket alto y ciclo largo tipico de proyectos industriales (ulmaforge.com) | Miembro del Grupo ULMA cooperativa vasca — empresa independiente, no filial de multinacional extranjera (Wikipedia)",https://www.ulmaforge.com/en/ | https://www.ulmaforge.com/en/about-us/ | https://www.spri.eus/es/tecnologia-comunicacion/ulma-forged-solutions-lider-mundial-en-bridas-en-ee-uu-y-oriente-medio/ | https://blog.projectmaterials.com/suppliers/ulma-forja-s-coop-ulma-forged-solutions/ | https://en.wikipedia.org/wiki/ULMA_Group
Oculta/Logistica,ELECTRANS (Electrosistemas Bach S.A.),España,235,Rail Transportation,A,"ELECTRANS es FABRICANTE de equipos y sistemas de señalización ferroviaria (pasos a nivel, señales LED, detección de trenes, sistemas ATP/ATC), no operador ferroviario. Fundada en Barcelona en 1977, con ~235 empleados y presencia en 5 continentes. Exporta activamente: instalaciones en Camerún, Egipto (80 pasos a nivel, 3,5M€), y más de 10.000 unidades operativas en servicio en todo el mundo. Sus compradores son operadoras ferroviarias, administradores de infraestructura y consorcios (CAF, Hitachi Rail, Adif, etc.) — universo amplio y diversificado. Venta directa a clientes finales confirmada (contrato propio con Camerún, Egipto). Ticket alto y ciclo largo propios del sector ferroviario. Encaja perfectamente en el patrón FABRICANTE de bien de equipo industrial exportador que busca Neety.","FABRICANTE de sistemas de señalización ferroviaria desde 1977 — pasos a nivel, señales LED, detección de trenes (electrans.es/about-us) | Más de 10.000 unidades operativas en servicio a escala mundial (búsqueda 2026) | Presencia activa en 5 continentes con empleados internacionales (~235 según LinkedIn) | Contrato en Egipto: 80 pasos a nivel por 3,5M€ — ticket alto, venta directa (ElEconomista feb-2026) | Contrato en Camerún: 6 pasos a nivel — expansión Africa (búsqueda 2026) | Partícipe junto a CAF y Hitachi Rail en proyecto de 30M€ para actualizar seguridad ferroviaria en Mallorca (ElEconomista feb-2026) | Exhibidor en Rail Live 2025 — presencia comercial activa en ferias internacionales | Reconocida por CEPYME500 como empresa industrial mediana destacada española",https://www.electrans.es/en/about-us/ | https://railmarket.com/eu/profile/electrosistemas-bach-s-a | https://www.eleconomista.es/transportes-turismo/noticias/13781368/02/26/caf-hitachi-rail-y-electrans-actualizaran-el-sistema-de-seguridad-de-los-trenes-de-mallorca-por-30-millones.html | https://www.cepyme500.com/es/empresa/electrosistemas-bach | https://magazine.mafex.es/electrosistemas-bach-electrans-hall-25-stand-255/ | https://suppliers.catalonia.com/detail/electrosistemas-bach/4137
"Oculta/Oil,Gas&Mining",AMPO,España,625,"Oil, Gas, and Mining",A,"AMPO es un fabricante industrial de manual: produce válvulas de alta ingeniería y castings en acero inoxidable y aleaciones especiales desde 1964 en Idiazabal (Gipuzkoa). No es operador Oil&Gas — es el fabricante de equipo que vende a las operadoras y EPCs de todo el mundo. Exportador masivo (el mayor exportador de válvulas de acero inoxidable de España según datos de envíos), con clientes directos como Aramco, ExxonMobil, Qatar Energy, Hyundai, Técnicas Reunidas en Oil&Gas, LNG, refinería, minería y nuclear. Facturación ~285M€ (2025), 625 empleados, venta directa a cliente final industrial con ticket alto (proyectos grandes de infraestructura energética) y ciclo de venta largo. Universo de compradores muy amplio: EPCs, operadoras petroleras, plantas de LNG, refinerías, proyectos nucleares y mineros a nivel global. Encaja perfectamente en el patrón ICP de Neety: fabricante industrial exportador con necesidad de inteligencia de señales de proyectos internacionales.","FABRICANTE de válvulas de alta ingeniería y castings en acero inoxidable desde 1964 — planta propia en Idiazabal con 45.000m² y capacidad 1.110 t/mes (ampo.com, 2025) | Mayor exportador de válvulas de acero inoxidable de España — 28 envíos registrados en ImportGenius, por encima de competidores (ImportGenius, 2025) | Acuerdo marco firmado con Saudi Aramco para suministro de válvulas y servicios — presencia en Arabia Saudí desde 1998 con +20.000 válvulas suministradas (ampo.com, 2025) | Clientes directos de primer nivel: ExxonMobil, Qatar Energy, Hyundai, Técnicas Reunidas — venta directa confirmada (búsqueda, 2025) | Facturación estimada ~285M€ en 2025 (+10,46% vs año anterior) — ticket alto y crecimiento sostenido (Crónica Vasca / ADEGI, marzo 2025) | 625 empleados (LinkedIn) — tamaño mid-market dentro del rango ICP | Sectores Oil&Gas, LNG, refinería, minería, nuclear — exactamente los sectores donde se buscan fabricantes de equipo de alto valor | Inversión activa: nuevo taller de mecanizado de 12.500m² en construcción (ampo.com, 2025)",https://www.ampo.com/about-us/ | https://www.ampo.com/es/ampo-poyam-valves-firma-con-aramco-un-acuerdo-marco-para-el-suministro-de-valvulas-y-servicios-de-alto-valor-tecnologico/ | https://www.importgenius.com/suppliers/ampo-poyam-valves | https://cronicavasca.elespanol.com/empresas/20250507/ampo-suministro-de-la-industria-petrolera-india/1003742655183_0.html | https://www.adegi.es/adegi/noticia-empresas-guipuzcoanas-n-197-marzo-202503/
Oculta/Logistica,Esnova Racks,España,143,Warehousing,A,"FABRICANTE confirmado de sistemas de almacenaje industrial (racking, transelevadores, sistemas satélite, cantilever). CNAE 2511 — fabricación de estructuras metálicas. Exporta a 42 países en 5 continentes; 60% del negocio es internacional (Alemania, UK, Francia, Oriente Medio, América). ~230 empleados (2025). Clasificada como 2ª empresa nacional y 6ª mundial en su categoría. Universo de compradores amplísimo (alimentación, farmacia, madera, textil, transporte, industria general). Ticket alto y ciclo de venta largo propio de proyectos de automatización de almacén. Encaja de lleno en el patrón ICP tipo AR Racking / POLYPAL / Mecalux que busca Neety.","FABRICANTE con CNAE 2511 (fabricación estructuras metálicas) confirmado por Iberinform y registros mercantiles | Exporta a 42 países, 5 continentes; 60% facturación internacional (Revistalogistec, 2021) | Proyectos de automatización ejecutados en USA, Países Bajos, España, UK, Portugal, Rep. Checa e Indonesia | 230 empleados (2025) — tamaño mid-market dentro del rango ICP | 2ª empresa nacional y 6ª mundial en fabricantes de sistemas de almacenaje (Revistalogistec) | Más de 50 años de know-how en diseño y fabricación de Storage Systems (LinkedIn/esnova.com) | Filial de software propia (Esnova Racks Software SL) indica producto propio + integración, no servicio puro",https://esnova.com/es/esnova/ | https://esnova.com/en/ | https://www.revistalogistec.com/index.php/2021/05/13/esnova-racks-se-expande-y-aterriza-en-america/ | https://www.iberinform.es/empresa/506312/esnova-racks | https://www.empresia.es/empresa/esnova-racks/
"Oculta/Oil,Gas&Mining",MTG (Metalogenia SA),España,360,Mining,A,"MTG (Metalogenia SA) es un fabricante industrial puro: diseña y produce sistemas de desgaste y protección (GET) para maquinaria de minería, construcción y dragado. Tiene fundición propia en Monzón (España), llevan operando desde 1957, y exportan a más de 60 países con oficinas propias en Australia, Chile, EE.UU. y Corea del Sur y más de 300 distribuidores. Sus clientes son OEMs (Caterpillar, Komatsu, Liebherr, Hitachi) y operadores de maquinaria a nivel global, lo que implica un universo de compradores muy amplio. El ticket es alto (componentes de ingeniería de desgaste para equipos pesados) y el ciclo de venta es largo al tratarse de homologaciones técnicas con grandes OEM y flotas mineras. Encaja de lleno en el patrón fabricante-exportador-ICP de Neety.","FABRICANTE con fundición propia en Monzón (España) — planta de >12.000 m² inaugurada en 2013 (mining-technology.com) | Exportación activa a 60+ países con oficinas en Australia, Chile, EE.UU. y Corea del Sur (mtgcorp.com, consultado 2026) | Más de 300 distribuidores globales en Europa, África, Oriente Medio, Norteamérica, Oceanía, Sudamérica y Asia (mtgcorp.com) | Clientes OEM directos: Caterpillar, Komatsu, Liebherr, Hitachi — ventas directas a fabricantes de maquinaria pesada (mtgcorp.com/en/oems) | ~360 empleados (LinkedIn HQ España), dentro del rango 80-1000 ICP | Fundada en 1957, gestión independiente y privada — sin dependencia de multinacional extranjera (about MTG) | Productos de alto valor añadido: sistemas tooth-adapter, shrouds, lips para excavadoras, cargadoras, dragas",https://www.mtgcorp.com/ | https://mtgcorp.com/about | https://mtgcorp.com/en/oems | https://mtgcorp.com/en/product-manufacturing | https://www.mining-technology.com/contractors/bearings-machine-parts/mtg/ | https://www.dredgepoint.org/dredging-database/in-the-picture/mtg-protection-systems-and-wear-parts-get-earthmoving-machinery
Oculta/Telecom,FERMAX Global,España,118,Telecommunications,A,"FERMAX es un fabricante industrial puro: diseña y fabrica videoporteros, sistemas de control de acceso y soluciones conectadas desde 1949 con dos centros de producción propios en Valencia. Exporta a más de 85 países a través de 7 filiales internacionales propias y 4 oficinas de representación; facturación ~90M€ (2025). Su universo de compradores es amplio —promotoras, constructoras, instaladores, integradores, facility managers en todo el mundo— y cada proyecto de edificio o urbanización implica ciclos de venta largos y ticket elevado. Reciente entrada de Ardian como socio mayoritario indica ambición de crecimiento internacional acelerado, lo que aumenta la necesidad de inteligencia comercial por señales. La categoría LinkedIn ""Telecom"" es un falso positivo: no es operadora sino fabricante de equipos de comunicación/seguridad para el sector de la construcción.","Fundada 1949, dos centros productivos propios en Valencia — fabricante confirmado, no operador (ficha LinkedIn 2025) | Presente en más de 85 países con 7 filiales internacionales propias y 4 oficinas de representación (web fermax.com 2025) | Facturación consolidada >90M€ en 2025; >83M€ en 2024 — escala media-alta compatible con ICP | 550+ empleados (75 en I+D) — tamaño dentro del rango ~80-1000 del ICP | Adquisición de S-Labs (Polonia) en 2025 — expansión internacional activa, señal de proyecto | Ardian (PE) como socio mayoritario desde finales 2025 — presión de crecimiento que genera necesidad de inteligencia comercial | Universo de compradores amplio: promotoras, instaladores, integradores, administradores de fincas en todo el mundo",https://www.fermax.com/intl-es/sobre-fermax/actualidad/fermax-inicia-una-nueva-etapa-con-ardian-como-socio-mayoritario | https://valenciaplaza.com/valenciaplaza/tierra-de-empresas/fermax-invierte-en-la-empresa-polaca-s-labs-para-potenciar-la-integracion-de-la-eficiencia-energetica-del-hogar-en-sus-soluciones-de-videoportero | https://fermax.com/spain
Oculta/Telecom,Teltronic,España,397,Telecommunications,A,"Teltronic es un FABRICANTE puro de equipos y sistemas de comunicaciones de misión crítica (infraestructura TETRA, terminales LTE/5G, equipos embarcados ferroviarios, centros de control). Con sede en Zaragoza y más de 50 años de historia, diseña y produce hardware propio — no es operadora ni carrier. Exporta a más de 60 países con más de 500 sistemas instalados, subsidiarias propias en EE.UU./Canadá (PowerTrunk), Colombia, Perú, Brasil, México, Singapur y Dubai. Sus clientes son fuerzas de seguridad, metros, ferroviarias, minería e infraestructura crítica industrial — universo de compradores amplio y diverso. El ticket y el ciclo de venta son elevados (sistemas de infraestructura de red completos). Encaja perfectamente en el patrón ICP Neety: fabricante industrial español de equipo/sistemas, exportador global, venta directa, ciclo largo.","FABRICANTE declarado: 'design and manufacturing of mission-critical radio communications equipment and systems' (LinkedIn summary, 2025) | Más de 500 sistemas instalados en 60 países — exportador global consolidado | Subsidiarias propias en EE.UU./Canadá (PowerTrunk), Colombia, Perú, Brasil, México, Singapur y Dubai — estructura comercial internacional directa | 397 empleados — tamaño mid-market dentro del rango ICP (80-1000) | Portfolio de hardware propio: infraestructura TETRA, terminales LTE/5G, equipos ferroviarios, centros de mando — ticket alto, ciclo largo | Adquisición por Amper (grupo tecnológico español) en 2025/2026 — señal de crecimiento y expansión | Clientes en minería, movilidad, infraestructura crítica — sector industrial, universo de compradores amplio",https://www.teltronic.es/en/about-us/ | https://www.criticalcommunicationsreview.com/ccr/news/118701/amper-to-acquire-teltronic-from-nazca | https://urgentcomm.com/land-mobile-radio/hytera-communications-sells-powertrunk-parent-company-teltronic | https://www.nbmcw.com/interviews/teltronic-powering-mission-critical-communications-across-mining-mobility-critical-infrastructure.html
Oculta/Oil&Gas,Samson Ringo,España,99,Oil and Gas,A,"Samson Ringo es un FABRICANTE de válvulas industriales (bola, mariposa, control) para aplicaciones críticas en Oil&Gas, Petroquímica, Energía e Gas Industrial. Con sede en Zaragoza, exporta más del 75-80% de su producción a más de 90 países — es de hecho el 1er exportador español de válvulas. Filial de Samson AG (Alemania), pero opera como centro de fabricación y ventas autónomo en España. Sus clientes son plants industriales, refinería, centrales nucleares y petroquímicas en todo el mundo — universo de compradores amplio y global. Producto de alto valor, proyectos de larga duración y certificación exigente. Encaja perfectamente en el patrón FABRICANTE ICP: industrial, exportador, ticket alto, ciclo largo, venta directa a cliente final. El único matiz es ser subsidiaria de multinacional extranjera (Samson AG, Frankfurt), lo que puede limitar autonomía comercial/marketing, pero el equipo de ventas y la decisión comercial parecen locales en Zaragoza.","FABRICANTE de válvulas industriales para Oil&Gas, Petroquímica, Energía — NO operador (ringospain.com, perfil LinkedIn) | Exporta +75-80% de producción a más de 90 países — 1er exportador español de válvulas (ringospain.com/company-profile) | Más de 10.000 válvulas instaladas en +30 plantas nucleares en 17 países — validación de presencia internacional (ringospain.com) | ~99 empleados en España según LinkedIn — tamaño mediana encajando en rango ICP 80-1000 | Aplicaciones críticas (severe-service, API 6A hasta 15.000 psig) → ticket alto y ciclo largo de proyecto | Establecida en 2000 en Zaragoza, con más de 30 años de experiencia acumulada del grupo Ringo",https://www.ringospain.com/company-2/company-profile/ | https://www.ringospain.com/ | https://www.dlouhytechnology.com/en/samson-group/samson-ringo | https://www.valveworldexpo.com/en/Media_News/News/Business_News_Archive/Ringo_V%C3%A1lvulas_joins_SAMSON_GROUP
Oculta/Mining,REINOSA FORGINGS & CASTINGS SL,España,112,Mining,A,"FABRICANTE puro de grandes forjados y piezas de fundición de acero especial a medida (proceso integrado desde chatarra hasta producto acabado con mecanizado). Exporta a más de 50 países con el 63% de sus ventas en el exterior. Sus mercados son oil & gas, naval, generación eléctrica, minería, maquinaria pesada y defensa — todos compradores industriales B2B con ciclos largos y tickets unitarios muy altos (piezas de hasta 140 toneladas). El universo de cuentas objetivo es amplísimo: astilleros, OEMs de turbinas, plantas petroquímicas, fabricantes de prensas industriales en decenas de países. Encaja de pleno en el patrón ICP de Neety: fabricante industrial exportador con venta directa, ciclo largo y necesidad de inteligencia de señales para detectar proyectos en fase temprana.","FABRICANTE con proceso integrado acero-forja-fundición-mecanizado, no operador ni distribuidor (reinosafc.com, 2026) | Exporta a más de 50 países; 63% de ventas son exportaciones (reinosafc.com, 2026) | Sectores: oil & gas, naval, generación eléctrica, minería/cemento, maquinaria pesada, militar — universo de compradores muy amplio (reinosafc.com, 2026) | Piezas a medida de hasta 140 t en acero especial: ticket unitario muy elevado y ciclo de venta largo (reinosafc.com, 2026) | Más de 100 años de historia manufacturera; presencia en FUNDIGEX (asociación española de fundición exportadora) (fundigex.es, 2026) | Empresa listada como exportadora activa en CESCE Exportadores (cesce.es, 2026)",https://reinosafc.com/language/en/quienes-somos-en/ | https://www.fundigex.es/en/empresa/sidenor-aceros-especiales | https://exportadores.cesce.es/exportaciones-reinosa-forgings-castings | https://es.linkedin.com/company/reinosa-forgings-castings-sl
Oculta/Logistica,Liderkit,España,91,Transportation/Trucking/Railroad,A,"Liderkit es un fabricante industrial puro de carrocerías para vehículos distribuidas en kit, con sede en Guarromán (Jaén). Exporta el 56% de su producción a más de 70 países en cinco continentes, con Francia, Italia y Alemania como mercados clave. Facturación de 57,5 M€ en 2025, más de 10.300 unidades fabricadas ese año y plantilla de 270 personas (creciendo desde los 91 del perfil LinkedIn, probablemente datos desactualizados). Tiene plantas en España (153.500 m²) y Marruecos. Sus clientes directos son flotas de transporte, operadores logísticos, empresas de distribución y municipios — universo amplio de compradores B2B con ciclo de venta consultivo y ticket relevante. No es operador ni servicio: es el fabricante del bien de equipo. Encaja perfectamente con el patrón ICP de Neety.","FABRICANTE probado: más de 10.300 carrocerías fabricadas en 2025 (récord histórico), facturación 57,5 M€ (+6% YoY) — interempresas.net, 2025 | Exportador activo: 56,3% de la producción destinada a exportación, presencia comercial en más de 70 países en 5 continentes — es.investing.com, 2025 | Infraestructura industrial: planta principal de 153.500 m² en Guarromán (Jaén) + 24.000 m² en Marruecos — aionsur.com, 2025 | Plantilla en crecimiento: 270 empleados a cierre de 2025 (empresa mediana en expansión) | Universo de compradores amplio: vende a flotas de transporte, distribuidores, operadores logísticos y administraciones en mercados muy diversos | Homologaciones internacionales con grandes marcas de vehículos, lo que indica venta directa técnica y ciclo consultivo",https://www.interempresas.net/Camiones-transporte-carretera/632007-Liderkit-supera-10300-carrocerias-fabricadas-2025-eleva-facturacion-hasta-57-5-millones.html | https://es.investing.com/news/stock-market-news/la-empresa-liderkit-de-jaen-destina-a-la-exportacion-el-56--de-su-produccion-en-2025-3635909 | https://www.aionsur.com/liderkit-supera-las-10-300-carrocerias-fabricadas-en-2025-y-alcanza-una-facturacion-de-575-millones-de-euros/
Oculta/Logistica,bound4blue,España,97,Maritime Transportation,A,"bound4blue es FABRICANTE de sistemas de propulsión eólica (eSAIL®) — hardware propio que diseña, fabrica e instala sobre buques de terceros. No opera barcos ni presta servicios de transporte. Vende directamente a armadores/navieras (Maersk Tankers, Odfjell, Eastern Pacific Shipping, BW Epic Kosan…) con tickets altos y ciclos de venta largos. El universo de compradores es amplio: cualquier naviera del mundo que necesite reducir combustible y emisiones. Tiene presencia internacional activa (sede España, oficinas en Barcelona y Singapur, línea de producción en China desde 2025), ha cerrado el mayor contrato de propulsión eólica de la historia (20 eSAILs para Maersk Tankers, 2024) y acaba de levantar $44M (dic 2025). Con ~97 empleados está en el rango ICP. El sector es naval/marítimo, no manufactura terrestre clásica, pero el patrón fabricante-exportador-venta directa-ticket alto-ciclo largo encaja perfectamente con el ICP de Neety.","FABRICANTE de hardware propio: sistema eSAIL® de propulsión eólica suction-sail, no operador naviero (2021–2025) | Clientes directos: Maersk Tankers, Eastern Pacific Shipping, Odfjell, BW Epic Kosan, Louis Dreyfus, Marubeni (2024-2025) | Mayor contrato de propulsión eólica histórico: 20 unidades eSAIL para Maersk Tankers (2024) | Internacionalización activa: sede Cantabria, oficinas Barcelona y Singapur, producción en España y China (2025) | Ronda de $44M cerrada en diciembre 2025 — crecimiento comercial acelerado | Order book: 12 barcos adicionales en cartera, >50 eSAILs (2025) | ~97 empleados — dentro del rango ICP 80-1000 | Venta directa al armador final, sin distribuidores intermedios | Ticket alto + ciclo largo: contrato de instalación y validación técnica por buque",https://bound4blue.com/bound4blue-lands-us44m-from-investors-eyeing-wind-power-as-maritimes-most-scalable-solution-for-fuel-and-emission-cuts-today/ | https://bound4blue.com/esail/ | https://bound4blue.com/about/ | https://www.lr.org/en/knowledge/press-room/press-listing/press-release/2025/lr-validates-bound4blues-new-methodology-to-accelerate-wind-propulsion-adoption/ | https://bound4blue.com/bound4blue-targets-asian-growth-with-new-production-capabilities-and-partnerships-in-china/
Oculta/Logistica,INDCAR,España,85,Truck Transportation,A,"INDCAR encaja de forma sólida con el ICP de Neety. Es un fabricante industrial puro (carrocerías de minibús para pasajeros), exportador intensivo (90% de ingresos fuera de España), con una red de clientes fragmentada en más de 10 países europeos y una oferta de producto de alto valor unitario y ciclo de venta largo. La industria LinkedIn es 'Truck Transportation' porque fabrica vehículos, lo que explica por qué apareció en el pool de Logística, pero la actividad real es manufactura de equipo. Sin señales anti-ICP: no es operador, no es distribuidor ni instalador, no es filial de multinacional extranjera. La señal de expansión (nueva planta en Rumanía, oficinas en Italia y Francia) indica una empresa en modo de crecimiento internacional activo — momento ideal para inteligencia comercial por señales.","FABRICANTE de carrocerías de minibús desde 1888 en Arbúcies (Girona) — no operador ni servicio | Exportaciones representan ~90% de la facturación total (2025) | Facturación récord 67 M€ en 2025 (+46% vs 2024), 555 unidades producidas | Clientes en más de 10 países: Italia (60%), Francia (24%), España (10%), Bélgica, Islandia, Suecia | Dos plantas en España, una en Rumanía, oficinas comerciales en Italia y Francia — estructura comercial internacional propia | ~360 empleados; encaja en el rango 80-1000 empleados del ICP | Líder en la gama de minibuses más amplia de Europa (25-40 pax) — producto de ticket alto y ciclo de venta largo (vehículo especial B2B) | Venta directa a flotas de transporte público, operadores de turismo y empresas — universo de compradores amplio y fragmentado en Europa",https://carrilbus.com/indcar-alcanza-una-facturacion-record-de-67-millones-de-euros-en-2025-y-refuerza-su-liderazgo-en-europa | https://www.viaempresa.cat/es/territorio/carroceria-indcar-arbucies-crece-11-durante-2024-factura-50-millones_2211306_102.html | https://indcar.es/en/about-us/
Oculta/Utilities,Axial Structural Solutions,España,301,Solar Electric Power Generation,A,"Axial Structural Solutions es FABRICANTE de estructuras metálicas fijas y trackers solares para plantas fotovoltaicas — bien de equipo industrial de alta ingeniería, no operadora. Aunque su categoría LinkedIn es ""Utilities"", el negocio es manufactura y suministro de sistemas estructurales. Exporta el 60% de su producción, está presente en +26 países (Chile, Francia, UK, Brasil, Senegal, Kazajistán…) con oficinas propias en México, Chile, USA y Francia. Capacidad de producción 3,2 GW/año, 50.000 t de materia prima procesada anualmente. Más de 270 proyectos ejecutados y 1,5 GW instalados globalmente. Universo de compradores amplio: promotores/developers de parques solares, fondos de infraestructura, EPCs, utilities (como clientes compradores, no como operadora). Ticket alto y ciclo largo por naturaleza de los proyectos de gran escala. ~301 empleados. El falso ""Utilities"" de LinkedIn era trampa de categoría: es fabricante puro de equipo. Punto menor: pertenece a Grupo Alonso (grupo industrial español), pero opera como entidad autónoma con marca propia y no es filial de multinacional extranjera.","FABRICANTE de estructuras fijas y trackers fotovoltaicos — bien de equipo industrial (axialstructural.com, 2024) | Exporta 60% de producción total a mercados como Chile, Francia, Países Bajos, UK (pv-magazine.es, 2020) | Presencia en +26 países con proyectos ejecutados (grupo-alonso.com, 2024) | Oficinas propias en México, Chile, USA y Francia — estructura comercial internacional directa | Capacidad de producción 3,2 GW/año; 50.000 t materia prima/año — escala industrial real | Más de 1,5 GW diseñados, fabricados e instalados globalmente (review-energy.com, 2024) | Nueva planta de producción en Brasil (Bahía) con 8 proyectos contratados por 50 MW — expansión activa (grupo-alonso.com, 2024) | ~301 empleados según LinkedIn — tamaño dentro del rango ICP",https://www.axialstructural.com | https://grupo-alonso.com/empresas/axial/ | https://www.pv-magazine.es/2020/10/02/made-in-spain-axial-structural-solutions/ | https://www.review-energy.com/solar/brasil-y-chile-los-mercados-que-tiene-en-la-mira-axial-structural-solutions | https://grupo-alonso.com/axial-structural-solutions-avanza-en-su-expansion-internacional-con-un-nuevo-centro-de-produccion-en-brasil/
Oculta/Telecom,NAYAR Systems,España,89,Telecommunications,A,"NAYAR Systems es FABRICANTE de hardware IoT/M2M para el sector de la elevacion (ascensores): produce dispositivos fisicos propios — GSM Smart Router (primer dispositivo IoT para ascensores), Nearkey (control de acceso por Bluetooth/nube), Advertisim (pantalla con conectividad en cabinas), modulos M2M via su marca 72horas. No es operadora telecom ni carrier: usa conectividad como insumo para fabricar equipos inteligentes industriales. Con 89 empleados, presencia en 31 paises, oficina en Shanghai (2019), lider europeo en IoT para elevacion. Sus clientes son fabricantes de ascensores y empresas de mantenimiento en todo el mundo — universo de compradores amplio y fragmentado. Venta directa a fabricantes OEM y empresas de mantenimiento. Ticket alto (contratos de conectividad + hardware + licencia SaaS, ciclo de decision largo en B2B industrial). Encaja como fabricante de equipos/sistemas industriales exportador con venta directa — perfil muy alineado con el ICP de Neety.","FABRICANTE de hardware IoT propio: GSM Smart Router, Nearkey, Advertisim, modulos M2M 72horas (web corporativa, 2024) | Presencia en 31 paises — exportador global confirmado (nayarsystems.com/en/about-us/history/) | Oficina propia en Shanghai abierta en 2019 para expansion Asia-Pacifico (blog corporativo 2019) | Lider europeo en IoT para el sector de elevacion segun autodeclaracion y cobertura de prensa (ComputerWeekly, 2021) | ~89 empleados — tamano correcto para ICP Neety | Partner de PCCW Global para ampliar alcance IoT global (ComputerWeekly, 2021) | Clientes: fabricantes de ascensores y empresas de mantenimiento — universo de compradores amplio y fragmentado a nivel mundial | Modelo de negocio B2B directo: hardware + conectividad M2M + licencia SaaS por ascensor",https://www.nayarsystems.com/en/ | https://www.nayarsystems.com/en/about-us/history/ | https://www.nayarsystems.com/en/iot-solutions/ | https://www.computerweekly.com/news/252487590/PCCW-Global-furthers-global-IoT-reach-with-Nayar-Systems | https://www.nayarsystems.com/en/blog/company/nayar-systems-iot-technology-conquers-the-elevator-industry-in-the-asian-market/
Oculta/Logistica,CALVERA HYDROGEN,España,70,"Transportation, Logistics, Supply Chain and Storage",A,"Calvera Hydrogen es el único fabricante de hidrogeneras completas en España y el principal del sur de Europa. Diseña y fabrica de forma propia equipos de compresión, almacenamiento, transporte y dispensación de hidrógeno a alta presión — bien de equipo industrial de ciclo largo y ticket elevado. Exporta activamente a Polonia, Francia, Reino Unido, Israel, EAU, Colombia, Perú, Chile, México y Sudeste Asiático. Su universo de compradores es amplio: operadores de movilidad pesada, distribuidores de gas industrial, gestores de infraestructura energética, municipios. Vende directamente al cliente final. Con ~105 empleados y dos plantas en Zaragoza/Épila encaja en el tramo de empresa mediana. La única reserva es que el hidrógeno es un mercado emergente con ciclos de proyecto aún irregulares, pero el patrón fabricante-exportador-venta directa-ticket alto es sólido.","Único fabricante de hidrogeneras en España y principal del sur de Europa (AESSGAN, 2023) | Más de 40 años de experiencia en fabricación de equipos de compresión, almacenamiento y dispensación de hidrógeno a alta presión | Fabricando 8 nuevas hidrogeneras para clientes en España, Polonia, Francia y Reino Unido (2023) | Presencia internacional en Europa, Israel, EAU, Colombia, Perú, Chile, México y Sudeste Asiático | ~105 empleados en 2025; dos plantas productivas en Zaragoza y Épila | Plan estratégico de expansión hacia Europa continental, Reino Unido y EE.UU. | Clasificada en LinkedIn como industria de logística/transporte pero en realidad es fabricante de equipo — encaja en el patrón 'fabricante escondido en categoría de servicios'",https://aessgan.es/calvera-unico-fabricante-de-hidrogeneras-de-espana/ | https://www.calvera.es/es/calvera-hydrogen-esta-fabricando-8-nuevas-hidrogeneras-de-alta-capacidad-con-sus-sistemas-de-transporte-asociados-para-espana-y-europa/ | https://www.calvera.es/about-us/ | https://www.calvera.es/equipment/hydrogen/
Oculta/Logistica,PARCISA S.L.U.,España,89,Truck Transportation,A,"PARCISA es el primer fabricante español especializado exclusivamente en el diseño y fabricación de cisternas para vehículos pesados (acero inoxidable, aluminio, acero al carbono). Fundada en 1968, tiene 89 empleados en LinkedIn (otras fuentes apuntan a ~250 en pico de capacidad), instalaciones de 50.000 m² en Villarrobledo, facturación de ~25 M€ y capacidad de 400 unidades/año. Exporta activamente (tiene ""Delegado comercial Exportación"" en LinkedIn) con red internacional de soporte postventa. El producto —cisternas de transporte por carretera de alto valor unitario— implica ciclo de venta largo, ticket alto y un universo de compradores amplio (transportistas, operadores logísticos, empresas alimentarias, químicas, petroleras en toda Europa y terceros mercados). Es FABRICANTE, no operador de transporte. Encaja bien con el perfil ICP de Neety.","FABRICANTE puro: primer fabricante español especializado 100% en cisternas para vehículos pesados desde 1968 (parcisa.com, 2024) | Exportación activa: dispone de Delegado comercial de Exportación (LinkedIn, Said Ben Driss) y red internacional de soporte técnico en todos los países donde comercializa (parcisa.com) | Capacidad industrial significativa: 50.000 m² de instalaciones, capacidad de 400 unidades/año, facturación ~25 M€ (parcisa.com) | Universo de compradores amplio: clientes en transporte de alimentos, químicos, combustibles, asfalto, leche — múltiples sectores y geografías | Producto de alto valor/ciclo largo: cisternas de acero inoxidable/aluminio a medida para heavy-goods vehicles — ticket unitario alto, decisión compleja | 89 empleados en LinkedIn (rango ~80-1000 del ICP) | Pertenece al POLALSA GROUP, grupo industrial español con vocación exportadora",https://www.parcisa.com/ | https://www.parcisa.com/Company_en_13.html | https://es.linkedin.com/company/parcisa | https://www.linkedin.com/in/said-ben-driss-94817349/
Oculta/Logistica,MRC (MRC Engineering & Projects),España,87,"Transportation, Logistics, Supply Chain and Storage",A,"MRC es un FABRICANTE/integrador de sistemas de automatización intralogística (transelevadores miniload, conveyors, AMR/AGV, robots colaborativos, WMS propio) con sede en Tudela (Navarra) y ~87 empleados. No es un operador logístico ni 3PL: diseña, fabrica e instala sistemas. Exporta masivamente: el 70% de su actividad ya se realiza fuera de España, con presencia en más de 30 países, trabajando con multinacionales. Encaja en el patrón ULMA Handling/Smartlog. El universo de compradores es amplio (cualquier industria con almacén), vende directo al cliente final y el ticket es alto (proyectos de automatización de almacén, ciclo largo). La única duda menor es si la componente de ingeniería/integración predomina sobre fabricación propia de hardware, pero la descripción de productos propios (transelevadores, elevadores a medida, WMS propio) lo acerca más a fabricante que a puro integrador EPC.","FABRICANTE de sistemas intralogísticos (transelevadores miniload, conveyors, AMR/AGV, robots colaborativos, elevadores a medida) — mrcsoluciones.es | WMS propio ('Smart WMS') desarrollado internamente — mrcsoluciones.es/servicios | 70% de proyectos fuera de España, presencia en +30 países — navarracapital.es | Ingresos +75% entre 2016 y 2023 — navarracapital.es | ~87 empleados, sede en Tudela (Navarra) + Barcelona — LinkedIn/navarracapital.es | Más de 15 años de trayectoria en automatización intralogística (fundada ~2008) — mrcsoluciones.es | Proyectos con multinacionales en 30+ países: universo de compradores muy amplio — navarracapital.es",https://navarracapital.es/mrc-disena-y-automatiza-almacenes-en-mas-de-30-paises/ | https://www.mrcsoluciones.es/en/home-ingles/ | https://www.mrcsoluciones.es/servicios/
Oculta/Logistica,LMV (La Maquinista Valenciana),España,154,Maritime Transportation,A,"LMV es un FABRICANTE puro de equipos de ayudas a la navegación marítima (faros, balizas LED, boyas, sistemas de telemetría GAIAN, AIS/racon) desde 1914 en Paterna (Valencia). No es operador ni prestador de servicios: diseña, manufactura y suministra hardware especializado. Sus clientes son Autoridades Portuarias, Guardacostas y Administraciones de Señalización Marítima en más de 30 países y 5 continentes, lo que garantiza universo de compradores amplio y venta directa a organismos institucionales. Exportación consolidada (proyectos en Cabo Verde, Mauritania, México-Puerto Vallarta, Perú-Callao, Valencia Port, entre otros). Ticket alto y ciclo largo propios de licitación pública internacional. ~154 empleados según LinkedIn, dentro del rango ICP. Encaja perfectamente con el perfil fabricante de equipo/sistemas industriales exportador buscado por Neety.","FABRICANTE de equipos físicos: faros rotatorios, balizas LED, boyas, torres de navegación, sistema GAIAN de telecontrol y AIS — no operador (lmvsa.com, 2024) | Exporta a más de 30 países en 5 continentes — presencia en GlobalPorts, Devex y Europages como proveedor internacional (múltiples fuentes 2024) | Proyectos concretos: suministro de faros a Cabo Verde, licitación Mauritania (lancha), leading light Puerto Vallarta (México), modernización Puerto Callao (Perú) — señal de pipeline internacional recurrente | Miembro industrial de IALA/AISM desde 1982 — credencial de exportador técnico con estándar normativo internacional | ~154 empleados (LinkedIn), ~$5.8M revenue (ZoomInfo) — tamaño SME industrial dentro del rango ICP Neety | Fundada en 1880; negocio de señalización marítima desde 1914 — empresa española con tradición fabricante, no filial de multinacional extranjera | Ciclo de venta largo y ticket alto: proyectos de licitación pública internacional para autoridades portuarias y guardacostas",https://www.lmvsa.com/en/ | https://www.lmvsa.com/historia/ | https://www.europages.es/LA-MAQUINISTA-VALENCIANA/ESP195395-00101.html | https://www.globalports.com.ar/business-directory/lmv/ | https://www.devex.com/organizations/la-maquinista-valenciana-29628 | https://www.zoominfo.com/c/la-maquinista-valenciana-sa/356271986
Oculta/Telecom,TelevesCorporation,España,73,Telecommunications,A,"Televes es un fabricante industrial puro de equipos de telecomunicaciones (antenas, cabeceras MATV/SMATV, amplificadores, sistemas de distribución de señal para edificios y ciudades), fundado en 1958 en Santiago de Compostela, con tecnología propia (más de 200 patentes, 80%+ de productos con tecnología propietaria). Exporta a más de 100 países a través de 10 filiales internacionales (Europa, EE.UU., China, EAU); desde 2013 las exportaciones superan el 50% de la facturación. Grupo de más de 20 empresas con ~900 empleados y ~89 M€ de facturación (2024). Vende directamente a instaladores, integradores y distribuidores especializados — universo de compradores amplio. Encaja perfectamente en el patrón de FABRICANTE de equipo/sistemas telecom que buscamos. El único matiz es que atraviesa una reestructuración interna (ERE 10% plantilla en 2025) por caída estructural del mercado de TV-distribución, lo que puede condicionar el momento de compra, pero no invalida el perfil ICP.","Fabricante de equipos de telecomunicaciones (antenas, cabeceras MATV/SMATV, amplificadores RF) — 100% made in Spain desde 1958 | Más de 200 patentes y modelos de utilidad internacionales; 80%+ de productos con tecnología propia (fuente: televescorporation.com) | Exporta a más de 100 países; 10 filiales internacionales (Portugal, Francia, UK, Italia, Alemania, Polonia, Escandinavia, EE.UU., China, EAU) | Desde 2013 las exportaciones superan el 50% de la facturación total | Grupo con más de 20 empresas industriales y ~900 empleados | Facturación ~89 M€ en 2024 — ticket y ciclo propios de venta técnica B2B | Universo de compradores amplio: instaladores, integradores, operadores de edificios, constructoras, administraciones en todo el mundo",https://televescorporation.com/corporativo/corporacion/ | https://es.wikipedia.org/wiki/Telev%C3%A9s | https://www.televes.com/es/sobre-nosotros | https://www.elespanol.com/quincemil/santiago/20250306/televes-presentara-ere-extintivo-trabajadores-santiago-oroso/929157665_0.html
Oculta/Telecom,ELECTROSON TELECOMUNICACION,España,121,Telecommunications,A,"ELECTROSON TELECOMUNICACION es FABRICANTE de elementos pasivos para redes de fibra optica (FTTH) y redes metalicas: cajas terminales opticas, cables de acceso optico, conectorizacion, elementos de dispersion y distribucion. Estructura de fabricacion vertical propia (diseño, utillaje, moldes, inyeccion de plastico, ensamblaje, fabricacion de cable). Fundada en 1995 en Madrid, 121 empleados, 30 años de experiencia. Exporta activamente a Iberoamerica (Brasil, Colombia, Mexico, Argentina, Chile, Peru, Venezuela, Cuba, Paraguay), Europa (Portugal, Moldavia, Alemania) y Norte de Africa (Marruecos). Universo de compradores amplio: operadoras telecom, utilities, instaladores/contratistas de red, distribuidores mayoristas en multiples paises. Venta directa a proyectos de despliegue de red FTTH. Ticket alto y ciclo largo tipico de proyectos de infraestructura telecom. Encaja perfectamente en el patron ""FABRICANTE de equipo/sistemas escondido en categoria Telecom"".","FABRICANTE con estructura vertical propia: diseño, moldes, inyeccion plastico, ensamblaje, fabricacion cable optico (web corporativa 2026) | Exporta a +15 paises en Iberoamerica, Europa y Norte de Africa — internacionalizacion desde los origenes (web corporativa 2026) | 121 empleados en LinkedIn — tamaño mid-market correcto | 30 años de experiencia en el sector (fundada 1995) | Producto: elementos pasivos FTTH y red metalica — bien de equipo, no servicio | Presencia en CEPYME500 — empresa media relevante en España (2026) | Web en ingles disponible — orientacion exportadora",https://www.electrosonteleco.com/ | https://www.electrosonteleco.com/que-hacemos/ | https://es.linkedin.com/company/electroson-telecomunicacion | https://www.cepyme500.com/en/empresa/electroson-telecomunicacion-sa-1
Oculta/Logistica,CENTUM Research & Technology,España,119,Airlines and Aviation,A,"CENTUM Research & Technology (Vigo) es FABRICANTE de sistemas electrónicos y payloads de alto contenido tecnológico para los mercados de Defensa, Aeronáutica, Seguridad y Emergencias: sensores embarcados, sistemas de interferencia/geolocalización (NoJamZone), soluciones de vigilancia marítima y aerotransportada. No es operador ni prestador de servicios; diseña, desarrolla y comercializa producto propio. Exporta el 100% de su facturación (posición 21.241 del ranking nacional de exportadoras), con clientes como Airbus Helicopters (proveedor oficial certificado). Con ~119 empleados y ventas que crecieron un 421% en 2024, encaja en el patrón fabricante ICP: industrial, exportador, universo de compradores amplio (agencias de defensa, integradores aeronáuticos, servicios de emergencia, gobiernos), ticket alto y ciclo largo. La categoría LinkedIn ""Airlines and Aviation"" es engañosa; la empresa es fabricante de equipos embarcados, no operadora. El único matiz es que opera en un nicho muy especializado (defensa/aerospace) donde el número total de cuentas accesibles puede ser más concentrado que en otros sectores industriales ICP, lo que limera ligeramente la puntuación.","Fabricante de producto propio: payloads, sensores, sistemas anti-interferencia (NoJamZone) y plataformas de misión para Defensa, Aeronáutica y Emergencias (centum.com, 2024) | 100% de ventas son exportaciones; ranking nacional exportadoras nº 21.241 (CESCE, 2025) | Airbus Helicopters certifica a CENTUM como proveedor oficial para implementación de soluciones en helicópteros (centum.com, 2024) | Ingresos crecieron 420,72% en 2024 respecto al año anterior (Iberinform/CESCE, 2025) | ~119 empleados (LinkedIn 2025); plantilla creció 34% superando media del sector | Premio Galicia de Innovación y Diseño 2023 concedido por la Xunta de Galicia (diciembre 2023) | Acuerdo con Indra Sistemas para fabricación de sistemas radar espaciales — amplía universo de clientes internacionales (PR Newswire)",https://centum.com/en/about-us/ | https://exportadores.cesce.es/exportaciones-centum-research-technology | https://www.iberinform.es/empresa/4168812/centum-research---technology | https://defense-guide.com/item/centum-solutions-s-l-u/ | https://asime.es/glossary/centum-research-technology-s-l/
Oculta/Mining,Gamarra | Steel Casting Solutions,España,79,Mining,A,"Gamarra es un FABRICANTE puro de componentes de fundicion de acero (piezas fisicas mediante moldeo en arena verde, arena quimica e inversion/cera perdida) con 150+ anos de historia y sede en Vitoria. Suministra piezas de acero al carbono y aleado a OEMs de ferroviario, automocion, defensa, vehiculos comerciales, maquinaria de construccion y elevacion — universo de compradores muy amplio. Es proveedor principal de la mayoria de fabricantes de vagones en Europa y tiene produccion en Asia, lo que confirma exportacion internacional consolidada. Venta directa al fabricante final (OEM). Ticket alto y ciclo largo propios de contratos de suministro industrial con homologaciones y certificaciones (DB, ISO, FUNDIGEX). Plantilla ~79-85 empleados, escala tipica del ICP. Ningun flag anti-ICP: no es operador, no es servicio, no es distribuidor, no es filial de multinacional extranjera.","FABRICANTE de fundicion de acero (steel castings): moldeo arena verde, arena quimica e inversion — producto fisico fabricado, no servicio [gamarrasa.com, FUNDIGEX 2024] | Exportador internacional consolidado: instalaciones de produccion en Europa y Asia; proveedor principal de fabricantes de vagones en toda Europa [gamarrasa.com About Us] | Universo de compradores amplio: ferroviario, automocion, defensa, vehiculos comerciales, maquinaria OHV/construccion, elevacion [LinkedIn summary, gamarrasa.com] | Certificaciones industriales exigentes: homologacion DB (Deutsche Bahn), ISO, miembro FUNDIGEX y asociaciones espanola y europea del acero — senales de venta directa a OEM con ciclo largo [fundigex.es, gamarrasa.com/quality] | 150+ anos de historia (fundada 1870) con posicionamiento de calidad premium — ticket alto tipico [LinkedIn summary] | Participa en ferias internacionales GIFA e InnoTrans — actividad de desarrollo de negocio internacional activa [gamarrasa.com] | Participada por Vergara Industrial (grupo industrial vasco) — estructura de capital industrial espanola, no filial extranjera [vergaraindustrial.es]",https://www.gamarrasa.com/ | https://www.gamarrasa.com/about-us/ | https://www.fundigex.es/en/foundry-of-the-week-gamarra-s-a | https://www.fundigex.es/en/empresa/gamarra-s-a | https://www.vergaraindustrial.es/en/participadas/gamarra/ | https://railmarket.com/eu/profile/gamarra-s-a
"Oculta/Oil,Gas&Mining",Synerkos Technical Valve Solutions,España,79,Oil and Gas,A,"Sinerkos es el FABRICANTE, no un operador. Es la nueva identidad comercial del Pekos Group (fusión Pekos Valves + Indutec, 2026), grupo europeo con plantas de fabricación propias (Pekos Ball Valves y Válvulas Nacional, con instalaciones en Bilbao-Artea y Montmeló), más de 30 años de trayectoria y más de 1 millón de válvulas fabricadas. Sirve a sectores petroquímico, energía, farmacéutico, alimentario, minería, cemento y tratamiento de agua en más de 80 países — exportador internacional claro. El universo de compradores es amplio (cualquier planta de proceso industrial en el mundo). La venta es directa con presencia en los principales centros industriales de España (Barcelona, Madrid, Vizcaya, Cartagena, Mérida, Gijón) y presencia en ferias industriales como Exposolidos y Making Pharma Spain. Con 79 empleados encaja en la banda ~80-1000. Ticket alto (válvulas de alto rendimiento para aplicaciones exigentes, ciclo de venta largo con especificación técnica).","FABRICANTE con plantas propias: Pekos Ball Valves y Válvulas Nacional (Bilbao 2000, Artea 2011, Montmeló 2002) | Más de 1 millón de válvulas fabricadas en 30+ años de historia (synerkos.com, 2026) | Exporta a más de 80 países — exportador internacional confirmado (exposolidos.com, 2026) | Sectores clientes: petroquímica, energía, farmacéutico, alimentario, minería, cemento, agua — universo de compradores amplio y diversificado | 79 empleados — encaja en la banda objetivo del ICP | Fusión Pekos Valves + Indutec bajo marca Synerkos desde 1 enero 2026 — empresa activa y en crecimiento | Presencia en ferias industriales B2B (Exposolidos 2026, Making Pharma Spain) — venta directa a industria",https://synerkos.com/en/ | https://exposolidos.com/exhibitors/pekos-europe-group/?lang=en | https://www.makingpharmaspain.com/en/exhibitor/synerkos-2/ | https://www.pekos.es/a-new-chapter-begins-for-pekos-valves-n-87-en
Oculta/Telecom,SAPEC,España,81,Telecommunications,A,"SAPEC es un FABRICANTE español de hardware de broadcast: diseña y fabrica encoders/decoders de vídeo-audio propios (gama SIVAC ONE, LAGUNA) con tecnología MPEG-2/H.264/HEVC/UHD/8K. No es carrier ni operadora telecom. Fundada en 1976, ~81 empleados. Exporta desde 2006 con oficinas en México y Colombia y más de 20 distribuidores internacionales principalmente en Latinoamérica. Sus compradores son broadcasters, televisiones, plataformas DTT y operadores de contribución de señal en todo el mundo — universo amplio. Venta directa y a través de distribuidores. Ticket alto (sistemas profesionales de misión crítica, 24x7) y ciclo largo. Única empresa española con ese posicionamiento en video contribution profesional, compitiendo con gigantes internacionales. Encaja en el patrón ICP de fabricante industrial exportador con venta directa B2B, señales de expansión internacional activa y proyectos de alto valor (RTVE Juegos Olímpicos París 2024, primer broadcast 8K en DTT).","FABRICANTE de encoders/decoders propios (SIVAC ONE, LAGUNA) — hardware broadcast de diseño interno, no reventa (sapec.es, 2024) | RTVE eligió SIVAC-ONE para los Juegos Olímpicos París 2024 — 12 pares encoder/decoder, cliente de referencia de alto perfil (julio 2024) | SAPEC seleccionada para desarrollar el encoder del primer broadcast 8K en DTT en vivo — proyecto de frontera tecnológica (The Broadcast Bridge, 2023) | Expansión internacional desde 2006: oficinas en México y Colombia, +20 distribuidores globales, foco en Latinoamérica (sapec.es) | Presencia en NAB 2023, NAB 2025, 4K HDR Summit 2022 — ciclo de ventas internacional activo | ~81 empleados — tamaño ICP (80-1000) | Única empresa española con amplia experiencia en video contribution profesional compitiendo con fabricantes globales (sapec.es)",https://sapec.es/the-company/ | https://sapec.es/madrid-july-23-2024-rtve-chooses-sapecs-sivac-one-to-broadcast-the-paris-2024-olympic-games/ | https://www.thebroadcastbridge.com/content/entry/19316/sapec-to-develop-the-encoder-for-the-first-live-8k-dtt-broadcast | https://www.panoramaaudiovisual.com/en/2022/11/16/sapec-4k-hdr-summit-completo-flujo-trabajo-uhd/ | https://www.prensario.net/SAPEC-logra-importantes-acuerdos-en-NAB-2023-41468.note.aspx
Oculta/Telecom,Teldat,España,289,Telecommunications,A,"Teldat es FABRICANTE español de hardware de red (routers corporativos, routers industriales, firewalls, equipos embarcados para ferroviario, soluciones IoT). No es operador de telecomunicaciones — vende equipos a empresas, administraciones y operadores, no opera redes. Con ~289 empleados, exporta a más de 40 países, tiene oficinas en España y Alemania y es considerado líder europeo en comunicaciones corporativas. Sus productos están certificados por el CCN para seguridad nacional (ENS Alto), lo que implica ciclos de venta largos y tickets elevados. El universo de compradores es amplio: cualquier empresa con red distribuida, administración pública, operador ferroviario, industria. Encaja de lleno en el perfil FABRICANTE de sistemas/equipos telecom/networking exportador con venta directa y ciclo largo.","FABRICANTE de hardware de red propio: routers corporativos, industriales, firewalls y access points ferroviarios (DirectIndustry, teldat.com, 2024) | Exporta a +40 países; oficinas en España y Alemania; líder europeo en comunicaciones corporativas (teldat.com/about, 2024) | 289 empleados (LinkedIn Sales Navigator, 2024) — tamaño mediano ideal ICP | Crecimiento histórico: +23% en ventas en 2022 (blog Teldat, 2022) | Certificación CCN (Centro Criptológico Nacional) categoría ENS Alto para routers y firewalls — venta a sector público/defensa, ciclo largo y ticket alto (teldat.com, 2024) | Verticales industriales y ferroviario: router industrial Regesta Smart NESSUM, plataforma para ferroviario con LTE/Wi-Fi embarcado (teldat.com, 2024) | Buyer universe amplio: empresas con red distribuida, administraciones públicas, operadores ferroviarios, industria — no concentrado",https://www.teldat.com/es/sobre-teldat/ | https://www.directindustry.com/product-manufacturer/teldat-communication-router-85823-36111.html | https://www.teldat.com/es/products_/router-industrial-teldat/ | https://www.teldat.com/es/blog/teldat-resultados-historicos-2022-23-de-aumento-en-ventas/ | https://www.teldat.com/about-teldat-world-offices/
Oculta/Utilities,Genesal Energy,España,111,Electric Power Generation,A,"Genesal Energy es fabricante gallego de grupos electrógenos y sistemas de energía distribuida personalizados, con más de 26 años de experiencia. Exporta a más de 30 países en 5 continentes (65% de ingresos en el exterior en 2016). Tiene filiales en México y Perú. Sus clientes son hospitales, plantas solares, industria, infraestructuras — universo de compradores amplio y heterogéneo. Ticket alto, ciclo de venta largo (proyectos a medida con ingeniería, transporte, puesta en marcha). 111 empleados. Encaja perfectamente en el patrón ICP: fabricante industrial exportador con venta directa al cliente final. La categoría LinkedIn es 'Utilities' (que lo habría descartado como operadora), pero es fabricante de equipo, no operadora eléctrica.","Fabricante de grupos electrógenos personalizados con +26 años de historia, base en A Coruña (Bergondo) | Exporta a +30 países en 5 continentes; 65% de ingresos en mercado internacional (dato 2016) | Filiales propias en México y Perú — red de venta directa al exterior | Proyectos de referencia: 2 generadores de emergencia para planta solar en Sudáfrica (150.000 hogares), 6 unidades para Hospital Quito Sur (Ecuador) | 111 empleados — tamaño mid-market dentro del rango ICP 80-1000 | Producto personalizado con departamento de proyectos in-house, ingeniería, puesta en marcha — ciclo largo y ticket alto | Certificaciones ISO 9001, ISO 14001, ISO 45001 — madurez exportadora",https://genesalenergy.com/en/company/ | https://www.cepyme500.com/empresa/generadores-europeos-sa-1 | https://genesalenergy.mx/empresa/ | https://www.interempresas.net/Energia/223230-Genesal-Energy-la-energia-distribuida-mas-innovadora.html
Oculta/Mining,ALEASTUR Group,España,110,Mining,A,"ALEASTUR Group es un fabricante industrial de productos metalúrgicos de alto valor añadido (aleaciones maestras, refinadores de grano para aluminio, materiales refractarios para acero) con 50 años de trayectoria. No es operador ni proveedor de servicios: manufactura bienes específicos para la industria transformadora del aluminio y del acero. Exporta a más de 80 países con presencia directa en 11 países (España, Países Bajos, Alemania, EE.UU., Brasil, Turquía, Bahréin, Tailandia, Taiwán, China, Japón) y atiende a más de 800 clientes en 75 países. El universo de compradores es amplio (fundiciones, extrusionistas, laminadores, siderurgias en todo el mundo). Los productos son técnicamente especializados y customizados, lo que implica ciclos comerciales largos y ticket elevado. El tamaño (~110 empleados) encaja en la franja ICP. La categoría LinkedIn es 'Mining' pero la actividad real es fabricación metalúrgica industrial, lo que lo convierte en exactamente el perfil de fabricante 'oculto' que se busca entre categorías de servicios.","Fabricante de aleaciones maestras y refinadores de grano para la industria del aluminio — actividad manufacturera confirmada en web corporativa (2026) | Vende a más de 800 clientes en 75 países — universo de compradores amplio | Exporta a más de 80 países con centros de producción/distribución en 11 países (ES, NL, DE, USA, BR, TR, BH, TH, TW, CN, JP) | División acero: fabrica materiales refractarios especiales y productos auxiliares para la siderurgia — segunda línea de producto industrial | 50 años de trayectoria con orientación a internacionalización e innovación declarada | ~110 empleados — tamaño ICP (80-1000) | Productos customizados para cada cliente (aleaciones a medida) — indicativo de ciclo comercial largo y relación técnica",https://www.aleasturgroup.com/es/nuestro-grupo.php | https://www.aleasturgroup.com/en/aluminium.php | https://www.aleasturgroup.com/en/steel.php | https://es.linkedin.com/company/aleasturgroup
"Oculta/Oil,Gas&Mining",DRILLCO,España,246,Mining,A,"Drillco es un fabricante chileno (con presencia comercial en España) de herramientas de perforación de roca dura: brocas DTH, martillos down-the-hole y soluciones top hammer diseñadas a medida para minería, geotermia, canteras y obras civiles. Es el prototipo de fabricante de bien de equipo industrial de ticket alto y ciclo largo: el cliente (minera, empresa de geotermia, constructora de infraestructura) es un comprador recurrente pero el proceso de homologación y contrato es complejo. Exporta más del 70-85% de sus ventas a más de 35 países en América, África, Europa y Oceanía, con oficinas regionales en 10 países y presencia activa en Guinea, Australia, Escandinavia y Norteamérica. El universo de compradores es amplio (miles de operadores mineros, empresas de geotermia, canteras globales) y la venta es directa al cliente final. Sus ~246 empleados encajan en el rango ICP. No es un operador minero ni un prestador de servicios: fabrica el utillaje que consumen los operadores. El único matiz es que la ficha LinkedIn señala reg=España, probablemente una filial comercial/delegación; la manufactura y I+D están en Chile y Corea del Sur, pero para efectos de Neety la entidad española es la puerta de entrada al deal.","FABRICANTE de herramientas de perforación de roca dura (brocas DTH, martillos, top hammer) — no operador minero (drillco.com, 2026) | Exporta 70-85% de ventas a más de 35 países en América, África, Europa y Oceanía (drillco.com/who-we-are/, AndesMETS) | Más de 10 oficinas regionales globales; expansión activa en Guinea (África), Australia, Escandinavia y Norteamérica (redimin.cl, df.cl, 2025-2026) | Soluciones custom-made para minería, geotermia, canteras, pozos de agua y obras civiles — ticket alto, ciclo largo de homologación | ~246 empleados según LinkedIn Sales Navigator — dentro del rango ICP 80-1000 | Universo de compradores amplio: miles de operadores mineros, empresas de geotermia y canteras a nivel global",https://drillco.com/who-we-are/ | https://www.redimin.cl/fabricante-de-equipos-mineros-drillco-crea-linea-para-exploracion-y-apuesta-por-australia-escandinavia-y-norteamerica/ | https://www.df.cl/empresas/mineria/chilena-drillco-aterriza-en-africa-proveera-herramientas-de-perforacion | https://andesmets.com/es/drillco-3/ | https://red-conecta.com/empresa/2693/drillco-tools-sa
Oculta/Telecom,ALCAD Electronics,España,89,Telecommunications,A,"ALCAD Electronics es un FABRICANTE español (Irún, Gipuzkoa) de equipos y sistemas electrónicos de telecomunicaciones bajo marca propia: distribución de señal TV (MMTV), videoporteros y control de accesos (DES) y sistemas hospitalarios de comunicación y seguridad (ACCURO). Diseña, fabrica y comercializa sus propios productos — no es operador ni carrier. Exporta a más de 60 países con filiales propias en Francia, Chequia, Turquía y EAU, y red de distribuidores en Europa, Asia y Oriente Medio. 89 empleados. Universo de compradores amplio: instaladores, integradores, hospitales, hoteles, edificios residenciales y edificios de uso público en múltiples mercados. Ticket y ciclo propios de sistemas electrónicos de building technology. Encaja claramente en el patrón de FABRICANTE ICP de Neety.","FABRICANTE propio: 'We design, manufacture and market European quality products and technological systems' (web oficial, 2024) | Exporta a +60 países con subsidiarias en Francia, Chequia, Turquía y UAE (web oficial, 2024) | Tres líneas de producto propias bajo marca ALCAD: MMTV, DES (videoporteros) y ACCURO (sistemas hospitalarios) — catálogo 2025-2026 publicado (Alimarket, 2025) | 89 empleados — tamaño mediano coherente con ICP | Mercados internacionales activos: UK, Alemania, Italia, Polonia, Austria, Rusia, Singapur, Hong Kong (web oficial) | Más de 20 millones de personas en +60 países usan sus productos (web oficial)",https://www.alcadelectronics.com/en/latest-news/alcad-home-manufacturer-exporter-experience-continents | https://es.linkedin.com/company/alcad-electronics | https://www.alimarket.es/sanidad/noticia/409705/alcad-lanza-su-nuevo-catalogo-de-soluciones-para-2025-y-2026 | https://alcadelectronics.com/en
Oculta/Telecom,BTESA (Broad Telecom S.A.),España,75,Telecommunications,A,"BTESA es un fabricante español de equipos electrónicos de radiofrecuencia (amplificadores SSPA de alta potencia, transmisores de TV y radio digital, sistemas de banda ancha inalámbrica) con más de 30 años de historia y presencia internacional demostrada (""hundreds of turnkey projects throughout the world""). No es operadora de telecomunicaciones: diseña, fabrica y vende hardware RF complejo a broadcasters, aceleradores de partículas y operadores de red de todo el mundo. Con ~75 empleados y más del 30% del personal en I+D, encaja en el perfil de PYME industrial tecnológica de venta directa, ticket alto, ciclo largo y universo de compradores amplio (broadcasters, instituciones científicas, telcos globales).","FABRICANTE confirmado: diseña y fabrica amplificadores de estado sólido (SSPA) de alta potencia, transmisores de TV/radio digital y sistemas inalámbricos punto-multipunto (btesa.com/productos, 2024) | Exportador internacional: 'hundreds of turnkey projects throughout the world' — implantación en múltiples países (btesa.com/quienes-somos) | Alta intensidad tecnológica: más del 30% de la plantilla dedicada a I+D; patente USPTO registrada (5966648) | Universo de compradores amplio: broadcasters terrestres/satelitales, instituciones científicas (aceleradores de partículas), operadores broadband — no concentrado en 5-10 cuentas | Proyectos llave en mano de alta complejidad = ticket alto y ciclo de venta largo | Tamaño adecuado ICP: ~75 empleados (LinkedIn headcount 2024)",https://www.btesa.com/en/quienes-somos/ | https://www.btesa.com/en/productos/ | https://catalogogics.cdti.es/es/company/broad-telecom-sa-btesa | https://www.crunchbase.com/organization/broad-telecom-btesa
Oculta/Telecom,CABLES ESPECIALES DE FIBRA – OPTRAL,España,67,Telecommunications,A,"OPTRAL (ahora integrada en Cables Especiales de Fibra / grupo CUNEXT tras adquisición en dic-2025) es un FABRICANTE puro de cables de fibra óptica de alto rendimiento con +35 años de historia, planta propia en Barcelona y Fraga, y presencia en más de 70 países. No es operadora ni carrier: diseña, produce y vende directamente sus cables a clientes de telecomunicaciones, industria, data centers, Oil & Gas, naval, militar y energías renovables — universo de compradores amplio y heterogéneo. Encaja con el patrón ""FABRICANTE de equipo/sistemas telecom"" buscado en esta categoría de Telecom, exactamente el perfil que el ICP busca entre operadores. La limitación es el headcount (~67 empleados en LinkedIn), que está en el rango bajo del ICP, pero la cobertura global y la diversidad de mercados compensan.","FABRICANTE: diseño y manufactura propia de cables fibra óptica de alto valor añadido — planta tecnológica en Barcelona y planta logística en Fraga (confirmado optral.com, 2026) | Exportador a +70 países con red comercial global (optral.com/empresa/quienes-somos, 2026) | Universo de compradores amplio: telecom, industria, data centers, Oil & Gas, naval, militar, renovables (optral.com/productos, 2026) | Certificaciones internacionales UL, Bureau Veritas, DNV — indica venta directa a clientes exigentes de alta especificación | Adquisición por grupo CUNEXT (dic-2025) sugiere empresa con masa crítica y potencial de escala | +35 años de track record como fabricante especializado",https://optral.com/empresa/quienes-somos | https://optral.com/productos | https://optral.com/en/company/about%20us | https://www.owirecable.com/es/news/top-20-fiber-optical-fiber-cable-suppliers-manufacturers-in-europe/
Oculta/Logistica,Fluidmecanica Sur,España,74,Maritime,A,"FABRICANTE confirmado de maquinaria naval (winches, molinetes, timones, hidráulica, neumática) fundado en 1977, con sede en Vigo/Chiclana. Exportación representa el 60-70% de su actividad: clientes en Bangladesh (17 remolcadores para la Marina), Chile, Perú, Polonia, Angola, Tailandia, Rusia, Francia, Turquía, Serbia, África. Vende directamente a astilleros y armadas de múltiples países con contratos de alto valor y ciclo largo. Universo de compradores amplio: armadas, astilleros comerciales, flotas pesqueras, sector eólica offshore. No es operador naval ni distribuidor. Ligera penalización por tamaño (74 empleados, ligeramente bajo el rango ideal) y por el mercado naval que tiene algo menos compradores potenciales que sectores de proceso, aunque la diversificación por segmento y geografía compensa.","FABRICANTE de maquinaria naval (winches, molinetes, timones, hidráulica, neumática) desde 1977 — confirmado en web y LinkedIn | Exportación representa 60-70% de la actividad total (empresaexterior.com, fuente histórica) | Contratos con la Marina de Bangladesh: suministro de equipo de cubierta para 17 remolcadores (winches, molinetes, timones) | Clientes en Chile, Perú, Polonia, Angola, Tailandia, Rusia (Gazprom), Francia, Turquía, Serbia, África — perfil genuinamente internacional | Diversificación hacia eólica marina (ICEX 2024) — señal de apertura a nuevos mercados industriales | Contratos con Armada española y defensa — ciclo largo y ticket alto confirmados | Delegaciones en Ferrol, Cartagena, Perú — estructura comercial internacional propia",https://fluidmecanica.com/en/fluidmecanica/ | https://empresaexterior.com/archive/63066/fluidmecanica-sur-para-nosotros-el-mercado-es-el-mundo | https://www.icex.es/es/quienes-somos/donde-estamos/red-territorial-de-comercio/galicia/noticias/detalle.fluidmecanica-fabrica-equipos-para-la-marina-de-tailandia-y-dive.news128202405 | https://www.clusternavalcadiz.es/empresa/fluidmecanica-sur/ | https://es.linkedin.com/company/fluidmecanica-sur
Oculta/Mining,BYG S.A.,España,167,Mining,A,"BYG S.A. es fabricante español con más de 40 años de historia en Ground Engaging Tools (GET): dientes, adaptadores, cuchillas, piezas de tren de rodaje y material de desgaste para maquinaria de minería y construcción. No es operadora minera ni petrolera — fabrica los consumibles técnicos que usan las máquinas. 167 empleados, más de 50.000 referencias en catálogo, con departamentos de Comercial y Exportación activos en Europa y Ultramar. Universo de compradores amplio (operadores mineros, canteras, constructoras globales). Venta técnica B2B de alto valor con ciclo de aprobación largo. El único matiz que baja ligeramente el score: el modelo incluye red de franquicias/distribuidores locales, lo que puede reducir algo la venta 100% directa al usuario final.","FABRICANTE de GET (Ground Engaging Tools): dientes, adaptadores, cuchillas, piezas de desgaste para minería y construcción — no operador | +40 años de experiencia en fabricación, sede en España | 167 empleados — dentro del rango ICP (80-1000) | Exportación activa: departamentos comerciales en Europa y Ultramar (byg.com, 2024) | Catálogo de +50.000 referencias — indica amplitud de producto y base de clientes diversa | Presencia internacional confirmada en web con sección mining testimonials en inglés | Universo de compradores amplio: operadores mineros, canteras, constructoras a nivel global",https://byg.com/mineria/ | https://byg.com/en/products/ | https://byg.com/contacto-2/ | https://es.linkedin.com/company/byg-sau
Oculta/Mining,Ferrimax,España,75,Mining,A,"Ferrimax es FABRICANTE (diseño y fabricación propios, no operador ni distribuidor) de soluciones de seguridad física: cajas fuertes certificadas, puertas y cámaras acorazadas, consignas inteligentes Click&Collect y soluciones para cajeros ATM. Más de 45 años de trayectoria, 75 empleados (~51-100 según Iberinform), con un 46% de ventas procedentes de exportación principalmente a UE y presencia internacional consolidada. La categoría ""Mining"" en LinkedIn es un error de clasificación; el negocio real es fabricación de equipos de seguridad física para banca, joyerías, hostelería y administraciones. Universo de compradores amplio (bancos, cadenas retail, hoteles, loterías, joyerías, administraciones públicas a nivel internacional). Ticket alto y ciclo largo típicos de equipos de seguridad certificados (certificaciones CNPP, APPLUS, AENOR, VdS). Encaja con el patrón ICP: fabricante industrial exportador con venta directa o través de red de distribuidores propios.","FABRICANTE: web corporativa declara explícitamente 'Diseño y fabricación de soluciones de seguridad' (ferrimax.com/es, 2026) | Exportación confirmada: ~46% de ventas son exportaciones, principalmente UE (Iberinform/CESCE Exportadores, 2025-2026) | Más de 45 años de experiencia como fabricante (ferrimax.com/es/corporativo, 2026) | Certificaciones internacionales: CNPP, APPLUS, AENOR, VdS — típicas de producto industrial de alto valor (ferrimax.com, 2026) | 75 empleados (LinkedIn) / 51-100 según Iberinform — tamaño dentro del rango ICP | Universo de compradores amplio: banca, joyerías, hostelería, retail, administraciones, loterías a nivel internacional | Producto de ticket alto y ciclo largo: cajas fuertes certificadas, puertas acorazadas, cámaras blindadas para sector bancario y ATM",https://ferrimax.com/es | https://ferrimax.com/es/corporativo | https://exportadores.cesce.es/exportaciones-ferrimax | https://www.iberinform.es/empresa/106567/ferrimax | https://cajas10.com/fabricantes/ferrimax/
Oculta/Telecom,Grupo CPS,España,85,Telecommunications,A,"Grupo CPS es un fabricante real de sistemas y equipos tecnológicos, no un operador de telecomunicaciones. A pesar de estar categorizado como ""Telecom"" en LinkedIn, el grupo diseña, desarrolla y FABRICA productos propios para Defensa, Transporte Inteligente (ITS), ferroviario, tráfico, seguridad y drones (UAV 100% español por WAKE). INSTER, empresa del grupo, diseña y manufactura productos para Defensa/Seguridad/Telecom. Ticket alto, ciclo largo, venta directa a operadores de infraestructura (ADIF, ministerios de Defensa, aeropuertos, puertos) en mercado nacional e internacional. Encaja con el patrón ICP de Neety: fabricante industrial español con I+D+i, exportador, universo de compradores amplio y disperso.","FABRICANTE de UAV 100% español (WAKE) — diseño y manufactura propia de drones para defensa/civil | INSTER diseña, desarrolla y FABRICA productos para Defensa, Seguridad y Telecomunicaciones (no operador) | Fundado en 1962 con fuerte base de I+D+i; >70% plantilla técnica | Presencia internacional confirmada en proyectos de infraestructura de transporte y defensa | Venta directa a grandes organismos: ferroviarias, ejército, aeropuertos, puertos — ticket alto ciclo largo | Visita Secretaria de Estado de Defensa a sus instalaciones (2023) — relación directa con cliente institucional clave | Grupo de 7 empresas especializadas: tráfico, ferroviario, seguridad, defensa, UAS, telecom sistemas — portafolio de producto propio diversificado",https://www.grupo-cps.com/ | https://www.tecnogetafe.es/en/companies/cps/ | https://www.esmartcity.es/2023/02/15/grupo-cps-muestra-innovaciones-encuentro-con-secretaria-estado-defensa | https://es.linkedin.com/company/grupo-cps
Oculta/Telecom,JCM TECHNOLOGIES,España,63,Wireless Services,A,"JCM Technologies es fabricante de equipos electrónicos de control de acceso (lectores RFID, reconocimiento facial/huella, barreras de parking, tornos, puertas automáticas) desde 1983, con sede en Vic (Barcelona). Opera con filiales propias en Francia y Alemania y presencia en +40 países — exportador consolidado con estructura comercial internacional propia. Su universo de compradores es amplio: instaladores, integradores de seguridad, promotores inmobiliarios, gestores de aparcamientos, industrias, hospitales, aeropuertos, etc. El ticket es alto (sistemas integrados de hardware + software) con ciclos de venta medios-largos. LinkedIn la categoriza erróneamente como 'Wireless Services' (Telecom) pero es fabricante de bien de equipo, no operadora. Tamaño ajustado (~63 empleados) — está en el límite inferior del ICP pero viable si exportación y ciclo de venta se confirman en discovery.""","Fabricante de equipos electrónicos de control de acceso desde 1983 (Vic, Barcelona) — objeto social explícito: fabricación y comercialización de productos electrónicos | Presencia en +40 países con filiales propias en Francia y Alemania — exportación estructural, no puntual | Posición 45 en Ranking Nacional de Empresas Exportadoras en su categoría (fabricación de material y equipo eléctrico) — confirmado por CESCE/Iberinform | Portfolio de producto propio: lectores RFID, Bluetooth/smartphone, reconocimiento facial/huella, barreras, tornos — hardware de marca propia | Universo de compradores amplio: instaladores, integradores de seguridad, gestores de aparcamientos, industria, hospitales, edificios corporativos | Venta directa confirmada (web con catálogo de producto propio y red de distribuidores internacionales)",https://www.jcm-tech.com/about-us/ | https://www.jcm-tech.com/products/access-control/ | https://exportadores.cesce.es/exportaciones-jcm-technologies | https://www.iberinform.es/empresa/174869/jcm-technologies | https://empresite.eleconomista.es/JCM-TECHNOLOGIES.html
Oculta/Logistica,NOEGA Systems,España,61,Warehousing and Storage,B,"FABRICANTE confirmado: NOEGA Systems diseña, calcula, fabrica, suministra e instala estanterías metálicas e industriales y sistemas de almacenaje. Tienen planta de producción propia de 46.000 m² en Asturias. Encaja en el patrón intralogística/manutencion buscado (similar a AR Racking, POLYPAL, Mecalux). Exporta activamente a Francia, Bélgica, Alemania, Polonia, Uruguay, Canadá, Rusia. Universo de compradores amplio (cualquier empresa con almacén industrial). Ticket alto y ciclo largo en proyectos de almacenes automatizados. Freno principal: solo ~60 empleados (algo por debajo del rango ideal 80-1000) y combina fabricación con instalación propia (riesgo EPC parcial), aunque el núcleo del negocio es manufactura. Facturación con caída del ~10% en 2024 vs 2023.","FABRICANTE con planta de producción propia de 46.000 m² en Asturias — diseña, calcula y fabrica estanterías metálicas e industriales (noegasystems.com, 2025) | Exportador activo: proyectos en Francia, Bélgica, Alemania, Polonia, Uruguay, Canadá, Rusia (noegasystems.com/blog, 2024) | Categoría intralogística — encaja en el patrón de fabricantes ICP (similar a AR Racking, POLYPAL, Mecalux, ATOX) | Universo de compradores amplio: sirve cualquier sector industrial con almacén — ningún cliente concentra la demanda | Proyectos de almacenes autoportantes automatizados → ticket alto y ciclo de venta largo | Listada en CEPYME500 (empresas medianas destacadas de España) | Venta directa confirmada: presencia comercial directa en todo el territorio español",https://www.noegasystems.com/en/about-us/company | https://www.noegasystems.com/blog/noticias/10-anos-de-actividad-noega-systems | https://www.europages.es/NOEGA-SYSTEMS/00000003947985-224784001.html | https://www.cepyme500.com/es/empresa/noega-systems-sociedad-limitada-1 | https://www.datoscif.es/empresa/noega-systems-sl
Oculta/Telecom,Satlink,España,265,Satellite Telecommunications,B,"Satlink es fabricante de hardware tecnologico (boyas satelitales con ecosonda, VMS, comunicaciones satelitales) para el sector pesquero y maritimo, fundada en 1992 en Espana con 265 empleados. Exporta globalmente con oficinas en Seychelles, Ecuador, EE.UU., Canada, Fiji, Islas Salomon, Corea y Taiwan. Fabrica sus propios productos (instalaciones con energia renovable, tasa de fallos bajo 0.1%, reduccion CO2 32% por unidad en 2024) y los vende directamente a flotas pesqueras, armadores, cooperativas y reguladores gubernamentales, universo de compradores amplio. En 2024 adquirio Xeos Technologies (Canada). El patron es de fabricante ICP exportador con ticket alto y ciclo largo. La reserva para no dar 'strong': el nicho es pesca/maritimo (atipico respecto al patron industrial/manufacturero clasico de Neety) y parte del negocio incorpora servicios SaaS/datos oceanograficos que difumina el perfil puro de fabricante de bien de equipo industrial. No es operador telecom ni carrier.","Fabricante de hardware propio: boyas satelitales ISD+, SLX+, ILL+ con ecosonda CHIRP y VMS (Vessel Monitoring System) desde 1992 | Exportador global con oficinas en 9 paises: Seychelles, Ecuador, EE.UU., Canada, Fiji, Islas Salomon, Corea, Taiwan (2024) | 265 empleados, tamano ICP | Adquisicion de Xeos Technologies (Canada) en 2024, expansion internacional activa | Fabricacion propia con instalaciones en energia renovable 100%, tasa de fallos bajo 0.1%, produccion automatizada (2024) | Universo de compradores amplio: flotas pesqueras de atun tropical, armadores, cooperativas, gobiernos y reguladores de todo el mundo | Proyecto SelecTuna 2024: despliegue de mas de 1.500 buoys inteligentes en tres oceanos para la flota espanola de atun tropical | Venta directa a clientes finales (flotas, gobiernos), no via distribuidor exclusivo | Ticket alto y ciclo largo tipico: contratos con flotas y reguladores, hardware especializado de alto valor",https://satlink.es/en/about-us | https://satlink.es/en/solutions/solutions-for-the-fishing-industry/satellite-echosounder-buoys | https://satlink.es/en/media/news/satlink-releases-its-2024-sustainability-report-advancing-ocean-knowledge-through-technology-and-innovation | https://betakit.com/ocean-tech-company-xeos-technologies-acquired-by-spains-satlink/ | https://satlink.es/en/media/news/the-spanish-tuna-fleet-will-implement-satlink-technology-in-the-three-main-oceans-to-increase-fishing-selectivity
Oculta/Mining,NOKSEL ESPAÑA,España,71,Mining,B,"Noksel España es FABRICANTE confirmado de tubería de acero soldada en espiral (planta en Lorca, Murcia, 100.000 m², capacidad 150.000 ton/año desde 2011). No es operador ni servicio. Exporta activamente a Europa, África, Oriente Medio y Latinoamérica, con proyectos referenciados en Nigeria, Iraq, México, Argelia y Polonia. El universo de compradores es amplio: promotores de infraestructura hídrica, EPC contractors de oil & gas, empresas portuarias, instalaciones solares en múltiples geografías. Ticket alto y ciclo largo propio de proyectos de gran diámetro (hasta 3.048 mm). El principal freno al fit es que es filial del grupo turco Noksel, lo que puede implicar que la estrategia comercial internacional y las decisiones de inversión en herramientas residan en la matriz, no en la unidad española. La unidad local sí tiene autonomía de fabricación y venta desde España, por lo que no se descarta, pero el riesgo de ciclo de venta complejo por jerarquía corporativa es real.","FABRICANTE CONFIRMADO: planta propia en Lorca (Murcia), 100.000 m², capacidad 150.000 ton/año, producción desde 2011 (nokselspain.com/en/production/) | EXPORTADOR ACTIVO: proyectos en Nigeria, Iraq, México, Argelia, Polonia; presencia en Europa, África, Oriente Medio, Latinoamérica (nokselspain.com/en/projects/) | UNIVERSO AMPLIO: clientes en agua, oil & gas, infraestructura portuaria, pilotas, solar — múltiples sectores y geografías | TICKET ALTO / CICLO LARGO: tuberías de gran diámetro (hasta 3.048 mm) para proyectos de infraestructura; venta por proyecto | VENTA DIRECTA: página de proyectos propios con referencia directa a clientes finales y geografías (nokselspain.com/en/projects/) | TAMAÑO ICP: ~71 empleados LinkedIn, fuentes mercantiles citan ~190 en 2026 — en rango objetivo | CRECIMIENTO: ingresos +62% último año (axesor.es, 2026)",https://nokselspain.com/en/about-us/ | https://nokselspain.com/en/production/ | https://nokselspain.com/en/projects/ | https://www.europages.es/NOKSEL-ESPANA-SA/00000003908233-193681001.html | https://www.axesor.es/Informes-Empresas/5495860/NOKSEL_ESPANA_SOCIEDAD_ANONIMA.html | https://www.bnamericas.com/en/company-profile/noksel-espana-sa
Oculta/Mining,"HIJOS DE JUAN DE GARAY, S.A.",España,82,Mining,B,"FABRICANTE industrial confirmado — tubos de acero soldados y calibrados de precisión, componentes tubulares y latón; fundada en 1866 en Oñati (Gipuzkoa), ~82 empleados en LinkedIn (600 incluyendo filiales). Exportador internacional con planta en Eslovaquia (desde ~2007) y México (desde 2016). Vende a automoción, energías renovables, mobiliario e industria general, lo que implica universo de compradores amplio y venta directa a fabricantes OEM. Ticket alto y ciclo largo (B2B industrial, producto técnico de precisión). El patrón encaja con el ICP de Neety: fabricante de bien industrial exportador con múltiples mercados. El riesgo es la concentración en automoción (sector con compradores grandes y consolidados que puede acotar el universo real), pero los segmentos renovables e industria general compensan. No es operador/servicio: manufactura el producto físico.","FABRICANTE confirmado: produce tubos de acero soldados calibrados de precisión, componentes tubulares y perfiles de latón (fuente SPRI/Basque Trade, 2023) | Exportador internacional con planta en Eslovaquia (~2007) y planta en México (2016), compitiendo globalmente contra multinacionales | Historia industrial de 160 años (fundada 1866 en Oñati, Gipuzkoa) — solidez y reputación | Universo de compradores amplio: automoción, energías renovables, mobiliario, industria general | ~82 empleados LinkedIn (600+ incluyendo filiales internacionales) — tamaño ICP | Producto técnico de alta precisión: tubo hasta 80mm diámetro, tolerancias estrechas — ticket alto y relación técnica con cliente | Proyecto ecotube 2030: innovación activa en materiales y reducción CO2, señal de empresa que invierte en desarrollo de negocio",https://www.spri.eus/es/blog/ciberseguridad/hijos-de-juan-de-garay-s-a-lideres-en-tubo-de-acero-soldado-y-calibrado/ | https://basquetrade.spri.eus/hijos-de-juan-de-garay-s-a-l-deres-en-tubo-de-acero-soldado-y-calibrado/ | https://www.gipuzkoagaur.com/2023/06/01/hijos-de-juan-de-garay-s-a-lideres-en-tubo-de-acero-soldado-y-calibrado/
Oculta/Logistica,Airtificial Aerospace & Defense,España,202,Airlines and Aviation,B,"Airtificial A&D es un FABRICANTE industrial real: produce componentes estructurales en composites y sistemas electrónicos embarcados para clientes aeroespaciales y de defensa, exporta a 14 países y firma contratos de millones de euros con TAI, Airbus y General Dynamics. Cumple los criterios de fabricante, exportador, ticket alto y ciclo largo. Sin embargo, el universo de compradores es muy estrecho (los OEM aeroespaciales y de defensa de primer nivel son pocas decenas a nivel mundial), lo que reduce el valor de una herramienta de señales comerciales para prospección masiva. Además, en defensa los contratos se ganan por homologación y relaciones institucionales, no por detección de señales de compra. Fit medio: encaja como fabricante industrial exportador, pero el buyer universe concentrado y la naturaleza institucional del sector defensa lo alejan del ICP ideal de Neety.","FABRICANTE confirmado: produce piezas en materiales compuestos (autoclaves hasta 15m, RTM, infusión), sticks de control de vuelo y sistemas electrónicos embarcados para aeronáutica y defensa (no operador) | Exportador internacional activo: contratos en 14 países incluyendo Turquía, Marruecos, Tailandia y Rumanía | Contrato con Turkish Aerospace Industries (TAI) valorado en +16M€ para fabricación de flight control sticks (2024) | Seleccionado por Airbus Defence and Space para el programa Eurodrone (fabricación de componente de dron militar europeo) | Contrato con General Dynamics para fabricación serie de equipos electrónicos embarcados para vehículo terrestre de defensa | Ticket alto y ciclo largo confirmado: contratos plurianuales de millones de euros con OEM de primer nivel | ~202 empleados en la división A&D; grupo cotiza en bolsa (Mercado Continuo) | Venta directa a clientes industriales finales (OEMs): TAI, Airbus, General Dynamics",https://airtificial.com/aerospace-defense/en/about-ad/ | https://actualidadaeroespacial.com/airtificial-aumenta-su-cartera-de-pedidos-con-turkish-aerospace-industries/ | https://www.bolsamania.com/noticias/empresas/airtificial-refuerza-defensa-cierra-pedidos-tai-25-millones--17852010.html | https://airtificial.com/blog/2024/10/airtificial-se-refuerza-en-defensa/ | https://www.airframer.com/direct_detail.html?company=138237
Oculta/Mining,HAIZEA Grupo WEC,España,75,Mining,B,"HAIZEA Grupo WEC es la división de fundición, mecanizado y tratamientos superficiales del Haizea Wind Group: fabrica piezas de gran tonelaje (bujes, bastidores, ejes) para eólica, turbinas de gas, máquina herramienta y robótica. Claramente FABRICANTE industrial, no operador. Exportación muy elevada (>80% ventas internacionales, datos 2024); clientes directos son OEM globales (Vestas, Siemens Gamesa) y promotores (Iberdrola, Ørsted). Universo de compradores amplio y ticket alto (proyectos offshore). El freno principal: es una filial/unidad de negocio dentro de Haizea Wind Group (1.500 empleados, 371M€ de ventas en 2024), no una empresa autónoma. La entidad LinkedIn tiene solo 75 empleados. La toma de decisión comercial probablemente recae en el grupo, no en la unidad WEC de forma independiente. También es un proveedor Tier-1 hiperespecializado en eólica — su desarrollo de negocio internacional ya está muy estructurado y puede que no necesite señales externas de prospección. Encaja en patrón de fabricante ICP pero el tamaño real del grupo y la especialización sectorial reducen el fit.","FABRICANTE de piezas industriales de gran tonelaje: fundición, mecanizado y tratamientos superficiales (bujes, bastidores, ejes) — no operador ni servicio (LinkedIn summary, verificado 2024) | Exportación >80% de ventas internacionales (Crónica Vasca / El Español, agosto 2024) | Clientes directos globales: Vestas, Siemens Gamesa, Iberdrola, Ørsted — universo de compradores amplio (FVEM/SPRI, mayo 2025) | ~20% de las turbinas eólicas instaladas en el mundo llevan piezas WEC — liderazgo europeo en el sector wind (web Haizea Wind Group) | Ticket alto y ciclo largo: componentes offshore de gran tonelaje para proyectos como Norfolk Vanguard West (UK) y East Anglia (Energías Renovables, junio 2026) | Grupo WEC con plantas en Agurain (Álava) e Itziar (Gipuzkoa), capacidad >32.000 toneladas",https://cronicavasca.elespanol.com/empresas/20240802/haizea-wind-dispara-negocio-de-espana-internacionales/874912507_0.html | https://boletines.fvem.es/archivo/mayo-2025/haizea-wind-group-acelera-su-expansion-371-millones-en-ventas-y-1-500-empleos-en-2024.html | https://haizeawindgroup.com/en/haizea-wind-group-strengthens-growth/ | https://www.energias-renovables.com/eolica/haizea-wind-group-refuerza-su-perfil-eolico-20190212 | https://www.energias-renovables.com/eolica/haizea-fabrica-en-bilbao-los-pilares-del-20260623
Oculta/Mining,"LLAZA WORLD, S.A.",España,73,Mining,B,"LLAZA WORLD es un FABRICANTE genuino (no operador ni servicio): diseña, fabrica y comercializa sistemas estructurales de protección solar (mecanismos de toldos, pérgolas, herrajes de aluminio) desde instalaciones propias de 26.000 m2. Exporta a más de 70 países (>50% producción), tiene 126 empleados y vende directamente a empresas profesionales instaladoras en un universo de clientes amplio y distribuido globalmente. Cumple los criterios estructurales del ICP: fabricante industrial, exportador, venta directa B2B, universo amplio. Sin embargo, el sector (protección solar/construcción) es periférico al core del ICP de Neety (maquinaria industrial pesada, intralogística, equipos para minería/oil&gas/telecom). El ticket por operación y la complejidad del ciclo de venta son probablemente inferiores a los clientes de referencia tipo Fagor Automation o Danobat. Encuadrar como candidato de segunda línea: la estructura encaja, pero el dolor de inteligencia comercial por señales es menos agudo que en fabricantes de maquinaria de proyecto. Clasificacion LinkedIn 'Mining' es error — no confundir.","FABRICANTE confirmado: diseña y fabrica mecanismos y sistemas de toldos y pérgolas en instalaciones propias de 26.000 m2 en Alcover (Tarragona); funde aluminio e inyecta PVC (2026). | Exportador fuerte: más del 50% de la producción va a exportación, presente en más de 70 países (fuente: llaza.com, 2026). | 126 empleados (2026) — dentro del rango ICP 80-1000. | Universo de compradores amplio: vende exclusivamente a empresas profesionales de protección solar (fabricantes/instaladores de toldos) en todo el mundo — base de clientes muy distribuida. | Venta directa B2B: posicionada entre proveedores de materia prima e instaladores/fabricantes de toldos; modelo de distribución directa a profesionales. | Marca fundada en 1964, historial industrial sólido de más de 60 años.",https://www.llaza.com/la-compania/ | https://www.llaza.com/ | https://www.axesor.es/Informes-Empresas/7792301/LLAZA_WORLD_SOCIEDAD_ANONIMA.html | https://www.datoscif.es/empresa/llaza-world-sa | https://www.cepyme500.com/empresa/llaza-world-sociedad-anonima
Oculta/Telecom,Libelium,España,96,Telecommunications,B,"Libelium es un fabricante español de hardware IoT (módulos Waspmote, Plug & Sense!, router Meshlium) con sede en Zaragoza, fundado en 2006 y ~96 empleados. Exporta aproximadamente el 80% de sus ingresos a nivel global (Asia, Europa, América) y reportó un crecimiento del 40% en 2025 con ingresos estimados ~16M USD. El universo de compradores es amplio (smart cities, agricultura, medioambiente, industria, utilities). Sin embargo, el modelo de go-to-market es principalmente indirecto a través de distribuidores VAR globales, no venta directa al cliente final — lo que reduce el encaje con el ICP de Neety que busca equipos comerciales propios haciendo desarrollo de negocio directo. El ticket unitario del hardware IoT es moderado-bajo comparado con maquinaria industrial pesada. Es un fabricante legítimo y exportador, pero el canal distribuidor y el ticket moderado lo sitúan en zona media, no en el núcleo del ICP.","FABRICANTE de hardware IoT propietario: Waspmote, Plug & Sense!, Meshlium — producto físico propio, no servicio ni operador (confirmado 2025) | Exporta ~80% de ingresos — fuerte perfil exportador internacional con presencia en Asia, Europa y América (dato histórico validado) | Crecimiento del 40% en 2025 según informe anual propio publicado en libelium.com | Ingresos estimados ~16M USD (2026, ZoomInfo/Growjo) con ~96 empleados — tamaño dentro del rango ICP | Universo de compradores amplio: smart cities, agricultura, medioambiente, industria, water quality, energía — múltiples verticales",https://www.libelium.com/libeliumworld/green-book-of-iot-libelium-annual-report/ | https://www.libelium.com/iot-products/waspmote/ | https://www.libelium.com/iot-products/ | https://growjo.com/company/Libelium | https://www.businesswire.com/news/home/20140331005201/en/Libelium-Grows-its-Distribution-Network-in-Asia-Pacific-Europe-and-the-U.S.
Oculta/Utilities,ZGR Corporación,España,131,Renewables & Environment,C,"ZGR Corporación (marca Zigor) es un FABRICANTE real de equipos de electrónica de potencia — inversores fotovoltaicos, sistemas de almacenamiento, SAIs, estabilizadores, equipos para T&D industrial — con sede en Vitoria y planta de producción propia. Fundada en 1998, ~131 empleados LinkedIn (93 según otra fuente), con plan estratégico 2024-2026 que apunta a 200 M€ de facturación y expansión internacional (España, México, Colombia + Europa/Norte África/LATAM). Cumple el patrón de fabricante exportador con universo de compradores amplio (utilities, industria, renovables, movilidad eléctrica). El freno principal para ICP es que una parte relevante de su negocio sirve a utilities/distribuidoras eléctricas (Unión Fenosa, proyectos T&D), lo que puede asemejarse al perfil de proveedor de grandes cuentas concentradas. Además, la filial en EEUU fue vendida a Nextpower en mayo 2026, señal de reestructuración. La facturación estimada 2024 (~20 M€) es modesta y el tamaño aún pequeño para ciclos muy complejos, aunque el plan de crecimiento es ambicioso. Encuadrado en categoría Utilities/Renewables pero es fabricante de equipo, no operador — no es anti-ICP. Fit medio: sí es fabricante, sí exporta, sí venta directa, sí universo amplio de compradores, pero la concentración en proyectos de gran infraestructura energética y el tamaño/facturación actual reducen el fit respecto al perfil ideal.","FABRICANTE probado: amplía instalaciones propias en Córdoba (34.000 m²) para fabricar inversores centrales y sistemas de almacenamiento 1500V (julio 2024) | Exportador activo: presencia en México y Colombia con oficinas locales; plan de expansión a Europa, Norte África y LATAM (2024-2026) | Plan estratégico 2024-2026 con objetivo de 200 M€ de facturación (vs ~20 M€ en 2024): señal de ambición de crecimiento comercial agresivo | Universo de compradores amplio: industria, renovables (fotovoltaica), T&D, movilidad eléctrica — no concentrado en 5-10 cuentas | Venta directa al cliente final: proyectos en utilities, industriales, plantas solares | 131 empleados LinkedIn, dentro del rango ICP (~80-1000) | ~33 empleados dedicados a I+D+i: producto propio, no servicio | Filial USA comprada por Nextpower (mayo 2026): confirma presencia y reputación internacional del producto",https://www.estrategia.net/noticias/zgr-corporacion-amplia-sus-instalaciones-para-fabricar-en-espana-sus-nuevos-inversores-centrales-y-equipos-de-almacenamiento-de-1500-v-potencia | https://zigor.com/innovacion/zgr-consolida-su-crecimiento-con-la-inauguracion-de-una-nueva-sede-en-valencia-y-el-incremento-del-20-en-su-inversion-anual-en-idi/ | https://www.pv-magazine.es/2026/05/19/nextpower-antigua-nextracker-entra-en-la-electronica-de-potencia-con-la-compra-de-la-filial-en-ee-uu-de-zgr/ | https://www.solarnews.es/2024/07/25/zgr-corporacion-amplia-sus-instalaciones-para-fabricar-en-espana-sus-nuevos-inversores-centrales-y-equipos-de-almacenamiento-de-1500-v-potencia/ | https://zigor.com/en/innovation-en-en/estrategia-empresarial-zgr-growth/ | https://www.pv-magazine.es/2021/09/30/made-in-spain-zigor-zgr/
Oculta/Logistica,Future Fibres,España,207,Maritime Transportation,C,"Future Fibres es FABRICANTE real (no operador): diseña y produce cables compuestos de carbono y sistemas de rigging avanzado en Valencia (~207 empleados). Exporta globalmente y es líder mundial en su nicho. Tick alto, ciclo largo, venta directa a proyectos. Sin embargo, su mercado primario son armadores de yates de regata/superyates y, en menor medida, proyectos de ingeniería civil/aeroespacial. El perfil de buyer (director de proyectos náuticos, arquitecto naval, ingeniería especializada) difiere del director comercial/ventas de fabricante industrial de maquinaria que Neety tiene como ICP objetivo. Es fabricante industrial de componentes de alto rendimiento, pero su universo de clientes es muy específico y el encaje con la propuesta de valor de Neety (señales de oportunidad comercial internacional para fabricantes industriales con ciclos B2B amplios) es parcial. No es anti-ICP pero tampoco es el encaje más fuerte.","FABRICANTE propio: diseña y produce cables y sistemas de rigging en composite de carbono en sus instalaciones de Valencia (futurefibres.com/about-us, 2026) | Exportador global consolidado: se autodenomina 'world's leading supplier' de rigging compuesto, con proyectos en marine, aerospace, arquitectura y renovables (futurefibres.com, 2026) | Tamaño adecuado: ~207 empleados según LinkedIn y RocketReach (2026) | Universo de compradores amplio y diversificado: racing yachts, superyates, ingeniería civil, aeroespacial, drones HAPS (AeroVironment), arquitectura, energía renovable (futurefibres.com/industrial, 2026) | Ticket alto y ciclo largo: proyectos de ingeniería a medida, certificaciones ISO9001, AS9100, DNV (2026) | Venta directa a cliente final confirmada: proyectos propios documentados (futurefibres.com/industrial-projects, 2026) | Participante en proyectos europeos de I+D (consorcio FLOTANT - energía eólica offshore flotante) lo que indica expansión industrial activa (flotantproject.eu, 2026)",https://www.futurefibres.com/about-us/ | https://www.futurefibres.com/industrial/ | https://www.futurefibres.com/industrial-projects/ | https://rocketreach.co/future-fibres-profile_b5cda79df42e0b41 | https://flotantproject.eu/consortium/partners/ff/
Oculta/Telecom,ZUNIBAL,España,65,Satellite Telecommunications,C,"ZUNIBAL es un FABRICANTE real de hardware — boyas satelitales con sonda (FAD/dFAD) para la pesca de atún — fundado en Derio (Bizkaia) en 1995. Diseñaron e inventaron la primera boya satelital con sonda para detectar bancos de atún, y son uno de los tres grandes fabricantes globales del segmento (junto a Marine Instruments y Satlink). Exportan a más de 45 países, con clientes en flotas atuneras de todo el mundo (Vietnam, Ecuador, etc.). El universo de compradores es amplio: armadores de buques atuneros, flotas pesqueras industriales globales, todo un sector disperso. La venta directa a flotas parece el modelo. El ticket es alto (hardware + conectividad satelital por unidad, centenares de boyas por flota) y el ciclo de reposición/adopción puede ser largo. SIN EMBARGO, el encaje con el ICP de Neety es parcial: el sector es pesca/acuicultura marina, no industria manufacturera terrestre ni maquinaria/equipos industriales en sentido estricto. Los clientes objetivo de las señales comerciales (expansión internacional, nuevas licitaciones, ferias industriales) sí existen en este sector, pero es un nicho muy específico alejado del perfil habitual de directores comerciales industriales. La plantilla de ~65 empleados encaja en tamaño. Score medio-bajo por el nicho sectorial (pesca, no industria pesada/automatización/intralogística).","FABRICANTE hardware confirmado: inventores de la boya satelital con sonda para atún, patente propia (fuente SPRI, 2024) | Exporta a +45 países — vocación global desde el origen (zunibal.com, 2025) | Uno de los 3 grandes fabricantes globales de echosounder buoys junto a Marine Instruments y Satlink (The Fishing Daily, 2025) | Producto de alto valor tecnológico: Tuna8 Explorer/Xtreme con conectividad satelital y 1.440–4.320 sondeos/día | ~65 empleados, tamaño compatible con ICP (CEPYME500) | Premio Empresa Vasca 2024 por impulso a VIRALGEN — perfil de empresa industrial vasca de referencia | Adquisición de Echoview (australiana) en 2024–2025 — expansión internacional activa (ipacuicultura.com)",https://zunibal.com/en/about-us/ | https://www.spri.eus/es/blog/tecnologia-comunicacion/zunibal-nuestra-gran-aportacion-ha-sido-la-invencion-de-la-boya-satelital-con-sonda-para-detectar-bancos-de-atun-en-remoto/ | https://thefishingdaily.com/business-features/tech-features/marine-instruments-satlink-zunibal-sign-sustainable-buoy-agreement/ | https://www.cepyme500.com/empresa/zunibal | https://www.ipacuicultura.com/noticia-73088-seccion-Informes%20y%20Estudios | https://bermeotunaforum.org/zunibal-were-working-for-the-sustainability-of-seas-and-oceans-applying-advanced-technologies-to-implement-responsible-fishing-practices/?lang=en
Oculta/Logistica,ITURRI,España,930,"Transportation, Logistics, Supply Chain and Storage",C,"ITURRI es claramente un FABRICANTE (no operador/servicio): diseña y produce prendas técnicas, EPIs, calzado y vehículos especializados (camiones contraincendios, vehículos de emergencia) para Seguridad, Emergencias, Defensa y Sanidad desde 1947. Exporta a 14 países, lidera el mercado de parques de bomberos en España, Francia, Chile y Portugal, y vende directamente a ejércitos, cuerpos de seguridad y servicios de emergencia (Armada española, policías, bomberos). El ticket es alto (vehículos especiales a medida) y el ciclo de venta largo (licitaciones públicas). El universo de compradores es amplio: +10.000 clientes en 14 países, incluyendo ayuntamientos, bases militares, aeropuertos, industria privada. Los frenos para el ICP de Neety son: (1) el cliente final es principalmente el sector público/institucional (licitaciones), lo que implica inteligencia comercial muy orientada a concursos públicos, que no es el patrón principal del ICP; (2) el tamaño (~930 empleados LinkedIn, ~646 según registro 2025) está en el límite alto; (3) la mezcla producto/distribución (también comercializa equipos de terceros, no solo fabricación propia) añade algo de ruido. En conjunto es un fabricante industrial exportador sólido, pero con perfil de venta pública que lo aleja algo del patrón ideal.","Fabricante propio de vehículos contraincendios y de emergencia — diseño y producción a medida (iturri.com/en/vehicles, consultado jun-2026) | Exportador activo: presencia en 4 continentes, líder en mercado de bomberos en España, Francia, Chile y Portugal (iturri.com, jun-2026) | Más de 10.000 clientes en 14 países — universo de compradores amplio (circulodelasanidad.com, jun-2026) | Venta directa a clientes finales: Ejército, Armada, policía, bomberos, sanidad — no a distribuidores intermediarios (infodefensa.com, jun-2026) | Ticket alto y ciclo largo: vehículos especiales 6x6 para la Armada española, licitaciones de defensa (infodefensa.com, jun-2026) | Fundada en 1947, grupo familiar consolidado >75 años, ~930 empleados (LinkedIn 2026)",https://www.iturri.com/en/ | https://www.iturri.com/en/vehicles/ | https://www.iturri.com/en/solutions/specialised-vehicles-robotics/firefighting-vehicles/ | https://www.infodefensa.com/texto-diario/mostrar/3762433/armada-compra-iturri-camion-bomberos-6x6-base-rota | https://www.circulodelasanidad.com/articulos/noticias/iturri-nuestro-objetivo-es-proteger-a-las-personas
Oculta/Telecom,JSC Ingenium,España,103,Telecommunications,C,"JSC Ingenium ES fabricante/vendor (no operador): desarrolla y vende software de core 4G/5G y BSS a MNOs y MVNOs en más de 20 países. Cumple el criterio de ser el FABRICANTE del sistema, no el operador del servicio. Exporta activamente (100+ clientes en 20 países, desde Latam hasta Oriente Medio). El universo de compradores es amplio (MNOs y MVNOs globales), venta directa, ticket alto y ciclo largo propios de software de infraestructura de red. Sin embargo, el sector es Telecom Software/IT, no industria manufacturera pesada (maquinaria, equipos físicos). No encaja en el patrón de cliente de referencia Neety (Fagor, Danobat, ULMA), que son fabricantes de bienes físicos de equipo industrial. JSC Ingenium vende software/SaaS a carriers, lo que implica un perfil de comprador diferente (CTO/CIO de operadoras telecom, no director comercial industrial). La señal de inteligencia comercial por señales de negocio internacional tiene menos tracción en carriers que en fabricantes industriales que buscan proyectos de capital en mercados nuevos.","Vendor de software de core 4G/5G y BSS — FABRICANTE del producto, no operador de red (confirmado en jscingenium.com, 2026) | Presencia en más de 20 países con 100+ clientes MNO/MVNO — exportador internacional activo (jscingenium.com/en/company/, 2026) | Fundada en 1996, ~103 empleados, empresa española independiente — tamaño ICP (~80-1000 emp) | Más del 45% de recursos técnicos dedicados a I+D — empresa producto, no servicio | Venta directa a operadoras (MNOs/MVNOs) — sin canal distribuidor intermediario confirmado | Ticket alto y ciclo largo inherentes a contratos de infraestructura de core telecom (software crítico de red)",https://jscingenium.com/en/company/ | https://jscingenium.com/en/ | https://www.mwcbarcelona.com/exhibitors/33990-jsc-ingenium
Oculta/Utilities,IBERAPA | Iberica de Aparellajes,España,60,"Electric Power Transmission, Control, and Distribution",C,"IBERAPA es claramente FABRICANTE (no operador): diseña, fabrica y comercializa aparellaje eléctrico de media y alta tensión (celdas, subestaciones MT/AT, centros de transformación, interruptores automáticos para líneas aéreas, equipos para renovables) desde 1969, con ~122 empleados y planta en Valencia y Toledo. Tick industrial y ticket alto/ciclo largo confirmados. Exporta (~15% ventas, principalmente UE; filial IBERAPA ARGENTINA activa). El problema central para el ICP de Neety es el universo de compradores: sus clientes principales son grandes utilities/TSOs/DSOs como Iberdrola (proveedor destacado en el Plan Il·lumina), Endesa, REE y promotores de renovables a escala industrial. Esto implica un universo de cuentas MUY concentrado — decenas de clientes grandes, no centenares de compradores diversos —, lo cual no encaja con el perfil ""universo amplio"" que Neety necesita para que su software de señales aporte valor máximo. Además, el hecho de que Iberdrola sea cliente de referencia sugiere ventas a utilities reguladas, que tienen ciclos de compra propios y no necesariamente responden a señales de intención tipo proyecto. Encaja en forma (fabricante, exportador, B2B industrial, ticket alto) pero el universo de compradores concentrado en utilities baja materialmente el fit.","FABRICANTE confirmado: 'manufacturer of high voltage electrical control and protection equipment' — diseño, fabricación y comercialización propios (LinkedIn summary + iberapa.es) | Fundada en 1969, más de 55 años de trayectoria fabricando aparellaje MT/AT (Empresite / SumIndustria) | ~122 empleados en 2025, tamaño dentro del rango ICP (Empresite 2025) | Exporta: ~15% ventas a UE + filial IBERAPA ARGENTINA activa en Patagonia (CESCE exportadores + iberapa.es noticias) | Venta directa B2B a operadores de red y promotores de renovables — ticket alto, ciclo largo (iberapa.es/centros-transformacion) | Dos plantas productivas (Valencia y Toledo) — capacidad industrial real (iberapa.es 2024) | Participación en Cluster de la Energía (Valencia) — perfil exportador activo",https://iberapa.es/ | https://es.linkedin.com/company/iberica-de-aparellajes | https://exportadores.cesce.es/exportaciones-iberica-aparellajes | https://empresite.eleconomista.es/IBERICA-APARELLAJES.html | https://iberapa.com/iberapa-a-leading-supplier-in-iberdrolas-il-lumina-plan/ | https://iberapa.es/iberapa-se-consolida-en-sus-instalaciones-de-toledo/ | https://www.sumindustria.es/Empresa/EmpresaDetalle/1340
Oculta/Telecom,Celestia TST,España,510,Wireless Services,C,"Celestia TST es FABRICANTE de hardware IoT propio (dispositivos, módulos, sensores) diseñado y producido en Santander, España, con capacidad de hasta 100.000 unidades/año — no es un carrier ni operadora telecom. Vende soluciones end-to-end (hardware propio + software + integración) a clientes industriales en farmacia, alimentación, automoción, utilities, aeropuertos y smart cities, con venta directa. Tiene presencia internacional confirmada: delegación en Osaka (2021), y forma parte del grupo Celestia con entidades en NL, BE, FR, UK y ES. El universo de compradores es amplio y el ticket/ciclo de proyectos IoT industriales es medio-alto y largo. Sin embargo, el modelo de negocio mezcla fabricación con integración/servicio, lo que lo aleja del patrón puro de fabricante de bien de equipo (tipo Danobat, ULMA Packaging). El perfil es de fabricante-integrador, lo que supone fit medio: encaja en varios ejes ICP pero la componente de servicio/integración es prominente y puede diluir la señal de compra que captura Neety.","Fabrica hardware IoT propio diseñado y producido en Europa (Santander); capacidad hasta 100.000 unidades/año (fuente: celestia-tst.com/sobre, iagua.es 2024) | Presencia internacional activa: delegación comercial en Osaka desde 2021; grupo Celestia con sedes en NL, BE, FR, UK, ES (fuente: celestia-tst.com, pinncan.cise.es) | Clientes industriales directos en farmacia, alimentación, automoción, utilities, aeropuertos — universo de compradores amplio (fuente: iagua.es 2024) | Contrato Aena: despliegue red IoT LoRaWAN en 46 aeropuertos españoles + 2 helipuertos, inversión 3,45 M€, consorcio con Ambar Telecomunicaciones (fuente: tst-sistemas.com 2024) | ~510 empleados; miembro AESEMI (asociación española semiconductores/electrónica); IoT partner con hardware propio desde 2007 (fuente: aesemi.org, celestia-tst.com)",https://www.celestia-tst.com/en/sobre-celestia-tst | https://www.iagua.es/noticias/celestia-tst/nuestra-propuesta-valor-integra-hardware-robusto-y-fiable-plataformas-software | https://tst-sistemas.com/celestia-tst-red-iot-aena-en-espana/ | https://aesemi.org/en/celestiatst-2/ | https://pinncan.cise.es/celestia-tst-cambiar-el-modelo-de-negocio-desde-la-innovacion-y-el-iot/
Oculta/Telecom,INSTER - Grupo Oesia,España,107,Telecommunications,C,"INSTER es FABRICANTE de hardware satelital (terminales SOTM, terminales fijos y móviles para aplicaciones terrestres, navales, aeronáuticas y militares) — no operador de telecomunicaciones. Tiene producto propio (SGoSat, FoldSat, COMPAD 5G), exporta a EEUU, Alemania, Japón, Australia, EAU y Bangladesh, y opera en programas internacionales de defensa (Spainsat 2, A400M, TIGRE, Eurodron). Encaja en el patrón FABRICANTE de equipo/sistemas Telecom. Sin embargo, hay dos fricciones relevantes para el ICP de Neety: (1) el universo de compradores es ESTRECHO — principalmente fuerzas armadas nacionales e internacionales (Defensa, OTAN, gobiernos), mercado muy concentrado con ciclos de licitación institucional, lejos del amplio universo B2B industrial que busca Neety; (2) es filial de Grupo Oesía (multinacional española), lo que implica que la estrategia comercial y la inteligencia de señales probablemente estén centralizadas en la matriz, reduciendo la autonomía de INSTER como comprador independiente de herramientas outbound. Es fabricante exportador con ticket alto y ciclo largo, pero el universo de compradores concentrado en defensa institucional y la dependencia de grupo la alejan del ICP ideal.","FABRICANTE de terminales satelitales propios: SGoSat (SOTM vehicular), FoldSat (LEO/OneWeb, certificado NATO), COMPAD 5G — hardware de desarrollo propio (2022-2025) | Exportación activa confirmada: presencia en EEUU (feria SATELITE 2025, marzo 2025), Alemania (pruebas COMPAD, 2024), y mercados como Japón, Australia, EAU, Bangladesh | Integración en programas internacionales de defensa: A400M, TIGRE, C295 Maritime Patrol, Eurodron, SIRTAP, Spainsat 2 — contratos de alto valor y ciclo largo | 107 empleados — tamaño dentro del rango ICP (~80-1000) | Adquirida por Grupo Oesía en julio 2022 para reforzar comunicaciones tácticas seguras — reconocimiento de liderazgo tecnológico | Miembro de TEDAE (asociación española aeroespacial y de defensa) — posicionamiento como fabricante industrial de referencia",https://grupooesia.com/inster/ | https://grupooesia.com/noticias/grupo-oesia-consolida-sus-capacidades-en-comunicaciones-y-se-posiciona-como-el-referente-en-el-mercado-tras-adquirir-inster-a-grupo-cps/ | https://www.infodefensa.com/texto-diario/mostrar/3817006/grupo-oesia-compra-firma-terminales-satelitales-inster-refuerza-area-comunicaciones | https://www.libertaddigital.com/defensa/2025-03-12/inster-grupo-oesia-exhibe-en-estados-unidos-sus-propuestas-de-movilidad-por-satelite-para-aplicaciones-militares-7229901/ | https://www.defensa.com/industria/inster-grupo-oesia-demuestra-liderazgo-tecnologico-satelitales | https://tedae.org/en/asociado/inster-grupo-oesia/
Oculta/Telecom,FERMAX España,España,196,Telecommunications,C,"FERMAX es un fabricante genuino (no operador): diseña y fabrica videoporteros, porteros electrónicos y sistemas de control de accesos desde 1949 en Valencia. Cumple el criterio de fabricante industrial con I+D propio (75 ingenieros) y dos plantas de fabricación. Exporta a más de 85 países con 7 filiales internacionales. El universo de compradores es amplio: instaladores, distribuidores, promotoras inmobiliarias, administradores de fincas, gestores de edificios. Sin embargo, presenta señales de encaje parcial: la venta es principalmente indirecta (a través de distribuidores e instaladores), no venta directa al cliente final industrial; el producto (videoportero/intercomunicación) tiene un ticket medio-bajo por unidad aunque los proyectos grandes pueden ser de mayor volumen; el mercado es más residencial/terciario que industrial pesado. Además, la entrada de Ardian como socio mayoritario en 2025 convierte a FERMAX en una participada de private equity, lo que puede alejar el perfil de empresa familiar mediana. No encaja en el patrón núcleo del ICP (maquinaria industrial, automatización, OIL&gas, intralogística de alto ticket), pero tampoco es anti-ICP por ser operador.","FABRICANTE: diseña, fabrica y comercializa equipos propios de videoportero y control de accesos desde 1949 — ficha LinkedIn 2025 | EXPORTADOR: presencia en más de 85 países, 7 filiales internacionales y 4 oficinas de representación — fermax.com 2025 | TAMAÑO: ~550 empleados y facturación superior a 90 M€ — búsqueda web 2025 | I+D PROPIO: 75 ingenieros de I+D, dos plantas de fabricación en Valencia — fermax.com | UNIVERSO AMPLIO: instaladores, distribuidores, promotoras, gestores de edificios en todo el mundo — red distribuidores internacionales fermax.com",https://www.fermax.com/spain/corporate/sobre-fermax/presentacion/sabiasque.html | https://www.fermax.com/intl-es/sobre-fermax/actualidad/fermax-inicia-una-nueva-etapa-con-ardian-como-socio-mayoritario | https://www.fermax.com/spain/corporate/red-fermax/distribuidores-internacionales.html | https://capital-riesgo.es/es/articles/ardian-invierte-en-fermax-fabricante-espa-ol-l-der-en-tecnolog-as-de-intercomunicaci-n-dom-tica-y-control-de-accesos/
Oculta/Telecom,Televes,España,409,Telecommunications,C,"Televes es FABRICANTE genuino (código CNAE 2630, ""fabricación de equipos de telecomunicación"") con ~410 empleados, 10 filiales internacionales, presencia en +100 países y exportaciones que superaron el 50% de la facturación. Cumple el pilar de fabricante industrial exportador. Los frenos ICP son dos: (1) el universo de compradores es ESTRECHO — vende a instaladores/integradores y distribuidores especializados de señal TV/antenas, no a grandes corporaciones industriales con departamentos de compra amplios; el perfil de comprador es instalador autónomo o empresa instaladora, muy diferente al director comercial industrial que busca Neety; (2) la venta es mayoritariamente CANAL/distribución, no venta directa al cliente final. Adicionalmente, el ticket unitario de antenas, amplificadores y cabeceras SMATV es relativamente bajo y el ciclo de compra es corto para la mayoría del catálogo. No encaja con el patrón de venta compleja, ciclo largo y ticket alto de los clientes de referencia Neety (Fagor Automation, Danobat, ULMA Packaging). Es un fabricante válido pero en un segmento de consumo-instalador, no capital equipment B2B industrial.","FABRICANTE certificado: CNAE 2630 'Fabricación de equipos de telecomunicación' (fuente: eInforma/ElEconomista) | 409-410 empleados, dentro del rango ICP ~80-1000 (LinkedIn 2024) | Exportador consolidado: +100 países, 10 filiales internacionales (Portugal, Francia, UK, Italia, Alemania, Polonia, Escandinavia, EEUU, China, EAU) (fuente: televes.com/sobre-nosotros) | Exportaciones superaron el 50% de la facturación por primera vez en 2013 y se mantienen en ~43-50% (fuente: CESCE exportadores) | Facturación ~92M€ (fuente: ranking ElEconomista 2025) — empresa de tamaño real | Producto técnico propio con I+D: antenas inteligentes BOSSTech, software ASuite, amplificadores configurables por Bluetooth — marca propia con diferenciación tecnológica",https://es.wikipedia.org/wiki/Telev%C3%A9s | https://exportadores.cesce.es/exportaciones-televes | https://ranking-empresas.eleconomista.es/TELEVES.html | https://www.televes.com/es/sobre-nosotros | https://www.einforma.com/informacion-empresa/televes
Oculta/Telecom,MedUX,España,60,Telecommunications,C,"MedUX es FABRICANTE de producto propio (sondas hardware + plataforma software QoE) para el sector telecom — no es operadora ni servicio puro. Exporta activamente a +25 paises con clientes como Vodafone, Orange y reguladores gubernamentales. Cumple: fabricante propio, exportador, venta directa, ticket alto, ciclo largo. El freno principal para el ICP de Neety es que el universo de compradores es MUY CONCENTRADO (operadoras telecom + reguladores son pocos por pais; su cartera ya incluye ~60 operadores mundiales). Neety busca empresas con cientos o miles de prospectos potenciales, no decenas. Ademas no es industrial en el sentido clasico (no fabrica maquinaria, no atiende a compradores de planta/produccion). Perfil interesante pero la concentracion de mercado lo deja en zona media-baja.","FABRICANTE de producto propio: desarrolla sondas hardware (MedUX HOME, MedUX MOBILE) y plataforma software QoE — no es operadora ni reseller (medux.com, 2025) | Exportador internacional real: presencia en +25 paises (Europa, LATAM, Africa, Oriente Medio) con oficinas en Miami, Bogota, Mexico City, San Jose (medux.com/about-us) | Clientes enterprise de alto ticket: Vodafone, Orange, Telefonica, America Movil, AT&T, Millicom — contratos de licencia y servicios recurrentes | Crecimiento e internacionalizacion activa: rondas de inversion de 4,1M€ y 7,3M€ para expansion internacional (2024-2025) | Revenue >8,4M€ con ingresos recurrentes crecientes (webcapitalriesgo.com, 2025) | Venta directa B2B a operadoras y reguladores, ciclo de venta largo y complejo | Tamaño ~60 empleados — dentro del rango ICP",https://medux.com/ | https://medux.com/about-us | https://medux.com/telecom-qoe-products-testing-benchmarking-and-monitoring | https://medux.com/blog/medux-secures-eu41m-funding-round-fuel-international-growth-product-innovation | https://www.webcapitalriesgo.com/medux-capta-e73m-para-consolidar-su-negocio-internacional-lidera-bts-group-y-participa-inveready-junto-a-otros-inversores/
Oculta/Mining,Pasek,España,177,Mining,C,"Pasek es fabricante industrial exportador con universo de compradores amplio, lo que satisface los criterios basicos del ICP de Neety. Sin embargo, su producto principal son materiales refractarios (consumibles de alto volumen para hornos industriales), no equipo o sistemas complejos con ciclo de venta largo y ticket de proyecto elevado como los patrones de referencia (Fagor, Danobat, Mecalux). Ademas, una parte relevante de su negocio es la instalacion y servicio in-situ, lo que lo acerca parcialmente al perfil de servicio/EPC que Neety descarta. Encaja en lo industrial y exportador, pero no en el patron de bien de equipo/sistema de alto ciclo que Neety busca como ideal.","Fabricante confirmado de materiales refractarios (concretos, masas, preformas) con fabrica propia en Asturias, capacidad >40.000 t/año (pasek.es, 2023) | Exporta a USA, Polonia, Belgica, Portugal y a cuatro continentes en sectores blast furnace, electric arc furnace, fertilizantes (pasekgroup.com, 2023) | Clientes industriales de gran envergadura: ArcelorMittal, Acerinox, Alcoa, CELSA GROUP — universo de compradores amplio en siderurgia, fundicion, energia, vidrio (pasek.es/clients) | 177 empleados, grupo privado español con mas de 50 años de historia fundado en 1971 (LinkedIn, innovasturias.org)",https://pasekgroup.com/en/about-us/ | https://pasek.es/en/refractory/products/ | https://pasek.es/en/refractory/clients/ | https://www.innovasturias.org/socios/811
Oculta/Telecom,INTEGRASYS Group,España,61,Telecommunications,C,"INTEGRASYS es fabricante/developer de producto propio (Satmotion, CalSat, Mission Track) para el mercado satelital y broadcasting, NO operador/carrier — supera el primer filtro anti-ICP. Exporta a EMEA, LATAM, USA y Asia (SKY Perfect JSAT en Japón/Indonesia), con 10+ oficinas globales y venta directa a operadores satelitales. Ticket alto, ciclo largo. Sin embargo, tiene dos debilidades importantes: (1) el universo de compradores es ESTRECHO — los clientes son operadores satelitales, teleports y agencias espaciales, un nicho global muy concentrado, no el universo amplio de compradores que busca Neety; (2) con 61 empleados está por debajo del rango ideal (~80-1000) y es más software/engineering que fabricante de equipo industrial físico. No encaja bien en el patrón ICP de fabricante industrial (maquinaria, intralogística, equipos físicos de proceso) aunque técnicamente no es anti-ICP.","Fabricante de producto propio: Satmotion (VSAT auto-commissioning), CalSat EIRP, Mission Track — no es operador ni carrier | Exportador internacional activo: clientes en EMEA, LATAM, USA y Asia (SKY Perfect JSAT Japón/Indonesia, 2024) | 10+ oficinas globales incluyendo sede USA en Herndon VA | Fundada 1990, 30+ años de experiencia, empresa privada española (Madrid) | Venta directa a operadores satelitales y agencias espaciales | Ticket alto y ciclo largo inherente al mercado satelital B2B | Presencia en Satellite Innovation 2019 y 2022, SmallSat Europe 2026 — activa en ferias internacionales de sector",https://www.integrasys-space.com/ | https://www.integrasys-space.com/products | https://www.integrasys-space.com/customers | https://sia.org/integrasys/ | https://andaluciaaerospace.com/en/full_partners/integrasys/ | https://catalogogics.cdti.es/en/big_science_industries/integrasys-sa
"Oculta/Oil,Gas&Mining",TUBACEX,España,602,Oil and Gas,C,"TUBACEX es un FABRICANTE industrial exportador genuino y encaja perfectamente en el patrón de producto (tubos especiales CRA, alto valor, ciclo largo, venta directa a compradores globales en Oil&Gas y energía). Sin embargo, el tamaño lo excluye del ICP: con 719M EUR de facturación en 2025, cartera de pedidos de 1.266M EUR y presencia en +60 países, es una multinacional cotizada muy por encima del perfil de empresa mediana que puede beneficiarse del software de inteligencia comercial de Neety. A esta escala, o ya tiene herramientas enterprise propias o sus ciclos de venta son gestionados por Key Account Managers dedicados que no usan señales digitales para prospectar. El patrón de fabricante es correcto, el tamaño no lo es.","FABRICANTE puro: diseña y manufactura tubos de acero inoxidable sin soldadura y aleaciones CRA de alto valor añadido para Oil&Gas, energía, aeroespacial y nuclear (fuente: tubacex.com, 2025) | Exportacion masiva: >90% de la producción se destina a exportación, presencia industrial en +30 países, vende en +60 países (fuente: tubacex.com, 2025) | Universo de compradores amplio: clientes en Oil&Gas (ADNOC), petroquímica, energía, aeroespacial, nuclear — decenas de operadores globales en cartera (fuente: resultados 3T 2025) | Ticket alto y ciclo largo: cartera de pedidos de 1.266M EUR con productos de alto valor añadido y márgenes elevados (fuente: CNMV, resultados 2025) | Venta directa confirmada a operadoras energéticas y EPC contractors globales",https://www.tubacex.com/en/products-services/products/ | https://www.tubacex.com/es/tubacex-resultados-financieros-3t-2025/ | https://www.cnmv.es/webservices/verdocumento/ver?t=%7Bca7da5dc-9a8c-4573-9125-f644d2a438dd%7D | https://cronicavasca.elespanol.com/empresas/20250228/tubacex-cierra-con-un-beneficio-millones-menos/927657239_0.html
Oculta/Logistica,SOR IBERICA SA,España,75,"Transportation, Logistics, Supply Chain and Storage",C,"SOR Iberica ES fabricante (no operador) y exportador real con presencia en 32+ países y más del 50% de facturación internacional, lo que cumple los criterios básicos. Sin embargo, su producto es carrocería frigorífica para vehículos de transporte — un nicho de automoción/carrozado, no maquinaria industrial de proceso ni equipo de automatización. Su comprador es el transportista/operador logístico de frío, no una industria manufacturera, lo que aleja el perfil del ICP de Neety (señales de negocio internacional en industria). Adicionalmente, desde 2016 es filial de The Reefer Group (Miura PE), lo que reduce la autonomía en decisiones de software y presupuesto. No es anti-ICP (es fabricante exportador legítimo), pero el encaje sectorial y de ecosistema de compradores es débil respecto al patrón Fagor/Danobat/ULMA Packaging.",Fabricante de vehículos frigoríficos a medida desde 1970 (LinkedIn summary 2024) | Exporta a más de 32 países; >50% de facturación es internacional (soriberica.com) | Facturación 80M€ y 1.610 vehículos entregados en 2024 (The Reefer Group) | Planta de fabricación propia en Alzira (Valencia); fabrica carrocerías y semirremolques | Universo de compradores amplio: transportistas y operadores logísticos de temperatura controlada en toda Europa | Ticket alto y venta consultiva directa (semirremolques a medida),https://www.soriberica.com/en/home-english/ | https://www.thereefergroup.es/marcas/sor-iberica/ | https://www.linkedin.com/company/soriberica
Oculta/Logistica,INESPASA,España,145,Airlines and Aviation,C,"INESPASA es un fabricante industrial real y exportador internacional — supera los filtros de 'industrial' y 'exporter' sin problema. Sin embargo, falla en el criterio más crítico para Neety: universo de compradores. Es un proveedor Tier-2 aeroespacial clásico cuyo negocio depende de 8-10 grandes OEMs y Tier-1 (Airbus, Boeing, Bombardier, Embraer, Aernnova…). En ese modelo, el equipo comercial no prospecta cientos de cuentas — gestiona una cartera fija de relaciones de programa plurianuales. La inteligencia comercial por señales no aporta valor diferencial cuando tu universo total de clientes potenciales cabe en una hoja. Descartada por universo concentrado, no por ser operadora.","FABRICANTE real: diseño, desarrollo y fabricación de utillaje aeroespacial y mecanizado de precisión (no operador/servicio) | Exportador internacional confirmado: clientes OEM globales — Airbus (Francia/Alemania), Boeing (USA), Bombardier (Canadá), Embraer (Brasil), CTRM (Malasia) | ~145-220 empleados, rango ICP correcto | Ticket alto y ciclo largo: utillaje aeroespacial para programas A380, A350, A400M, B-777, Eurofighter — proyectos plurianuales de millones de euros | Venta directa a clientes finales OEM/Tier-1 (Airbus Defence & Space, Aernnova, Aciturri, Alestis) | Fundada 1986, empresa madura con base de programas consolidada",https://www.inespasa.com/ | https://sueloindustrial.prodetur.es/empresa/inespasa | http://aeropolis.es/inespasa-industria-especializada-en-aeronautica-_ee6.html | https://www.europages.es/INESPASA/ESP191883-000017386001.html | https://www.interempresas.net/Subcontratacion-Servicios/FeriaVirtual/Contacto-Industria-Especializada-en-Aeronautica-S-A-(INESPASA)-187903.html
Oculta/Telecom,Ignion,España,63,Wireless Services,C,"Ignion es FABRICANTE de componentes de antena (Virtual Antenna® chips para IoT), no un operador telecom. Eso lo salva del anti-ICP de operadora. Sin embargo, no encaja en el perfil ICP de Neety: (1) No es industrial en el sentido de bien de equipo/sistemas para industria manufacturera — fabrica chips electrónicos de consumo/IoT que se integran en dispositivos de todo tipo (consumer, automotive, industrial IoT). Su mercado primario son OEM/ODM de electrónica, no directores comerciales industriales. (2) Con 63 empleados y un modelo de distribución a través de distribuidores electrónicos (Richardson RFPD, Symmetry Electronics, World Micro), la venta NO es directa al cliente final industrial. (3) El ticket por componente es bajo (componentes electrónicos unitarios); aunque el volumen puede ser alto, el modelo de negocio no es de proyectos industriales de ciclo largo y ticket alto. (4) El perfil de comprador son ingenieros de diseño electrónico (OEM/ODM), no directores comerciales o de ventas de empresas industriales. Queda fuera del segmento objetivo de Neety tanto por sector (electrónica de consumo/IoT) como por canal (distribución electrónica) y perfil de comprador.","Fabricante genuino de hardware (componentes Virtual Antenna® para IoT) — no operador telecom (2024) | Exportador global: oficinas en España, USA y China; 1.500+ clientes OEM/ODM mundiales (2024) | Universo de compradores muy amplio: 1.500+ clientes OEM/ODM en todo el mundo (2024) | Más de 50 millones de dispositivos con su tecnología desplegados globalmente (2024) | 200% CAGR en ventas de componentes Virtual Antenna (dato Dealroom)",https://ignion.io/virtual-antenna/ | https://www.richardsonrfpd.com/iot-insights/virtual-antenna-technology-from-ignion/ | https://www.worldmicro.com/manufacturers/rf-frequency-saw-devices/ignion/ | https://www.symmetryelectronics.com/press/ignion-oxion-virtual-antenna/ | https://app.dealroom.co/companies/ignion
Oculta/Telecom,Golmar Sistemas de Comunicación S.A.,España,97,Telecommunications,C,"Golmar ES fabricante de hardware (videoporteros, intercomunicadores, CCTV) desde 1954 y exporta más del 65% de su producción a 55+ países — dos señales ICP sólidas. Sin embargo, su producto es para el sector RESIDENCIAL y TERCIARIO (edificios, hospitales, oficinas), no para la industria manufacturera. El canal de venta es INDIRECTO vía instaladores/distribuidores/mayoristas de material eléctrico — no vende directamente a empresas industriales. El ticket es bajo-medio (porteros electrónicos, antenas, CCTV de edificio), muy alejado del ciclo largo y ticket alto de Fagor Automation o ULMA Packaging. El buyer no es un director comercial o técnico de una empresa industrial exportadora sino un instalador o distribuidor de material eléctrico. No encaja con el perfil de señales comerciales de Neety, que apunta a fabricantes que venden maquinaria/sistemas a clientes industriales finales con ciclos largos.","Fabricante propio desde 1954 — primer intercomunicador 1955, primer videoportero 1958 (fuente: LinkedIn summary y golmar.es) | Exporta más del 65% de la producción a 55+ países desde 1968 (fuente: golmar.es/sobre-golmar) | 97-112 empleados — dentro del rango 80-1000 del ICP | Primera empresa española en desarrollar videoportero digital en 1994 — carácter innovador/tecnológico | Categoría Telecom pero perfil de fabricante de hardware, no operadora/carrier",https://golmar.es/sobre-golmar | https://www.golmar.es/home-en | https://groupsumi.es/golmar | https://www.infoconstruccion.es/empresas/golmar-sistemas-de-comunicacioacuten-sa
Oculta/Logistica,Aciturri Aeroengines,España,89,Airlines and Aviation,C,"Aciturri Aeroengines es un fabricante industrial real (componentes de precision para motores aeronauticos: palas de turbina, casings, anillos estructurales) con exportacion activa y venta directa a OEM. Cumple los ejes de fabricante/exportador/ciclo largo/ticket alto. El problema critico es el universo de compradores: sus clientes son menos de 10 OEM globales (Safran, Rolls-Royce, GE, Pratt & Whitney, ITP Aero, Airbus). Con una cartera tan concentrada la inteligencia de senales de Neety tiene poco valor — no existe una lista larga de prospectos que identificar y priorizar. Es un proveedor de primer nivel en un mercado oligopolistico, no el patron de fabricante con cientos de clientes potenciales que caracteriza el ICP de Neety.","Fabricante Tier 1/Tier 2 de componentes aeronauticos de alta precision (palas turbina, estructuras estaticas, casings) — confirmado en web corporativa 2024 | Exportador activo con plantas propias en Espana, Francia, Portugal, Brasil y Marruecos — expansion a Marruecos via adquisicion GOAM Industrie 2023 | Venta directa a grandes OEM: Safran, Rolls-Royce, GE, Pratt & Whitney, ITP Aero (fuente: aciturriaeroengines.com) | Ticket alto y ciclo largo propio del sector aeronautico de defensa/civil | ~191 empleados segun iberinform 2026 — tamano de mediana empresa industrial",https://www.aciturriaeroengines.com/en | https://www.eleconomista.es/industria/noticias/12464804/09/23/aciturri-crece-en-el-negocio-de-motores-de-avion-con-la-compra-de-una-fabrica-en-marruecos.html | https://www.iberinform.es/empresa/6574090/aciturri-aeroengines | https://www.aciturri.com/en/
"Oculta/Oil,Gas&Mining",Newtesol,España,64,Oil and Gas,C,"Newtesol es un taller especializado en soldadura overlay (recargue) y fabricación de componentes a medida para Oil&Gas y nuclear. Aunque técnicamente es un fabricante (no un operador como una petrolera o naviera), su modelo es subcontratista: aplica soldadura de recubrimiento sobre piezas de clientes como Saudi Aramco o centrales nucleares, bajo contratos EPC. No tiene un producto o sistema de catálogo propio que vender a un universo amplio de compradores. El universo de compradores es pequeño y concentrado (grandes proyectos internacionales de infraestructura energética y nuclear), lo que choca con el criterio ICP de Neety de ""universo amplio"". No encaja bien: no es anti-ICP puro (no es operador), pero sí es un subcontratista de nicho ultra-especializado con base de clientes muy estrecha. Fit débil.","Fabricante-servicio especializado en weld overlay cladding y fabricación de componentes para Oil&Gas y nuclear, NO operadora (Newtesol.com, 2025) | Contratos internacionales confirmados: Saudi Aramco Jubail Export Refinery Project (spools overlay); colaboración con empresas nucleares en Polonia (Newtesol news, 2024) | Certificaciones de alto estándar: ASME U, ASME U2, ASME NPT, ISO 19443 para fabricación de equipos a presión sector nuclear (Newtesol.com, 2025) | Venta directa a grandes clientes industriales internacionales (Saudi Aramco, centrales nucleares) | 64 empleados (LinkedIn); ciclo de venta largo y ticket alto dado los contratos de ingeniería nuclear y Oil&Gas",https://newtesol.com/en/ | https://newtesol.com/en/company/ | https://newtesol.com/en/newtesol-successfully-completes-weld-overlaid-spools-contract-for-the-saudiaramco-jubail-export-refinery-project/ | https://subcontex.camara.es/en/company/newtesol-nuevas-tecnologias-de-soldadura-sl | https://www.fluidexspain.com/en/asociados/newtesol/
Oculta/Logistica,Grupo INMAPA,España,191,Airlines and Aviation,C,"Grupo INMAPA es un fabricante metalmecánico real (mecanizado CNC de piezas estructurales aeronáuticas, utillajes, instalaciones industriales) con +50 años de historia, ~191 empleados y presencia en sectores industriales duros (aeronáutica, defensa, naval, ferroviario). Cumple ""industrial"" y ""fabricante"" — no es un operador de servicios. Sin embargo, su modelo de negocio encaja mal con el ICP de Neety: es un SUBCONTRATISTA Tier-1/Tier-2 que fabrica piezas y componentes por pedido para un puñado de grandes OEM (Airbus, Aernnova, CAF, Navantia, Siemens Gamesa). El universo de compradores es extremadamente estrecho — unos pocos clientes estratégicos concentrados — y la venta no es directa al usuario final sino a integradores/OEM. Neety busca fabricantes de equipos o sistemas completos (maquinaria, automatización, intralogística) con universo amplio de clientes finales industriales. INMAPA no encaja en ese patrón: no vende un producto/equipo propio a múltiples compradores finales, sino que suministra componentes mecanizados a grandes cadenas de suministro aeroespaciales.","Fabricante metalmecánico real: mecanizado CNC de piezas estructurales aeronáuticas hasta 10 metros en aluminio y aluminio-litio (ficha LinkedIn, 2024) | Clientes industriales de alto nivel: Airbus, Aernnova, Embraer, Aciturri, CAF, Navantia, Siemens Gamesa, Renault (interempresas.net, 2023) | Presencia internacional como Tier-1/Tier-2 en programas globales de aeronáutica y defensa (inmapa.com, 2024) | ~191 empleados, crecimiento de plantilla +10% (LinkedIn, 2024) | Alta complejidad técnica: NDT, tratamientos superficiales, metrología — ticket alto confirmado (intermaher.com, 2023)",https://www.inmapa.com/ | https://www.interempresas.net/Aeronautica/388983-Grupo-Inmapa-continua-su-liderazgo-apoyandose-en-hyperMILL.html | https://www.intermaher.com/es/noticias/reportaje-de-grupo-inmapa-aeronautica | https://www.space-aero.org/en/member/inmapa/ | https://es.linkedin.com/company/grupo-inmapa
Oculta/Logistica,"Mecanizaciones Aeronáuticas, S.A. (MASA)",España,106,Airlines and Aviation,C,"MASA es fabricante industrial real (mecanizado CNC de piezas estructurales aeronáuticas en aluminio, titanio y acero inoxidable) y exportador activo con certificaciones EN9100/ISO9001. Sin embargo, encaja en el patrón de SUBCONTRATISTA TIER-2 de la industria aeronáutica: fabrica piezas para programas como Airbus/Boeing, no vende un producto/equipo propio a un universo amplio de compradores industriales. Su universo de clientes es extremadamente concentrado (3-5 grandes OEMs aeronáuticos globales). No hay venta directa consultiva B2B a cientos de compradores — el negocio es relacional y por contrato de programa a largo plazo con muy pocos integradores. Esto es lo opuesto al perfil ICP de Neety, que requiere universo amplio (>50-100 cuentas target) para que las señales comerciales tengan valor. Con 263 empleados y ventas >30M€ (2024, +10% YoY) tiene el tamaño, pero el modelo de negocio no encaja.","Fabricante industrial real: mecanizado CNC de grandes piezas estructurales aeronáuticas (wing covers, spars, ribs, fuselage panels) en Al, Ti y acero inoxidable (masa.aero, 2024) | Exportador activo con actividad internacional de importación y exportación confirmada (Informa D&B, 2024) | 263 empleados y ventas >30M€ con crecimiento del 10% en ventas y 17% en beneficios vs 2023 (Empresite/CEPYME500, 2024) | Certificaciones EN9100/ISO9001/ISO14001 — estándar de calidad aeronáutico internacional (masa.aero, 2024) | Fundada en 1982, empresa consolidada con planta especializada en tratamientos superficiales y pintura desde 1999 (masa.aero)",https://masa.aero/?lang=en | https://masa.aero/programmes-and-customers/?lang=en | https://www.cepyme500.com/empresa/mecanizaciones-aeronauticas-sa | https://empresite.eleconomista.es/MECANIZACIONES-AERONAUTICAS.html | https://www.airframer.com/direct_detail.html?company=121523
Oculta/Utilities,NABRAWIND,España,85,Renewables & Environment,C,"NABRAWIND es fabricante tecnológico de componentes para aerogeneradores XXL (palas modulares Nabrajoint, torres auto-erigibles Nabralift), con 85 empleados, con base en Navarra. Es claramente fabricante de equipo, no operador. Exporta el 96% de su facturación, mayoritariamente fuera de la UE — señal exportadora muy fuerte. Sin embargo, el universo de compradores es extremadamente concentrado: sus clientes son los grandes OEMs de turbinas eólicas (Vestas, Siemens Gamesa, GE, Goldwind…), que son un puñado de cuentas globales. Esto es lo opuesto al 'universo amplio' del ICP de Neety. Además, en octubre 2025 fue adquirida por la multinacional australiana Fortescue, lo que la convierte en filial de extranjera — anti-ICP directo. La inteligencia comercial por señales no encaja bien cuando el pipeline tiene 5-10 OEM mundiales y la prospección es puramente relacional/corporativa.","Fabricante de equipo/tecnología para aerogeneradores XXL: palas modulares Nabrajoint y torres Nabralift (auto-erigibles hasta 200m) | Exporta el 96% de su facturación, 95% fuera de la UE (dato verificado en prensa 2022-2025) | 85 empleados — tamaño dentro del rango ICP (~80-1000) | Instalaciones piloto en Marruecos, Namibia, China, Francia — presencia internacional real | Ticket alto y ciclo largo: contratos con grandes OEMs de turbinas eólicas",https://www.energias-renovables.com/eolica/la-navarra-nabrawind-instala-el-aerogenerador-mas-20220223 | https://navarra.okdiario.com/articulo/sociedad/multinacional-australiana-compra-empresa-navarra-que-construye-torres-eolicas-mas-altas-mundo/20251002114830617829.html | https://aeeolica.org/nabrawind-desarrolla-la-primera-pala-modular-comercial-nabrajoint-para-uno-de-los-principales-fabricantes-de-aerogeneradores/ | https://www.energias-renovables.com/eolica/el-fabricante-navarro-de-torres-eolicas-nabrawind-20240108
Oculta/Mining,SAKANA Group,España,79,Mining,C,"SAKANA Group es un fabricante industrial real y exportador solido, pero su modelo es el de un subproveedor de componentes de fundicion para un puñado de OEM globales (aerogeneradores, turbinas, etc.). El universo de compradores potenciales es estrecho — decenas de grandes fabricantes mundiales, no cientos o miles de cuentas objetivo. No tiene el perfil de empresa que usa inteligencia comercial por senales para identificar oportunidades nuevas: sus ciclos de venta son relacionales y de largo plazo con clientes ya consolidados. El valor de Neety (detectar señales de proyecto/intencion en un universo amplio de cuentas) no encaja con este modelo. Descartado por universo de compradores estrecho y ausencia de necesidad de prospecting activo.","FABRICANTE de grandes piezas de fundicion de hierro gris/nodular (hasta 100 t), con mas de 50 años de historia industrial desde Lakuntza, Navarra | Exportacion ~80% de produccion; clientes en Europa y USA; logistica via puerto de Bilbao | Facturacion >60M EUR; ~79-199 empleados segun fuentes | Sectores de alto valor: aerogeneradores, turbinas de gas, maquina-herramienta, compresores oil&gas, motores marinos — piezas de alto contenido tecnologico y ticket elevado | Primera fundicion europea en desarrollar componentes para energia eolica (segun Enercluster/ANEL)",https://sakanacoop.com/en/sakana-group-en/ | https://anel.es/sakana-group-cooperativismo-e-inversiones-para-una-fundicion-en-evolucion/ | https://www.enercluster.com/en/sakana-group-2/ | https://navarracapital.es/sakana-s-coop-ejemplo-de-diversificacion-e-internacionalizacion/ | https://export.navarra.net/paghtml/sakan.htm
Oculta/Telecom,Keonn Technologies,España,89,Telecommunications,C,"Keonn Technologies es un fabricante real de hardware y sistemas RFID (antenas, readers, multiplexers, encoders, sistemas de inventario automatizado para retail). Tiene presencia internacional —vende en más de 100 países— y fue adquirida por Novanta en abril 2025 por ~70-90M$. Sin embargo, falla en dos dimensiones clave del ICP de Neety: (1) su mercado es retail/consumer, no industrial; los clientes objetivo son tiendas de moda, supermercados y puntos de venta, no directores comerciales de empresas industriales exportadoras. (2) El canal de venta es indirecto a través de una red de integradores de sistemas (system integrators), no venta directa al cliente final. Adicionalmente, tras la adquisición por Novanta (cotizada en NASDAQ, group de tecnología médico-quirúrgica y de precisión) es ya filial de multinacional extranjera. Los tres factores combinados —sector retail, canal indirecto y filial extranjera— lo alejan del patrón ICP de Neety.","Fabricante real de hardware RFID: antenas, readers, multiplexers, sistemas de inventario automatizado (no operador ni distribuidor) | Exportador internacional consolidado: vende en más de 100 países con oficina en España (Barcelona) y EE.UU. (Coral Springs, FL) | Tamaño adecuado: ~50-89 empleados en el momento de la adquisición (2025) | Crecimiento fuerte: +83% de ingresos en el último año antes de la adquisición (2024-2025) | Ticket medio-alto con ciclo de venta complejo: sistemas integrados RFID para retail a escala",https://keonn.com/company/ | https://therfidstore.eu/en/brand/21-keonn-technologies | https://www.impinj.com/partners/keonn-technologies-sl | https://www.highperformr.ai/company/keonn
Oculta/Logistica,Grupo Castrosua,España,108,Truck Transportation,C,"Castrosua es fabricante real de carrocerías de autobús/autocar desde 1948 (~108 empleados, Santiago de Compostela), exporta ~30% de su producción principalmente a la UE. Cumple los ejes de fabricante industrial, exportador, ticket alto y ciclo largo. Sin embargo, su universo de compradores es estructuralmente estrecho: los clientes son operadores de transporte público (EMT, TMB, Transdev, Arriva, empresas de autocares) — pocas decenas de flotas por país, con adjudicaciones frecuentemente por licitación pública. No es el universo amplio de cientos de compradores potenciales que necesita la inteligencia comercial por señales de Neety. El modelo no genera el volumen de señales de oportunidad dispersas que hace valioso el producto. Weak, no anti-ICP, porque sí es fabricante exportador con ciclo largo; pero el universo concentrado lo descarta como prioritario.","Fabricante de carrocerías de autobús/autocar desde 1948 — producto físico industrial real, no operador ni servicio | Exporta ~30% de producción a mercados internacionales, principalmente UE (dato: web corporativa castrosua.com) | ~108 empleados — tamaño de empresa mediana alineado con rango ICP | Ticket alto y ciclo de venta largo inherentes al producto (carrocerías de autobús a medida) | Venta directa a clientes finales (operadores de transporte), sin distribuidores intermedios relevantes",https://www.castrosua.com/en/about-us/ | https://exportadores.cesce.es/exportaciones-carrocera-castrosua | https://www.castrosua.com/carrocerias-made-in-spain-historia-y-referente-de-calidad/
Oculta/Oil&Gas,TECPESA,España,60,Oil and Gas,C,"TECPESA tiene una capa real de fabricación (maquinaria hot-tap, fittings, PIG launchers) y exporta fuertemente, pero su ADN es el de una empresa de SERVICIOS ESPECIALIZADOS en pipeline: diseña, fabrica Y ejecuta las intervenciones en campo. El modelo de negocio se asemeja más a una ingeniería-EPC especializada que a un fabricante de bien de equipo con catálogo y red de distribución. El universo de compradores es muy estrecho (operadoras de gasoductos y redes de distribución de gas/petróleo), lo que contradice el criterio ICP de compradores amplios. Con 60 empleados y presencia global vía subsidiarias de servicio, el perfil no encaja en el patrón Fagor/ULMA/CMZ. Se descarta como weak — no es anti_icp absoluto porque sí fabrica algo, pero tampoco es el fabricante industrial de catálogo que Neety busca.","Fabrica maquinaria y fittings propios para hot-tap y linestop (tapping machines, hydraulic linestop cylinders, slim valves, PIG launchers, pressure vessels) | Exportación significativa: 80% de ingresos fuera de España (Canada, Australia, India, UAE, Turquía, Mexico, Brasil) | Subsidiarias propias en varios países (Dubai, Turquía, Francia, México, Brasil) | Ticket alto y ciclo largo por naturaleza de proyectos en infraestructura oil&gas | ~60 empleados, empresa independiente española (no filial extranjera)",https://tecpesa.com/ | https://tecpesa.com/company/ | https://tecpesa.com/products/ | https://es.linkedin.com/company/tecpesa-s.a. | https://www.gulfoilandgas.com/webpro1/prod1/suppliercat.asp?sid=9743
Oculta/Logistica,ALFER METAL S.L.,España,69,Maritime,C,"ALFER METAL S.L. (CIF B36192870, Moraña, Pontevedra) es fabricante de estructuras metálicas para puertos y marinas (CNAE 2511), no un operador de servicios marítimos — supera el test fabricante vs. operador. Sin embargo, acumula señales críticas de descarte: la empresa pasó por concurso de acreedores cerrado en noviembre 2022 y los registros públicos la señalan como posiblemente extinguida (última cuenta depositada 2017). Solo 69 empleados (borde bajo del rango ICP). No hay evidencia de exportación ni de actividad comercial internacional. El universo de compradores (puertos y marinas en España) es estrecho y concentrado geográficamente. Sin web propia identificable ni señales de desarrollo de negocio activo. El conjunto apunta a empresa inactiva o en liquidación, lo que la descarta operativamente con independencia del encaje de perfil.","Fabricante de estructuras metálicas para puertos/marinas (CNAE 2511) — actividad industrial de fabricación, no operadora de servicios marítimos (LinkedIn 2024) | 69 empleados registrados en LinkedIn — dentro del rango de tamaño ICP aunque en el límite bajo | Presencia en sector naval/portuario con potencial de ticket alto en infraestructura de puertos",https://www.datoscif.es/empresa/alfer-metal-sl | https://www.axesor.es/Informes-Empresas/602625/ALFER_METAL_SL.html | https://www.linkedin.com/company/alfer-metal-puertos-y-marinas
Oculta/Mining,Grupo Sopena,España,78,Mining,C,"Grupo Sopena es fabricante de sistemas de carpinteria de aluminio (ventanas, puertas, barandillas, muros cortina, persianas) con proceso productivo propio desde 1968: extrusion, lacado, anodizado. Es fabricante real, no operador. Sin embargo, NO encaja en el ICP de Neety: su sector es construccion/arquitectura, no industrial pesado. La clasificacion de LinkedIn como 'Mining' es un error de categoria. No fabrica equipos para mineria, oil&gas, intralogistica ni telecom. Su canal incluye distribuidores (no venta directa pura). El ticket y ciclo de compra de perfiles de aluminio para construccion no responde al patron de bien de equipo industrial de alta complejidad. Exportador con mas de 25 anos de actividad internacional, pero fuera del perimetro vertical del ICP.","Fabricante con proceso productivo propio desde 1968 (extrusion, lacado, anodizado) | Actividad exportadora consolidada de mas de 25 anos segun web corporativa | Universo de compradores amplio (carpinterias, promotoras, constructoras) | ~78 empleados, talla adecuada para ICP en terminos de headcount",https://www.gruposopena.com/ | https://www.gruposopena.com/export.php | https://www.construnario.com/catalogo/grupo-sopena/productos | https://es.linkedin.com/company/gruposopena
